ISO-10303-21;
HEADER;
FILE_DESCRIPTION (( 'STEP AP214' ),
    '1' );
FILE_NAME ('limit_breakout_case_item.STEP',
    '2024-01-30T18:07:55',
    ( '' ),
    ( '' ),
    'SwSTEP 2.0',
    'SolidWorks 2024',
    '' );
FILE_SCHEMA (( 'AUTOMOTIVE_DESIGN' ));
ENDSEC;

DATA;
#1 = EDGE_LOOP ( 'NONE', ( #5598, #7228, #3154, #2294 ) ) ;
#2 = DIRECTION ( 'NONE',  ( -0.000000000000000000, -0.000000000000000000, 1.000000000000000000 ) ) ;
#3 = EDGE_CURVE ( 'NONE', #499, #3951, #2024, .T. ) ;
#4 = DIRECTION ( 'NONE',  ( 1.000000000000000000, 0.000000000000000000, 0.000000000000000000 ) ) ;
#5 = CARTESIAN_POINT ( 'NONE',  ( 58.86758300680656220, -233.2023343086866873, -35.21179204452183598 ) ) ;
#6 = AXIS2_PLACEMENT_3D ( 'NONE', #5687, #9124, #1404 ) ;
#7 = CARTESIAN_POINT ( 'NONE',  ( 58.76115745022642045, -285.8044180204151985, -37.89721624857200055 ) ) ;
#8 = CYLINDRICAL_SURFACE ( 'NONE', #1616, 3.250000000000002665 ) ;
#9 = ORIENTED_EDGE ( 'NONE', *, *, #3947, .F. ) ;
#10 = VERTEX_POINT ( 'NONE', #2812 ) ;
#11 = ORIENTED_EDGE ( 'NONE', *, *, #9176, .F. ) ;
#12 = EDGE_CURVE ( 'NONE', #9628, #2121, #6236, .T. ) ;
#13 = EDGE_LOOP ( 'NONE', ( #298, #7895, #7092, #10332 ) ) ;
#14 = CIRCLE ( 'NONE', #2704, 1.000000000000000888 ) ;
#15 = CARTESIAN_POINT ( 'NONE',  ( 15.86339025874050357, -238.3032226865937844, -40.41585115743468748 ) ) ;
#16 = CARTESIAN_POINT ( 'NONE',  ( 29.78088215633500369, -284.1820313402290026, -34.71798626738900140 ) ) ;
#17 = CARTESIAN_POINT ( 'NONE',  ( 16.13234855165202575, -287.1010013926475040, -39.70114985179984757 ) ) ;
#18 = DIRECTION ( 'NONE',  ( 1.000000000000000000, 0.000000000000000000, 0.000000000000000000 ) ) ;
#19 = DIRECTION ( 'NONE',  ( 0.000000000000000000, -1.000000000000000000, 0.000000000000000000 ) ) ;
#20 = CARTESIAN_POINT ( 'NONE',  ( 54.75692511736471602, -241.7047592498753943, -25.49402922841871799 ) ) ;
#21 = DIRECTION ( 'NONE',  ( -0.5773502691896257311, -0.5773502691896257311, 0.5773502691896257311 ) ) ;
#22 = VECTOR ( 'NONE', #6561, 1000.000000000000000 ) ;
#23 = DIRECTION ( 'NONE',  ( 0.000000000000000000, 0.000000000000000000, 1.000000000000000000 ) ) ;
#24 = EDGE_CURVE ( 'NONE', #2321, #3211, #6244, .T. ) ;
#25 = DIRECTION ( 'NONE',  ( 1.000000000000000000, 0.000000000000000000, 0.000000000000000000 ) ) ;
#26 = ORIENTED_EDGE ( 'NONE', *, *, #7518, .F. ) ;
#27 = EDGE_CURVE ( 'NONE', #9638, #789, #114, .T. ) ;
#29 = EDGE_CURVE ( 'NONE', #3296, #5853, #3158, .T. ) ;
#28 = VERTEX_POINT ( 'NONE', #10689 ) ;
#30 = ORIENTED_EDGE ( 'NONE', *, *, #1371, .T. ) ;
#31 = CARTESIAN_POINT ( 'NONE',  ( 38.78088215633500369, -258.4950313402289908, -23.81798626738900282 ) ) ;
#32 = CARTESIAN_POINT ( 'NONE',  ( 17.16863366380773215, -240.2751214056053755, -36.38536723224916614 ) ) ;
#33 = AXIS2_PLACEMENT_3D ( 'NONE', #8912, #342, #8692 ) ;
#34 = DIRECTION ( 'NONE',  ( 1.000000000000000000, 0.000000000000000000, 0.000000000000000000 ) ) ;
#35 = CARTESIAN_POINT ( 'NONE',  ( 38.84338215633501079, -315.6320313402289912, -33.11798626738899998 ) ) ;
#36 = CARTESIAN_POINT ( 'NONE',  ( 15.91767081588299071, -291.2799522542085242, -40.21785395218345371 ) ) ;
#37 = CARTESIAN_POINT ( 'NONE',  ( 25.40588215633500369, -262.1950313402289794, -26.81798626738900282 ) ) ;
#38 = DIRECTION ( 'NONE',  ( 0.000000000000000000, 0.000000000000000000, 1.000000000000000000 ) ) ;
#39 = AXIS2_PLACEMENT_3D ( 'NONE', #7407, #7352, #10840 ) ;
#40 = ADVANCED_FACE ( 'NONE', ( #9790 ), #9896, .F. ) ;
#41 = ORIENTED_EDGE ( 'NONE', *, *, #9380, .F. ) ;
#42 = ORIENTED_EDGE ( 'NONE', *, *, #9951, .F. ) ;
#43 = PLANE ( 'NONE',  #3934 ) ;
#44 = CARTESIAN_POINT ( 'NONE',  ( 44.93088215633500226, -244.8140313402290076, -24.31798626738900282 ) ) ;
#45 = DIRECTION ( 'NONE',  ( 0.000000000000000000, 0.000000000000000000, -1.000000000000000000 ) ) ;
#46 = CARTESIAN_POINT ( 'NONE',  ( 18.78088215633500013, -266.1320313402289912, -38.11798626738899998 ) ) ;
#47 = DIRECTION ( 'NONE',  ( 0.000000000000000000, -1.000000000000000000, 0.000000000000000000 ) ) ;
#48 = CARTESIAN_POINT ( 'NONE',  ( 59.97551086072660809, -230.9865468408118261, -38.36417024951493460 ) ) ;
#49 = CIRCLE ( 'NONE', #3992, 8.000000000000007105 ) ;
#50 = DIRECTION ( 'NONE',  ( 0.000000000000000000, 0.7071067811865474617, 0.7071067811865474617 ) ) ;
#51 = CARTESIAN_POINT ( 'NONE',  ( 53.78088215633500369, -266.1320313402289912, -23.81798626738900282 ) ) ;
#52 = LINE ( 'NONE', #9730, #6631 ) ;
#53 = VERTEX_POINT ( 'NONE', #8265 ) ;
#54 = ORIENTED_EDGE ( 'NONE', *, *, #10682, .T. ) ;
#55 = ORIENTED_EDGE ( 'NONE', *, *, #4632, .F. ) ;
#56 = AXIS2_PLACEMENT_3D ( 'NONE', #2646, #4338, #6089 ) ;
#57 = ORIENTED_EDGE ( 'NONE', *, *, #422, .T. ) ;
#58 = PLANE ( 'NONE',  #6279 ) ;
#59 = ORIENTED_EDGE ( 'NONE', *, *, #11040, .T. ) ;
#60 = LINE ( 'NONE', #2758, #5394 ) ;
#61 = CARTESIAN_POINT ( 'NONE',  ( 51.03088215633499658, -266.1320313402289912, -33.11798626738899998 ) ) ;
#62 = VECTOR ( 'NONE', #7670, 1000.000000000000000 ) ;
#63 = DIRECTION ( 'NONE',  ( 0.000000000000000000, 0.000000000000000000, 1.000000000000000000 ) ) ;
#64 = AXIS2_PLACEMENT_3D ( 'NONE', #4884, #6576, #549 ) ;
#65 = CARTESIAN_POINT ( 'NONE',  ( 58.85373926785572252, -285.8286766540536519, -37.89029867150636477 ) ) ;
#66 = CARTESIAN_POINT ( 'NONE',  ( 53.78088215633500369, -205.8820313402289912, 105.9245421747346825 ) ) ;
#67 = DIRECTION ( 'NONE',  ( 0.9940455301706853097, -0.1089655172413785539, -1.149596078251265274E-15 ) ) ;
#68 = ORIENTED_EDGE ( 'NONE', *, *, #7861, .T. ) ;
#69 = ORIENTED_EDGE ( 'NONE', *, *, #2706, .T. ) ;
#70 = VERTEX_POINT ( 'NONE', #10851 ) ;
#71 = EDGE_LOOP ( 'NONE', ( #2810, #2725, #1858, #9442 ) ) ;
#72 = CIRCLE ( 'NONE', #8164, 1.500000000000001332 ) ;
#73 = VECTOR ( 'NONE', #1056, 1000.000000000000000 ) ;
#74 = CARTESIAN_POINT ( 'NONE',  ( 15.87390141301567681, -236.9211943194707715, -40.02918364634726345 ) ) ;
#75 = CYLINDRICAL_SURFACE ( 'NONE', #5612, 3.250000000000002665 ) ;
#76 = CARTESIAN_POINT ( 'NONE',  ( 17.14370401867490656, -286.8122975774920747, -38.40646143490089770 ) ) ;
#77 = CARTESIAN_POINT ( 'NONE',  ( 57.44588215633498862, -237.2108035506304873, -23.81798626738900282 ) ) ;
#78 = EDGE_CURVE ( 'NONE', #5474, #804, #4664, .T. ) ;
#79 = PLANE ( 'NONE',  #2784 ) ;
#80 = CARTESIAN_POINT ( 'NONE',  ( 53.78088215633500369, -197.8820313402289912, -41.11798626738899287 ) ) ;
#81 = CARTESIAN_POINT ( 'NONE',  ( 32.63088215633499800, -279.5760313402290080, -26.81798626738900282 ) ) ;
#82 = VECTOR ( 'NONE', #10322, 1000.000000000000000 ) ;
#83 = FACE_OUTER_BOUND ( 'NONE', #5572, .T. ) ;
#84 = DIRECTION ( 'NONE',  ( 0.000000000000000000, -1.000000000000000000, 0.000000000000000000 ) ) ;
#85 = EDGE_LOOP ( 'NONE', ( #5446, #1907, #6489, #419, #10480 ) ) ;
#86 = ORIENTED_EDGE ( 'NONE', *, *, #6598, .F. ) ;
#87 = CARTESIAN_POINT ( 'NONE',  ( 15.92318733555426391, -236.5070264994898253, -39.64262565552419915 ) ) ;
#88 = PRODUCT_DEFINITION_SHAPE ( 'NONE', 'NONE',  #4210 ) ;
#89 = EDGE_CURVE ( 'NONE', #9055, #2188, #5685, .T. ) ;
#90 = CARTESIAN_POINT ( 'NONE',  ( 27.90588215633500369, -306.7570313402290481, -23.81798626738900282 ) ) ;
#91 = CARTESIAN_POINT ( 'NONE',  ( 18.59556997232083830, -293.8495790174596891, -35.25648523198839257 ) ) ;
#92 = EDGE_CURVE ( 'NONE', #7322, #9967, #9104, .T. ) ;
#93 = CARTESIAN_POINT ( 'NONE',  ( 16.93381942451456723, -284.7290028826471371, -38.74711484126353866 ) ) ;
#94 = EDGE_CURVE ( 'NONE', #1424, #10913, #294, .T. ) ;
#95 = FACE_OUTER_BOUND ( 'NONE', #10534, .T. ) ;
#96 = CARTESIAN_POINT ( 'NONE',  ( 29.65588215633500369, -252.2370313402290094, -23.81798626738900282 ) ) ;
#97 = EDGE_CURVE ( 'NONE', #7106, #6901, #6405, .T. ) ;
#98 = ORIENTED_EDGE ( 'NONE', *, *, #6627, .F. ) ;
#99 = EDGE_LOOP ( 'NONE', ( #7206, #2612 ) ) ;
#100 = CARTESIAN_POINT ( 'NONE',  ( 23.85807684609871160, -234.8820313402289912, -24.56579157762529420 ) ) ;
#101 = FACE_OUTER_BOUND ( 'NONE', #9249, .T. ) ;
#102 = DIRECTION ( 'NONE',  ( -0.000000000000000000, -0.000000000000000000, 1.000000000000000000 ) ) ;
#103 = CARTESIAN_POINT ( 'NONE',  ( 18.09648056010458106, -286.1909490784685772, -35.50412903911625762 ) ) ;
#104 = DIRECTION ( 'NONE',  ( 1.000000000000000000, 0.000000000000000000, 0.000000000000000000 ) ) ;
#105 = CARTESIAN_POINT ( 'NONE',  ( 60.73257511706481893, -232.1813046606346234, -38.83163902840203008 ) ) ;
#106 = DIRECTION ( 'NONE',  ( 1.000000000000000000, 0.000000000000000000, 0.000000000000000000 ) ) ;
#107 = EDGE_CURVE ( 'NONE', #8473, #1450, #4251, .T. ) ;
#108 = PLANE ( 'NONE',  #8127 ) ;
#109 = DIRECTION ( 'NONE',  ( -0.000000000000000000, -0.000000000000000000, 1.000000000000000000 ) ) ;
#110 = ORIENTED_EDGE ( 'NONE', *, *, #10250, .F. ) ;
#111 = ORIENTED_EDGE ( 'NONE', *, *, #8289, .F. ) ;
#112 = ORIENTED_EDGE ( 'NONE', *, *, #8145, .T. ) ;
#113 = CARTESIAN_POINT ( 'NONE',  ( 44.93088215633500226, -252.2140313402290133, -26.81798626738900282 ) ) ;
#114 = LINE ( 'NONE', #3546, #3708 ) ;
#115 = CARTESIAN_POINT ( 'NONE',  ( 58.78088215633499658, -326.3820313402290481, -41.11798626738899287 ) ) ;
#116 = FACE_OUTER_BOUND ( 'NONE', #8169, .T. ) ;
#117 = CARTESIAN_POINT ( 'NONE',  ( 58.55644444652058667, -233.1052328994957747, -35.13812361597665301 ) ) ;
#118 = DIRECTION ( 'NONE',  ( 1.000000000000000000, 0.000000000000000000, 0.000000000000000000 ) ) ;
#119 = CARTESIAN_POINT ( 'NONE',  ( 33.86421548966834649, -259.7283646735622824, -25.55131960072230157 ) ) ;
#120 = ORIENTED_EDGE ( 'NONE', *, *, #5006, .F. ) ;
#121 = ORIENTED_EDGE ( 'NONE', *, *, #5245, .F. ) ;
#122 = ORIENTED_EDGE ( 'NONE', *, *, #4113, .F. ) ;
#123 = ORIENTED_EDGE ( 'NONE', *, *, #7601, .F. ) ;
#124 = CARTESIAN_POINT ( 'NONE',  ( 17.70024855998824265, -233.5843303856173634, -38.09137245426307317 ) ) ;
#125 = LINE ( 'NONE', #9536, #6161 ) ;
#126 = VECTOR ( 'NONE', #9501, 1000.000000000000000 ) ;
#127 = CARTESIAN_POINT ( 'NONE',  ( 20.90588215633500369, -282.6898115188659517, -33.11798626738899998 ) ) ;
#128 = PLANE ( 'NONE',  #5841 ) ;
#129 = CARTESIAN_POINT ( 'NONE',  ( 53.68190970586179844, -238.9739278423363373, -24.41901381691580042 ) ) ;
#130 = FACE_OUTER_BOUND ( 'NONE', #6442, .T. ) ;
#131 = LINE ( 'NONE', #3565, #1076 ) ;
#132 = EDGE_LOOP ( 'NONE', ( #7376, #1931 ) ) ;
#133 = ORIENTED_EDGE ( 'NONE', *, *, #4957, .F. ) ;
#134 = ORIENTED_EDGE ( 'NONE', *, *, #7044, .T. ) ;
#135 = AXIS2_PLACEMENT_3D ( 'NONE', #6720, #5817, #3958 ) ;
#136 = EDGE_CURVE ( 'NONE', #9090, #7688, #2789, .T. ) ;
#137 = LINE ( 'NONE', #9709, #5953 ) ;
#138 = DIRECTION ( 'NONE',  ( 0.000000000000000000, 1.000000000000000000, 0.000000000000000000 ) ) ;
#139 = CARTESIAN_POINT ( 'NONE',  ( 15.94494047360610622, -289.5502622146347562, -39.68314362358877645 ) ) ;
#140 = DIRECTION ( 'NONE',  ( 1.000000000000000000, 0.000000000000000000, 0.000000000000000000 ) ) ;
#141 = CIRCLE ( 'NONE', #2468, 4.250000000000003553 ) ;
#142 = DIRECTION ( 'NONE',  ( -1.000000000000000000, 0.000000000000000000, -0.000000000000000000 ) ) ;
#143 = DIRECTION ( 'NONE',  ( 1.000000000000000000, 0.000000000000000000, 0.000000000000000000 ) ) ;
#144 = DIRECTION ( 'NONE',  ( 0.000000000000000000, 0.000000000000000000, 1.000000000000000000 ) ) ;
#145 = EDGE_CURVE ( 'NONE', #3728, #450, #3078, .T. ) ;
#146 = VERTEX_POINT ( 'NONE', #6518 ) ;
#147 = CARTESIAN_POINT ( 'NONE',  ( 22.71258879559084320, -294.7221740087542230, -25.71127962813316259 ) ) ;
#148 = AXIS2_PLACEMENT_3D ( 'NONE', #6510, #9947, #8255 ) ;
#149 = DIRECTION ( 'NONE',  ( -2.478176394252585085E-16, 1.000000000000000000, 0.000000000000000000 ) ) ;
#150 = FACE_OUTER_BOUND ( 'NONE', #6444, .T. ) ;
#151 = DIRECTION ( 'NONE',  ( 0.000000000000000000, -1.000000000000000000, 0.000000000000000000 ) ) ;
#152 = DIRECTION ( 'NONE',  ( 0.000000000000000000, -1.000000000000000000, 0.000000000000000000 ) ) ;
#153 = PLANE ( 'NONE',  #9291 ) ;
#154 = DIRECTION ( 'NONE',  ( 0.000000000000000000, 0.000000000000000000, -1.000000000000000000 ) ) ;
#155 = ADVANCED_FACE ( 'NONE', ( #5499 ), #4038, .T. ) ;
#156 = DIRECTION ( 'NONE',  ( 0.000000000000000000, -1.000000000000000000, 0.000000000000000000 ) ) ;
#157 =( BOUNDED_CURVE ( )  B_SPLINE_CURVE ( 3, ( #10236, #2518, #3539, #6979 ),
 .UNSPECIFIED., .F., .T. ) 
 B_SPLINE_CURVE_WITH_KNOTS ( ( 4, 4 ),
 ( 0.000000000000000000, 0.9244978468498875612 ),
 .UNSPECIFIED. ) 
 CURVE ( )  GEOMETRIC_REPRESENTATION_ITEM ( )  RATIONAL_B_SPLINE_CURVE ( ( 1.000000000000000000, 0.9300345514053087737, 0.9300345514053087737, 1.000000000000000000 ) ) 
 REPRESENTATION_ITEM ( '' )  );
#158 = AXIS2_PLACEMENT_3D ( 'NONE', #1574, #4954, #9132 ) ;
#159 = AXIS2_PLACEMENT_3D ( 'NONE', #9645, #5519, #9754 ) ;
#160 = CYLINDRICAL_SURFACE ( 'NONE', #902, 8.000000000000007105 ) ;
#161 = EDGE_CURVE ( 'NONE', #6809, #460, #10000, .T. ) ;
#162 = ORIENTED_EDGE ( 'NONE', *, *, #9532, .T. ) ;
#163 = ORIENTED_EDGE ( 'NONE', *, *, #9577, .T. ) ;
#164 = ADVANCED_FACE ( 'NONE', ( #2509 ), #6775, .T. ) ;
#165 = ORIENTED_EDGE ( 'NONE', *, *, #2678, .F. ) ;
#166 = EDGE_CURVE ( 'NONE', #8445, #7213, #6799, .T. ) ;
#167 = LINE ( 'NONE', #3492, #1959 ) ;
#168 = ORIENTED_EDGE ( 'NONE', *, *, #1312, .T. ) ;
#169 = DIRECTION ( 'NONE',  ( -0.5773502691896257311, 0.5773502691896257311, 0.5773502691896257311 ) ) ;
#170 = VECTOR ( 'NONE', #8209, 1000.000000000000000 ) ;
#171 = VECTOR ( 'NONE', #624, 1000.000000000000000 ) ;
#172 = DIRECTION ( 'NONE',  ( 0.000000000000000000, -1.000000000000000000, 0.000000000000000000 ) ) ;
#173 = LINE ( 'NONE', #8152, #10928 ) ;
#174 = CARTESIAN_POINT ( 'NONE',  ( 61.63110127228208057, -289.8504487685801223, -39.78639693156560497 ) ) ;
#175 = CARTESIAN_POINT ( 'NONE',  ( 22.07741402984463619, -232.7527026915207102, -25.08765142937645010 ) ) ;
#176 = VECTOR ( 'NONE', #7298, 1000.000000000000000 ) ;
#177 = ORIENTED_EDGE ( 'NONE', *, *, #2218, .F. ) ;
#178 = CIRCLE ( 'NONE', #8094, 2.299999999999996270 ) ;
#179 = ORIENTED_EDGE ( 'NONE', *, *, #4960, .T. ) ;
#180 = VERTEX_POINT ( 'NONE', #5956 ) ;
#181 = ORIENTED_EDGE ( 'NONE', *, *, #2992, .T. ) ;
#182 = EDGE_CURVE ( 'NONE', #5062, #6827, #10227, .T. ) ;
#183 = CARTESIAN_POINT ( 'NONE',  ( 18.28699055959865660, -233.3721329511900535, -35.38561977369262479 ) ) ;
#184 = CARTESIAN_POINT ( 'NONE',  ( 32.63088215633499800, -221.1520313402290014, -23.81798626738900282 ) ) ;
#185 = AXIS2_PLACEMENT_3D ( 'NONE', #1522, #8457, #678 ) ;
#186 = B_SPLINE_CURVE_WITH_KNOTS ( 'NONE', 3,
 ( #6601, #9820, #7342, #10032, #1313, #2316, #5759, #8977, #9198, #1476 ),
 .UNSPECIFIED., .F., .F.,
 ( 4, 2, 2, 2, 4 ),
 ( 0.000000000000000000, 0.0007232430396743879481, 0.001446486079348775896, 0.002169729119023163736, 0.002892972158697551793 ),
 .UNSPECIFIED. ) ;
#187 = DIRECTION ( 'NONE',  ( -1.000000000000000000, 0.000000000000000000, 0.000000000000000000 ) ) ;
#188 = DIRECTION ( 'NONE',  ( -0.7071067811865475727, 0.000000000000000000, -0.7071067811865475727 ) ) ;
#189 = LINE ( 'NONE', #7907, #9325 ) ;
#190 = DIRECTION ( 'NONE',  ( 0.000000000000000000, 0.000000000000000000, 1.000000000000000000 ) ) ;
#191 = DIRECTION ( 'NONE',  ( 0.000000000000000000, -1.000000000000000000, 0.000000000000000000 ) ) ;
#192 = ORIENTED_EDGE ( 'NONE', *, *, #571, .T. ) ;
#193 = ORIENTED_EDGE ( 'NONE', *, *, #8410, .F. ) ;
#194 = VECTOR ( 'NONE', #6574, 1000.000000000000000 ) ;
#195 = ORIENTED_EDGE ( 'NONE', *, *, #6844, .T. ) ;
#196 = CARTESIAN_POINT ( 'NONE',  ( 56.78088215633500369, -229.9913662456876580, -35.11798626738899998 ) ) ;
#197 = DIRECTION ( 'NONE',  ( -0.000000000000000000, -0.000000000000000000, -1.000000000000000000 ) ) ;
#198 = LINE ( 'NONE', #35, #4622 ) ;
#199 = CIRCLE ( 'NONE', #7211, 7.500000000000062172 ) ;
#200 = DIRECTION ( 'NONE',  ( 0.000000000000000000, 0.000000000000000000, -1.000000000000000000 ) ) ;
#201 = CARTESIAN_POINT ( 'NONE',  ( 23.90588215633500369, -216.8820313402289912, -35.11798626738899998 ) ) ;
#202 = DIRECTION ( 'NONE',  ( -0.000000000000000000, -0.000000000000000000, -1.000000000000000000 ) ) ;
#203 = AXIS2_PLACEMENT_3D ( 'NONE', #9333, #505, #3833 ) ;
#204 = EDGE_CURVE ( 'NONE', #8672, #2071, #7763, .T. ) ;
#205 = ORIENTED_EDGE ( 'NONE', *, *, #9918, .F. ) ;
#206 = CARTESIAN_POINT ( 'NONE',  ( 24.60588215633500297, -297.3820313402289912, -23.81798626738900282 ) ) ;
#207 = DIRECTION ( 'NONE',  ( -1.000000000000000000, 0.000000000000000000, -0.000000000000000000 ) ) ;
#208 = CARTESIAN_POINT ( 'NONE',  ( 47.78088215633500369, -254.3820313402290196, -34.71798626738900140 ) ) ;
#209 = CARTESIAN_POINT ( 'NONE',  ( 20.18088215633500226, -289.9034704378889273, -24.51798626738895592 ) ) ;
#210 = CARTESIAN_POINT ( 'NONE',  ( 50.78088215633499658, -213.8820313402290196, -23.81798626738900282 ) ) ;
#211 = DIRECTION ( 'NONE',  ( 0.000000000000000000, 0.000000000000000000, 1.000000000000000000 ) ) ;
#212 = FACE_OUTER_BOUND ( 'NONE', #8686, .T. ) ;
#213 = DIRECTION ( 'NONE',  ( 0.000000000000000000, -0.7071067811865475727, 0.7071067811865475727 ) ) ;
#215 = EDGE_CURVE ( 'NONE', #9515, #7884, #10369, .T. ) ;
#214 = AXIS2_PLACEMENT_3D ( 'NONE', #1163, #4597, #4868 ) ;
#216 = DIRECTION ( 'NONE',  ( 0.000000000000000000, 0.000000000000000000, 1.000000000000000000 ) ) ;
#217 = VERTEX_POINT ( 'NONE', #830 ) ;
#218 = ORIENTED_EDGE ( 'NONE', *, *, #5787, .F. ) ;
#219 = ORIENTED_EDGE ( 'NONE', *, *, #8132, .F. ) ;
#220 = CARTESIAN_POINT ( 'NONE',  ( 53.78088215633500369, -333.8820313402291049, -44.11798626738900708 ) ) ;
#221 = AXIS2_PLACEMENT_3D ( 'NONE', #2962, #9833, #9674 ) ;
#222 = DIRECTION ( 'NONE',  ( 1.000000000000000000, 2.915501640297150339E-16, 0.000000000000000000 ) ) ;
#223 = AXIS2_PLACEMENT_3D ( 'NONE', #184, #1820, #8745 ) ;
#224 = DIRECTION ( 'NONE',  ( 0.000000000000000000, 0.000000000000000000, 1.000000000000000000 ) ) ;
#225 = CARTESIAN_POINT ( 'NONE',  ( 53.78088215633500369, -326.3820313402290481, -44.11798626738899998 ) ) ;
#226 = EDGE_CURVE ( 'NONE', #9547, #4303, #11012, .T. ) ;
#227 = EDGE_CURVE ( 'NONE', #8445, #5475, #1672, .T. ) ;
#228 = EDGE_CURVE ( 'NONE', #8352, #1811, #2571, .T. ) ;
#229 = CARTESIAN_POINT ( 'NONE',  ( 61.10101874548179524, -287.7540601564144822, -39.07462105666890295 ) ) ;
#230 = VECTOR ( 'NONE', #1895, 1000.000000000000000 ) ;
#231 = CARTESIAN_POINT ( 'NONE',  ( 20.63277870805914915, -232.9784506520333025, -24.51798626738901632 ) ) ;
#232 = AXIS2_PLACEMENT_3D ( 'NONE', #9349, #1861, #6033 ) ;
#233 = VERTEX_POINT ( 'NONE', #2396 ) ;
#234 = ORIENTED_EDGE ( 'NONE', *, *, #5933, .T. ) ;
#235 = VERTEX_POINT ( 'NONE', #5842 ) ;
#236 = ORIENTED_EDGE ( 'NONE', *, *, #9652, .T. ) ;
#237 = VERTEX_POINT ( 'NONE', #7530 ) ;
#238 = DIRECTION ( 'NONE',  ( 0.000000000000000000, 0.000000000000000000, -1.000000000000000000 ) ) ;
#239 = CIRCLE ( 'NONE', #6350, 4.250000000000003553 ) ;
#240 = CARTESIAN_POINT ( 'NONE',  ( 17.05149430227146112, -234.2558712116455411, -36.53605867781523386 ) ) ;
#241 = AXIS2_PLACEMENT_3D ( 'NONE', #2239, #444, #4041 ) ;
#242 = CARTESIAN_POINT ( 'NONE',  ( 23.48097330836168339, -240.6059230951298389, -24.94289511536232240 ) ) ;
#243 = CARTESIAN_POINT ( 'NONE',  ( 56.78088215633500369, -297.1166250875550645, -33.11798626738899998 ) ) ;
#244 = EDGE_CURVE ( 'NONE', #9588, #8919, #5049, .T. ) ;
#245 = CARTESIAN_POINT ( 'NONE',  ( 29.90588215633500369, -218.8820313402289912, -34.71798626738900140 ) ) ;
#246 = PLANE ( 'NONE',  #7620 ) ;
#247 = CARTESIAN_POINT ( 'NONE',  ( 20.11588215633501520, -237.2108035506304873, -43.11798626738900708 ) ) ;
#248 = AXIS2_PLACEMENT_3D ( 'NONE', #10366, #8793, #3663 ) ;
#249 = ORIENTED_EDGE ( 'NONE', *, *, #1937, .T. ) ;
#250 = ORIENTED_EDGE ( 'NONE', *, *, #5365, .T. ) ;
#251 = AXIS2_PLACEMENT_3D ( 'NONE', #4193, #4370, #1718 ) ;
#252 = VERTEX_POINT ( 'NONE', #5109 ) ;
#253 = CARTESIAN_POINT ( 'NONE',  ( 26.90588215633500369, -210.8820313402289912, -35.11798626738899998 ) ) ;
#254 = CARTESIAN_POINT ( 'NONE',  ( 19.31272701490328103, -294.0641370832289567, -38.07427795252399250 ) ) ;
#255 = CARTESIAN_POINT ( 'NONE',  ( 32.40588215633500369, -283.4665313402289826, -29.11798626738898577 ) ) ;
#256 = AXIS2_PLACEMENT_3D ( 'NONE', #10151, #6659, #10093 ) ;
#257 = CYLINDRICAL_SURFACE ( 'NONE', #10856, 1.500000000000001332 ) ;
#258 = CARTESIAN_POINT ( 'NONE',  ( 27.03088215633500724, -326.3820313402290481, -38.11798626738899287 ) ) ;
#259 = DIRECTION ( 'NONE',  ( 0.000000000000000000, 0.000000000000000000, -1.000000000000000000 ) ) ;
#260 = VERTEX_POINT ( 'NONE', #7702 ) ;
#261 = ORIENTED_EDGE ( 'NONE', *, *, #6678, .T. ) ;
#262 = PLANE ( 'NONE',  #4845 ) ;
#263 = DIRECTION ( 'NONE',  ( 0.000000000000000000, -1.000000000000000000, 0.000000000000000000 ) ) ;
#264 = CARTESIAN_POINT ( 'NONE',  ( 47.78088215633500369, -219.0820313402290083, -34.71798626738900140 ) ) ;
#265 = CARTESIAN_POINT ( 'NONE',  ( 17.47480631211364965, -286.6239757159053170, -36.04911078419056736 ) ) ;
#266 = LINE ( 'NONE', #210, #1112 ) ;
#267 = CARTESIAN_POINT ( 'NONE',  ( 61.68786289965466096, -237.5004127817868778, -40.02918364634894033 ) ) ;
#268 = CARTESIAN_POINT ( 'NONE',  ( 32.40588215633500369, -297.1475313402289657, -33.11798626738899998 ) ) ;
#269 = DIRECTION ( 'NONE',  ( -0.000000000000000000, -0.000000000000000000, 1.000000000000000000 ) ) ;
#270 = EDGE_CURVE ( 'NONE', #4661, #1012, #9272, .T. ) ;
#271 = CARTESIAN_POINT ( 'NONE',  ( 28.90588215633500013, -295.6475313402290226, -26.81798626738900282 ) ) ;
#272 = PRODUCT_DEFINITION_SHAPE ( 'NONE', 'NONE',  #9375 ) ;
#273 = ORIENTED_EDGE ( 'NONE', *, *, #3869, .T. ) ;
#274 = VERTEX_POINT ( 'NONE', #4142 ) ;
#275 = ORIENTED_EDGE ( 'NONE', *, *, #3055, .T. ) ;
#276 = CARTESIAN_POINT ( 'NONE',  ( 20.18088215633500226, -289.9034704378889273, -33.11798626738899998 ) ) ;
#277 = VERTEX_POINT ( 'NONE', #10170 ) ;
#278 = EDGE_CURVE ( 'NONE', #8996, #3895, #2988, .T. ) ;
#279 = DIRECTION ( 'NONE',  ( 0.000000000000000000, -1.000000000000000000, 0.000000000000000000 ) ) ;
#280 = CARTESIAN_POINT ( 'NONE',  ( 53.78088215633500369, -229.9913662456876580, -35.11798626738899998 ) ) ;
#281 = ADVANCED_FACE ( 'NONE', ( #4256 ), #11124, .T. ) ;
#282 = CARTESIAN_POINT ( 'NONE',  ( 61.61080962319309862, -289.4675987629453289, -40.05893585573062410 ) ) ;
#283 = ORIENTED_EDGE ( 'NONE', *, *, #442, .F. ) ;
#284 = ORIENTED_EDGE ( 'NONE', *, *, #1448, .F. ) ;
#285 = VERTEX_POINT ( 'NONE', #9446 ) ;
#286 = ORIENTED_EDGE ( 'NONE', *, *, #3308, .F. ) ;
#287 = ORIENTED_EDGE ( 'NONE', *, *, #6844, .F. ) ;
#288 = ADVANCED_FACE ( 'NONE', ( #10060 ), #9220, .T. ) ;
#289 = CARTESIAN_POINT ( 'NONE',  ( 32.63088215633499800, -265.8950313402290249, -26.81798626738900282 ) ) ;
#290 = CARTESIAN_POINT ( 'NONE',  ( 19.28582608997153969, -233.0423698585283034, -38.07562012951828478 ) ) ;
#291 = DIRECTION ( 'NONE',  ( 1.000000000000000000, 0.000000000000000000, 0.000000000000000000 ) ) ;
#292 = CARTESIAN_POINT ( 'NONE',  ( 20.63277870805914915, -232.9784506520333025, -33.11798626738899998 ) ) ;
#293 = EDGE_CURVE ( 'NONE', #3931, #8672, #5162, .T. ) ;
#294 = CIRCLE ( 'NONE', #7859, 2.999999999999999112 ) ;
#295 = LINE ( 'NONE', #9018, #8974 ) ;
#296 = DIRECTION ( 'NONE',  ( 0.000000000000000000, 0.000000000000000000, 1.000000000000000000 ) ) ;
#297 = FACE_OUTER_BOUND ( 'NONE', #4023, .T. ) ;
#298 = ORIENTED_EDGE ( 'NONE', *, *, #6032, .T. ) ;
#299 = VERTEX_POINT ( 'NONE', #4933 ) ;
#300 = ORIENTED_EDGE ( 'NONE', *, *, #9111, .F. ) ;
#301 = EDGE_CURVE ( 'NONE', #6197, #5474, #4203, .T. ) ;
#302 = EDGE_CURVE ( 'NONE', #2020, #8033, #7486, .T. ) ;
#303 = EDGE_CURVE ( 'NONE', #9515, #8661, #9653, .T. ) ;
#304 = VECTOR ( 'NONE', #929, 1000.000000000000000 ) ;
#305 = CARTESIAN_POINT ( 'NONE',  ( 24.16838215633502784, -289.9034704378889273, -24.25548626738897795 ) ) ;
#306 = DIRECTION ( 'NONE',  ( -1.000000000000000000, -2.915501640297150339E-16, 0.000000000000000000 ) ) ;
#307 = DIRECTION ( 'NONE',  ( 0.000000000000000000, 0.000000000000000000, -1.000000000000000000 ) ) ;
#308 = FACE_OUTER_BOUND ( 'NONE', #5258, .T. ) ;
#309 = CARTESIAN_POINT ( 'NONE',  ( 25.40588215633500369, -215.3820313402289912, -26.81798626738900282 ) ) ;
#310 = DIRECTION ( 'NONE',  ( 1.000000000000000000, 0.000000000000000000, 0.000000000000000000 ) ) ;
#311 = ORIENTED_EDGE ( 'NONE', *, *, #5124, .T. ) ;
#312 = EDGE_LOOP ( 'NONE', ( #4864, #7606, #9066, #11029 ) ) ;
#313 = FACE_OUTER_BOUND ( 'NONE', #1278, .T. ) ;
#314 = EDGE_CURVE ( 'NONE', #5204, #2765, #6957, .T. ) ;
#315 = CARTESIAN_POINT ( 'NONE',  ( 42.88088215633500511, -236.4830313402289903, -26.36798626738900353 ) ) ;
#316 = VECTOR ( 'NONE', #11085, 1000.000000000000000 ) ;
#317 = DIRECTION ( 'NONE',  ( 1.000000000000000000, 0.000000000000000000, 0.000000000000000000 ) ) ;
#318 = DIRECTION ( 'NONE',  ( 0.000000000000000000, 0.000000000000000000, -1.000000000000000000 ) ) ;
#319 = CARTESIAN_POINT ( 'NONE',  ( 61.73802588984920448, -237.4718362187273613, -40.61270903013141975 ) ) ;
#320 = CARTESIAN_POINT ( 'NONE',  ( 26.65588215633500369, -266.1320313402289912, -34.71798626738900140 ) ) ;
#321 = DIRECTION ( 'NONE',  ( 0.000000000000000000, 1.000000000000000000, 0.000000000000000000 ) ) ;
#322 = CARTESIAN_POINT ( 'NONE',  ( 30.70588215633500440, -309.9910313402289717, -26.81798626738900282 ) ) ;
#323 = AXIS2_PLACEMENT_3D ( 'NONE', #880, #2561, #4311 ) ;
#324 = ORIENTED_EDGE ( 'NONE', *, *, #494, .T. ) ;
#325 = ORIENTED_EDGE ( 'NONE', *, *, #1052, .F. ) ;
#326 = VERTEX_POINT ( 'NONE', #4484 ) ;
#327 = DIRECTION ( 'NONE',  ( 0.000000000000000000, 0.000000000000000000, 1.000000000000000000 ) ) ;
#328 = ORIENTED_EDGE ( 'NONE', *, *, #2757, .T. ) ;
#329 = FACE_OUTER_BOUND ( 'NONE', #9732, .T. ) ;
#330 = DIRECTION ( 'NONE',  ( 2.478176394252580155E-16, -1.000000000000000000, 0.000000000000000000 ) ) ;
#331 = AXIS2_PLACEMENT_3D ( 'NONE', #5820, #10206, #8467 ) ;
#332 = CARTESIAN_POINT ( 'NONE',  ( 61.70403468214193055, -290.1617358086712670, -40.44319392362494625 ) ) ;
#333 = ORIENTED_EDGE ( 'NONE', *, *, #3361, .F. ) ;
#334 = EDGE_LOOP ( 'NONE', ( #10955, #7571, #11091, #2677, #8460, #9462 ) ) ;
#335 = VERTEX_POINT ( 'NONE', #8828 ) ;
#336 = AXIS2_PLACEMENT_3D ( 'NONE', #5220, #6797, #5955 ) ;
#337 = ORIENTED_EDGE ( 'NONE', *, *, #9033, .F. ) ;
#338 = VECTOR ( 'NONE', #8406, 1000.000000000000114 ) ;
#339 = ORIENTED_EDGE ( 'NONE', *, *, #6482, .F. ) ;
#340 = DIRECTION ( 'NONE',  ( 0.000000000000000000, 1.000000000000000000, -0.000000000000000000 ) ) ;
#341 = EDGE_CURVE ( 'NONE', #10302, #1577, #9285, .T. ) ;
#342 = DIRECTION ( 'NONE',  ( 0.000000000000000000, 0.000000000000000000, -1.000000000000000000 ) ) ;
#343 = DIRECTION ( 'NONE',  ( 0.000000000000000000, -1.000000000000000000, 0.000000000000000000 ) ) ;
#344 = DIRECTION ( 'NONE',  ( 1.000000000000000000, 0.000000000000000000, 0.000000000000000000 ) ) ;
#345 = AXIS2_PLACEMENT_3D ( 'NONE', #4428, #10511, #9666 ) ;
#346 = AXIS2_PLACEMENT_3D ( 'NONE', #4327, #10409, #7833 ) ;
#347 = FACE_BOUND ( 'NONE', #524, .T. ) ;
#348 = DIRECTION ( 'NONE',  ( -1.822188525185719948E-16, 1.000000000000000000, 0.000000000000000000 ) ) ;
#349 = ADVANCED_FACE ( 'NONE', ( #7927, #5326 ), #1949, .F. ) ;
#350 = DIRECTION ( 'NONE',  ( 1.000000000000000000, 0.000000000000000000, 0.000000000000000000 ) ) ;
#351 = ORIENTED_EDGE ( 'NONE', *, *, #3513, .T. ) ;
#352 = EDGE_LOOP ( 'NONE', ( #1399, #5553, #6380, #3894 ) ) ;
#353 = ORIENTED_EDGE ( 'NONE', *, *, #8354, .F. ) ;
#354 = AXIS2_PLACEMENT_3D ( 'NONE', #8059, #7380, #8115 ) ;
#355 = DIRECTION ( 'NONE',  ( -0.000000000000000000, -0.000000000000000000, 1.000000000000000000 ) ) ;
#356 = CARTESIAN_POINT ( 'NONE',  ( 28.90588215633500013, -256.1045313402289594, 223.6996348679430184 ) ) ;
#357 = CARTESIAN_POINT ( 'NONE',  ( 29.90588215633500369, -278.8839849422990937, 220.0996348679430525 ) ) ;
#358 = CARTESIAN_POINT ( 'NONE',  ( 20.90588215633500369, -229.9909074294941149, -24.51798626738899500 ) ) ;
#359 = CARTESIAN_POINT ( 'NONE',  ( 18.02596380186993485, -243.8852509258917678, -38.21148800301676829 ) ) ;
#360 = EDGE_CURVE ( 'NONE', #10631, #5881, #3641, .T. ) ;
#361 = FACE_OUTER_BOUND ( 'NONE', #1181, .T. ) ;
#363 = EDGE_CURVE ( 'NONE', #10453, #450, #5880, .T. ) ;
#362 = VECTOR ( 'NONE', #606, 1000.000000000000000 ) ;
#364 = ADVANCED_FACE ( 'NONE', ( #101 ), #6230, .T. ) ;
#365 = ORIENTED_EDGE ( 'NONE', *, *, #8012, .T. ) ;
#366 = ORIENTED_EDGE ( 'NONE', *, *, #5014, .T. ) ;
#367 = DIRECTION ( 'NONE',  ( 0.000000000000000000, -1.000000000000000000, 0.000000000000000000 ) ) ;
#368 = CARTESIAN_POINT ( 'NONE',  ( 20.24588215633502131, -237.2108035506304873, -23.81798626738900282 ) ) ;
#369 = AXIS2_PLACEMENT_3D ( 'NONE', #3228, #4976, #5604 ) ;
#370 = LINE ( 'NONE', #4811, #5262 ) ;
#371 = LINE ( 'NONE', #8037, #1466 ) ;
#372 = CARTESIAN_POINT ( 'NONE',  ( 61.73853833308210426, -237.1111920000118971, -40.61572042449503073 ) ) ;
#373 = CARTESIAN_POINT ( 'NONE',  ( 20.11588215633501520, -237.2108035506304873, -35.11798626738899998 ) ) ;
#374 = CARTESIAN_POINT ( 'NONE',  ( 38.78088215633501079, -224.8520313402290185, -24.31798626738900282 ) ) ;
#375 = CARTESIAN_POINT ( 'NONE',  ( 50.78088215633499658, -210.8820313402290196, -38.11798626738899998 ) ) ;
#376 = EDGE_CURVE ( 'NONE', #2293, #8081, #7137, .T. ) ;
#377 = DIRECTION ( 'NONE',  ( -0.000000000000000000, -0.000000000000000000, -1.000000000000000000 ) ) ;
#378 = VECTOR ( 'NONE', #6802, 1000.000000000000114 ) ;
#379 = ORIENTED_EDGE ( 'NONE', *, *, #1388, .T. ) ;
#380 = ORIENTED_EDGE ( 'NONE', *, *, #9173, .T. ) ;
#381 = ORIENTED_EDGE ( 'NONE', *, *, #107, .F. ) ;
#382 = CARTESIAN_POINT ( 'NONE',  ( 61.63088215633503353, -289.8229350588911757, -39.78475710478495841 ) ) ;
#383 = CARTESIAN_POINT ( 'NONE',  ( 59.37279691855606956, -293.6696867700751454, -35.43983085221141494 ) ) ;
#384 = LINE ( 'NONE', #2919, #10255 ) ;
#385 = AXIS2_PLACEMENT_3D ( 'NONE', #3067, #6507, #9152 ) ;
#386 = FACE_OUTER_BOUND ( 'NONE', #4905, .T. ) ;
#387 = DIRECTION ( 'NONE',  ( 0.000000000000000000, -1.000000000000000000, 0.000000000000000000 ) ) ;
#388 = CARTESIAN_POINT ( 'NONE',  ( 60.42870420385836638, -286.8232777116225520, -38.41397903788779189 ) ) ;
#389 = ORIENTED_EDGE ( 'NONE', *, *, #571, .F. ) ;
#390 = ORIENTED_EDGE ( 'NONE', *, *, #7889, .F. ) ;
#391 = ORIENTED_EDGE ( 'NONE', *, *, #3854, .F. ) ;
#392 = CIRCLE ( 'NONE', #10826, 1.000000000000000888 ) ;
#393 = ORIENTED_EDGE ( 'NONE', *, *, #7423, .F. ) ;
#394 = VERTEX_POINT ( 'NONE', #1899 ) ;
#395 = CARTESIAN_POINT ( 'NONE',  ( 53.78088215633500369, -311.3820313402289912, -24.51798626738900211 ) ) ;
#396 = CARTESIAN_POINT ( 'NONE',  ( 57.51088215633501477, -289.9034704378889273, -27.21798626738900140 ) ) ;
#397 = FACE_OUTER_BOUND ( 'NONE', #4214, .T. ) ;
#398 = AXIS2_PLACEMENT_3D ( 'NONE', #9452, #2014, #1958 ) ;
#399 = DIRECTION ( 'NONE',  ( 1.000000000000000000, 0.000000000000000000, 0.000000000000000000 ) ) ;
#400 = AXIS2_PLACEMENT_3D ( 'NONE', #4102, #1407, #8285 ) ;
#401 = DIRECTION ( 'NONE',  ( 1.000000000000000000, 0.000000000000000000, 0.000000000000000000 ) ) ;
#402 = ADVANCED_FACE ( 'NONE', ( #3476 ), #8664, .F. ) ;
#403 = CARTESIAN_POINT ( 'NONE',  ( 38.84338215633500369, -321.3820313402290481, -38.11798626738899998 ) ) ;
#404 = VERTEX_POINT ( 'NONE', #2627 ) ;
#405 = ORIENTED_EDGE ( 'NONE', *, *, #1342, .T. ) ;
#406 = EDGE_LOOP ( 'NONE', ( #1265, #4360, #913, #8882 ) ) ;
#407 = AXIS2_PLACEMENT_3D ( 'NONE', #10666, #7183, #9715 ) ;
#408 = VECTOR ( 'NONE', #10754, 1000.000000000000000 ) ;
#409 = DIRECTION ( 'NONE',  ( -0.9829004132435492647, 0.1841379310344840314, 0.000000000000000000 ) ) ;
#410 = EDGE_CURVE ( 'NONE', #8661, #8703, #7321, .T. ) ;
#411 = DIRECTION ( 'NONE',  ( 0.000000000000000000, 0.000000000000000000, -1.000000000000000000 ) ) ;
#412 = LINE ( 'NONE', #10661, #4980 ) ;
#413 = DIRECTION ( 'NONE',  ( 0.000000000000000000, 0.000000000000000000, -1.000000000000000000 ) ) ;
#414 = PLANE ( 'NONE',  #9509 ) ;
#415 = VECTOR ( 'NONE', #10439, 1000.000000000000000 ) ;
#416 = LINE ( 'NONE', #10775, #7067 ) ;
#417 = AXIS2_PLACEMENT_3D ( 'NONE', #1504, #7369, #5676 ) ;
#418 = ORIENTED_EDGE ( 'NONE', *, *, #8904, .F. ) ;
#419 = ORIENTED_EDGE ( 'NONE', *, *, #2719, .F. ) ;
#420 = CARTESIAN_POINT ( 'NONE',  ( 58.94725615837158728, -296.9515264949451421, -38.11798626738898577 ) ) ;
#421 = CIRCLE ( 'NONE', #1683, 1.300000000000006040 ) ;
#422 = EDGE_CURVE ( 'NONE', #5462, #9638, #10455, .T. ) ;
#423 = AXIS2_PLACEMENT_3D ( 'NONE', #8039, #1904, #5490 ) ;
#424 = CARTESIAN_POINT ( 'NONE',  ( 29.90588215633500369, -312.3820313402289912, -38.11798626738899998 ) ) ;
#425 = ADVANCED_FACE ( 'NONE', ( #946, #3529 ), #6126, .T. ) ;
#426 = EDGE_CURVE ( 'NONE', #8921, #180, #1001, .T. ) ;
#427 = DIRECTION ( 'NONE',  ( 0.000000000000000000, 1.000000000000000000, 0.000000000000000000 ) ) ;
#428 = CARTESIAN_POINT ( 'NONE',  ( 25.40588215633500369, -227.2425313402290215, 223.6996348679430184 ) ) ;
#429 = CARTESIAN_POINT ( 'NONE',  ( 61.64460919097886205, -236.5077924799336131, -40.16516088707737708 ) ) ;
#430 = DIRECTION ( 'NONE',  ( 0.000000000000000000, -1.000000000000000000, 0.000000000000000000 ) ) ;
#431 = DIRECTION ( 'NONE',  ( 1.000000000000000000, 0.000000000000000000, 0.000000000000000000 ) ) ;
#432 = CARTESIAN_POINT ( 'NONE',  ( 32.40588215633500369, -254.6045313402289878, -26.81798626738900282 ) ) ;
#433 = EDGE_CURVE ( 'NONE', #3034, #2863, #751, .T. ) ;
#434 = CARTESIAN_POINT ( 'NONE',  ( 29.65588215633500369, -237.1320313402289912, -23.81798626738900282 ) ) ;
#435 = CIRCLE ( 'NONE', #7995, 1.700000000000000178 ) ;
#436 = VERTEX_POINT ( 'NONE', #870 ) ;
#437 = EDGE_LOOP ( 'NONE', ( #9847, #9117, #8505, #3197 ) ) ;
#438 = CARTESIAN_POINT ( 'NONE',  ( 61.05134281824310705, -287.7513082369820268, -37.58895421432121964 ) ) ;
#439 = EDGE_CURVE ( 'NONE', #4572, #3437, #6726, .T. ) ;
#440 = CARTESIAN_POINT ( 'NONE',  ( 57.44588215633498862, -237.2108035506304873, -23.81798626738900282 ) ) ;
#441 = DIRECTION ( 'NONE',  ( 0.5773502691896260641, 0.5773502691896250649, 0.5773502691896260641 ) ) ;
#442 = EDGE_CURVE ( 'NONE', #7064, #10809, #11051, .T. ) ;
#443 = EDGE_CURVE ( 'NONE', #8531, #4303, #5026, .T. ) ;
#444 = DIRECTION ( 'NONE',  ( -0.000000000000000000, -0.000000000000000000, 1.000000000000000000 ) ) ;
#445 = CARTESIAN_POINT ( 'NONE',  ( 29.65588215633500369, -250.7370313402290094, -26.81798626738900282 ) ) ;
#446 = CARTESIAN_POINT ( 'NONE',  ( 61.33061209204070252, -291.5354407821168934, -39.43003751760220865 ) ) ;
#447 = ORIENTED_EDGE ( 'NONE', *, *, #7334, .F. ) ;
#448 = ORIENTED_EDGE ( 'NONE', *, *, #5022, .T. ) ;
#449 = VERTEX_POINT ( 'NONE', #3338 ) ;
#450 = VERTEX_POINT ( 'NONE', #4359 ) ;
#451 = ORIENTED_EDGE ( 'NONE', *, *, #1658, .T. ) ;
#452 = DIRECTION ( 'NONE',  ( 2.478176394252580155E-16, -1.000000000000000000, 0.000000000000000000 ) ) ;
#453 = CARTESIAN_POINT ( 'NONE',  ( 29.90588215633500369, -313.3820313402289912, -34.71798626738900140 ) ) ;
#454 = FACE_OUTER_BOUND ( 'NONE', #10710, .T. ) ;
#455 = CARTESIAN_POINT ( 'NONE',  ( 23.90588215633500369, -218.8820313402289912, -33.11798626738899998 ) ) ;
#456 = LINE ( 'NONE', #2880, #7900 ) ;
#457 = CARTESIAN_POINT ( 'NONE',  ( 38.78088215633501079, -238.5330313402290301, -23.81798626738900282 ) ) ;
#458 = FACE_OUTER_BOUND ( 'NONE', #5998, .T. ) ;
#459 = EDGE_LOOP ( 'NONE', ( #10070, #10794 ) ) ;
#460 = VERTEX_POINT ( 'NONE', #2547 ) ;
#461 = ORIENTED_EDGE ( 'NONE', *, *, #2578, .F. ) ;
#462 = DIRECTION ( 'NONE',  ( -0.000000000000000000, 0.000000000000000000, 1.000000000000000000 ) ) ;
#463 = CARTESIAN_POINT ( 'NONE',  ( 15.96041639781653743, -290.4200915517647559, -39.57809018382728539 ) ) ;
#464 = DIRECTION ( 'NONE',  ( -1.000000000000000000, 0.000000000000000000, 0.000000000000000000 ) ) ;
#465 = CARTESIAN_POINT ( 'NONE',  ( 54.26088215633500766, -289.9034704378889273, -23.81798626738900282 ) ) ;
#466 = CARTESIAN_POINT ( 'NONE',  ( 45.43088215633500937, -266.1320313402289912, -23.81798626738900282 ) ) ;
#467 = DIRECTION ( 'NONE',  ( 1.000000000000000000, 0.000000000000000000, 0.000000000000000000 ) ) ;
#468 = ORIENTED_EDGE ( 'NONE', *, *, #5874, .F. ) ;
#469 = EDGE_CURVE ( 'NONE', #9904, #7847, #1709, .T. ) ;
#470 = ORIENTED_EDGE ( 'NONE', *, *, #2139, .F. ) ;
#471 = CARTESIAN_POINT ( 'NONE',  ( 60.62794488815543303, -295.0779379931307744, -38.74711484126353866 ) ) ;
#472 = DIRECTION ( 'NONE',  ( 0.000000000000000000, 1.000000000000000000, 0.000000000000000000 ) ) ;
#473 = CARTESIAN_POINT ( 'NONE',  ( 24.16838215633503140, -289.4527318593877112, -24.25548626738897795 ) ) ;
#474 = CARTESIAN_POINT ( 'NONE',  ( 57.02915801840396881, -285.6680495460770430, -33.11798626738899998 ) ) ;
#475 = CARTESIAN_POINT ( 'NONE',  ( 61.39690380237318124, -234.1152113700432267, -39.63995982442334309 ) ) ;
#476 = CARTESIAN_POINT ( 'NONE',  ( 43.78088215633500369, -219.8820313402289912, 220.0996348679430525 ) ) ;
#477 = CIRCLE ( 'NONE', #6784, 4.250000000000000000 ) ;
#478 = FACE_OUTER_BOUND ( 'NONE', #8459, .T. ) ;
#479 = CARTESIAN_POINT ( 'NONE',  ( 47.35588215633499942, -317.6820313402290026, -23.81798626738900282 ) ) ;
#480 = DIRECTION ( 'NONE',  ( 0.000000000000000000, 0.000000000000000000, -1.000000000000000000 ) ) ;
#481 = DIRECTION ( 'NONE',  ( 0.000000000000000000, 0.000000000000000000, 1.000000000000000000 ) ) ;
#482 = ADVANCED_FACE ( 'NONE', ( #4181 ), #5877, .T. ) ;
#483 = ORIENTED_EDGE ( 'NONE', *, *, #8477, .T. ) ;
#484 = EDGE_LOOP ( 'NONE', ( #7036, #873 ) ) ;
#485 = CARTESIAN_POINT ( 'NONE',  ( 20.90588215633500369, -282.6898115188659517, -45.13880154756031970 ) ) ;
#486 = CIRCLE ( 'NONE', #9299, 0.7499999999999729106 ) ;
#487 = CARTESIAN_POINT ( 'NONE',  ( 20.90588215633500724, -230.0039734568930214, -35.11798626738899998 ) ) ;
#488 = CARTESIAN_POINT ( 'NONE',  ( 15.93088215633499338, -289.9034704378889273, -24.51798626738895592 ) ) ;
#489 = ADVANCED_FACE ( 'NONE', ( #5203 ), #7567, .F. ) ;
#490 = DIRECTION ( 'NONE',  ( 1.000000000000000000, 0.000000000000000000, 0.000000000000000000 ) ) ;
#491 = LINE ( 'NONE', #11018, #8184 ) ;
#492 = CIRCLE ( 'NONE', #7338, 3.550000000000053113 ) ;
#493 = LINE ( 'NONE', #3930, #3400 ) ;
#494 = EDGE_CURVE ( 'NONE', #1146, #3034, #7631, .T. ) ;
#495 = EDGE_CURVE ( 'NONE', #9962, #5475, #3280, .T. ) ;
#496 = ORIENTED_EDGE ( 'NONE', *, *, #4640, .T. ) ;
#497 = EDGE_CURVE ( 'NONE', #7158, #5740, #9663, .T. ) ;
#498 = ORIENTED_EDGE ( 'NONE', *, *, #8339, .T. ) ;
#499 = VERTEX_POINT ( 'NONE', #4968 ) ;
#500 = ORIENTED_EDGE ( 'NONE', *, *, #7752, .F. ) ;
#501 = CARTESIAN_POINT ( 'NONE',  ( 61.13436323431619712, -239.3319825972612023, -37.72390232527199316 ) ) ;
#502 = ORIENTED_EDGE ( 'NONE', *, *, #2641, .T. ) ;
#503 = CARTESIAN_POINT ( 'NONE',  ( 53.78088215633500369, -315.3820313402289912, -24.51798626738900211 ) ) ;
#504 = AXIS2_PLACEMENT_3D ( 'NONE', #1775, #8714, #8596 ) ;
#505 = DIRECTION ( 'NONE',  ( 0.000000000000000000, 0.000000000000000000, 1.000000000000000000 ) ) ;
#506 = DIRECTION ( 'NONE',  ( 0.000000000000000000, 0.000000000000000000, -1.000000000000000000 ) ) ;
#507 = CARTESIAN_POINT ( 'NONE',  ( 57.38088215633500511, -289.9034704378889273, -38.11798626738899998 ) ) ;
#508 = DIRECTION ( 'NONE',  ( 1.000000000000000000, 0.000000000000000000, 0.000000000000000000 ) ) ;
#509 = FACE_OUTER_BOUND ( 'NONE', #6700, .T. ) ;
#510 = CIRCLE ( 'NONE', #185, 3.549999999999990496 ) ;
#511 = CARTESIAN_POINT ( 'NONE',  ( 29.65588215633500369, -279.7770313402290299, -23.81798626738900282 ) ) ;
#512 = EDGE_CURVE ( 'NONE', #3827, #3088, #816, .T. ) ;
#513 = ORIENTED_EDGE ( 'NONE', *, *, #8194, .T. ) ;
#514 = ORIENTED_EDGE ( 'NONE', *, *, #10389, .T. ) ;
#515 = VERTEX_POINT ( 'NONE', #8584 ) ;
#516 = CARTESIAN_POINT ( 'NONE',  ( 17.13493584251638779, -242.8079823704698299, -38.60256386902072023 ) ) ;
#517 = AXIS2_PLACEMENT_3D ( 'NONE', #3352, #8544, #10343 ) ;
#518 = VECTOR ( 'NONE', #784, 1000.000000000000000 ) ;
#519 = CARTESIAN_POINT ( 'NONE',  ( 17.46868446999331681, -293.1844510593733162, -36.04570012872108009 ) ) ;
#520 = DIRECTION ( 'NONE',  ( 0.000000000000000000, 0.000000000000000000, -1.000000000000000000 ) ) ;
#521 = DIRECTION ( 'NONE',  ( -1.000000000000000000, 0.000000000000000000, 0.000000000000000000 ) ) ;
#522 = DIRECTION ( 'NONE',  ( 0.000000000000000000, 0.000000000000000000, -1.000000000000000000 ) ) ;
#523 = CARTESIAN_POINT ( 'NONE',  ( 32.63088215633499800, -234.8330313402290130, -26.81798626738900282 ) ) ;
#524 = EDGE_LOOP ( 'NONE', ( #7481, #8032 ) ) ;
#525 = AXIS2_PLACEMENT_3D ( 'NONE', #1669, #8602, #886 ) ;
#526 = TOROIDAL_SURFACE ( 'NONE', #5366, 6.000000000000000000, 3.000000000000000000 ) ;
#527 = ORIENTED_EDGE ( 'NONE', *, *, #3384, .F. ) ;
#528 = CARTESIAN_POINT ( 'NONE',  ( 61.01731254855916831, -285.6360479239656343, -39.11182083572975898 ) ) ;
#529 = CARTESIAN_POINT ( 'NONE',  ( 16.93088215633500226, -289.9034704378889273, -27.21798626738900140 ) ) ;
#530 = DIRECTION ( 'NONE',  ( -0.000000000000000000, -0.000000000000000000, 1.000000000000000000 ) ) ;
#531 = FACE_OUTER_BOUND ( 'NONE', #10147, .T. ) ;
#532 = CARTESIAN_POINT ( 'NONE',  ( 58.62504545902286424, -241.3570691122375251, -37.92695809225874370 ) ) ;
#533 = VECTOR ( 'NONE', #3494, 1000.000000000000000 ) ;
#534 = CARTESIAN_POINT ( 'NONE',  ( 53.78088215633500369, -229.9913662456876580, -24.51798626738900921 ) ) ;
#535 = AXIS2_PLACEMENT_3D ( 'NONE', #4107, #2361, #7554 ) ;
#536 = LINE ( 'NONE', #3973, #5720 ) ;
#537 = CYLINDRICAL_SURFACE ( 'NONE', #4164, 4.250000000000003553 ) ;
#538 = PLANE ( 'NONE',  #4115 ) ;
#539 = DIRECTION ( 'NONE',  ( -1.000000000000000000, 0.000000000000000000, 0.000000000000000000 ) ) ;
#540 = ADVANCED_FACE ( 'NONE', ( #9257 ), #10209, .T. ) ;
#541 = EDGE_LOOP ( 'NONE', ( #1481, #9952, #6324, #771 ) ) ;
#542 = AXIS2_PLACEMENT_3D ( 'NONE', #4561, #6245, #3762 ) ;
#543 = ORIENTED_EDGE ( 'NONE', *, *, #4160, .F. ) ;
#544 = PLANE ( 'NONE',  #4479 ) ;
#545 = DIRECTION ( 'NONE',  ( 1.000000000000000000, 0.000000000000000000, 0.000000000000000000 ) ) ;
#546 = DIRECTION ( 'NONE',  ( -0.000000000000000000, -0.000000000000000000, -1.000000000000000000 ) ) ;
#547 = DIRECTION ( 'NONE',  ( 0.000000000000000000, 0.000000000000000000, 1.000000000000000000 ) ) ;
#548 = EDGE_CURVE ( 'NONE', #3490, #3712, #5506, .T. ) ;
#549 = DIRECTION ( 'NONE',  ( -1.000000000000000000, 0.000000000000000000, 0.000000000000000000 ) ) ;
#550 = CARTESIAN_POINT ( 'NONE',  ( 27.90588215633500369, -306.7570313402290481, -23.81798626738900282 ) ) ;
#551 = VECTOR ( 'NONE', #4073, 1000.000000000000000 ) ;
#552 = CARTESIAN_POINT ( 'NONE',  ( 60.46794620186397395, -295.3634830657294970, -38.63557708758384734 ) ) ;
#553 = VERTEX_POINT ( 'NONE', #9369 ) ;
#554 = ORIENTED_EDGE ( 'NONE', *, *, #1401, .F. ) ;
#555 = VERTEX_POINT ( 'NONE', #7684 ) ;
#556 = ORIENTED_EDGE ( 'NONE', *, *, #469, .T. ) ;
#557 = DIRECTION ( 'NONE',  ( -2.478176394252580155E-16, 1.000000000000000000, 0.000000000000000000 ) ) ;
#558 = ORIENTED_EDGE ( 'NONE', *, *, #5320, .F. ) ;
#559 = CIRCLE ( 'NONE', #9909, 3.700000000000009059 ) ;
#560 = DIRECTION ( 'NONE',  ( 0.000000000000000000, 0.000000000000000000, -1.000000000000000000 ) ) ;
#561 = ADVANCED_FACE ( 'NONE', ( #11106 ), #3394, .F. ) ;
#562 = EDGE_CURVE ( 'NONE', #2279, #10732, #7746, .T. ) ;
#563 = CARTESIAN_POINT ( 'NONE',  ( 32.63088215633499800, -279.5760313402290080, -23.81798626738900282 ) ) ;
#564 = EDGE_CURVE ( 'NONE', #553, #277, #6050, .T. ) ;
#565 = CARTESIAN_POINT ( 'NONE',  ( 30.70588215633500440, -309.9910313402289717, -23.81798626738900282 ) ) ;
#566 = CARTESIAN_POINT ( 'NONE',  ( 57.03088215633500369, -205.8820313402289912, 105.9245421747346825 ) ) ;
#567 = PLANE ( 'NONE',  #10124 ) ;
#568 = CIRCLE ( 'NONE', #5972, 2.999999999999999112 ) ;
#569 = CARTESIAN_POINT ( 'NONE',  ( 20.24588215633502131, -237.2108035506304873, -27.21798626738900140 ) ) ;
#570 = VERTEX_POINT ( 'NONE', #10119 ) ;
#571 = EDGE_CURVE ( 'NONE', #3626, #2321, #3358, .T. ) ;
#572 = ORIENTED_EDGE ( 'NONE', *, *, #6066, .T. ) ;
#573 = ORIENTED_EDGE ( 'NONE', *, *, #5702, .F. ) ;
#574 = ORIENTED_EDGE ( 'NONE', *, *, #7585, .T. ) ;
#575 = AXIS2_PLACEMENT_3D ( 'NONE', #1838, #7641, #5041 ) ;
#576 = CARTESIAN_POINT ( 'NONE',  ( 29.65588215633500369, -249.2370313402290094, -23.81798626738900282 ) ) ;
#577 = AXIS2_PLACEMENT_3D ( 'NONE', #5605, #7623, #3066 ) ;
#578 = EDGE_CURVE ( 'NONE', #10283, #3964, #4206, .T. ) ;
#579 = CARTESIAN_POINT ( 'NONE',  ( 16.95721790805005114, -292.6825588359810695, -36.72287600375537409 ) ) ;
#580 = DIRECTION ( 'NONE',  ( 0.000000000000000000, 0.000000000000000000, 1.000000000000000000 ) ) ;
#581 = SHAPE_REPRESENTATION ( 'Limit Breakout Case_bottom.STEP_Standard', ( #9418 ), #3486 ) ;
#582 = CARTESIAN_POINT ( 'NONE',  ( 23.85807684609871160, -234.8820313402289912, -24.56579157762529420 ) ) ;
#583 = CARTESIAN_POINT ( 'NONE',  ( 28.90588215633500013, -283.4665313402289826, -29.11798626738898577 ) ) ;
#584 = DIRECTION ( 'NONE',  ( -0.7071067811865471286, 0.000000000000000000, -0.7071067811865479058 ) ) ;
#585 = VECTOR ( 'NONE', #467, 1000.000000000000000 ) ;
#586 = VERTEX_POINT ( 'NONE', #5960 ) ;
#587 = AXIS2_PLACEMENT_3D ( 'NONE', #10592, #1296, #343 ) ;
#588 = VERTEX_POINT ( 'NONE', #2399 ) ;
#589 = VERTEX_POINT ( 'NONE', #8326 ) ;
#590 = CARTESIAN_POINT ( 'NONE',  ( 59.52301872139155847, -283.2461097569287176, -38.20829409349048689 ) ) ;
#591 = DIRECTION ( 'NONE',  ( -0.1000000000000012407, 0.9949874371066198542, 0.000000000000000000 ) ) ;
#592 = AXIS2_PLACEMENT_3D ( 'NONE', #10707, #9973, #10815 ) ;
#593 = DIRECTION ( 'NONE',  ( -0.000000000000000000, -0.000000000000000000, -1.000000000000000000 ) ) ;
#594 = CARTESIAN_POINT ( 'NONE',  ( 58.77025576758209269, -241.2583996094713257, -35.17300586094197712 ) ) ;
#595 = AXIS2_PLACEMENT_3D ( 'NONE', #2077, #5503, #7268 ) ;
#596 = CARTESIAN_POINT ( 'NONE',  ( 20.18088215633500226, -289.9034704378889273, -38.11798626738899998 ) ) ;
#597 = DIRECTION ( 'NONE',  ( -1.000000000000000000, 0.000000000000000000, 0.000000000000000000 ) ) ;
#598 = CARTESIAN_POINT ( 'NONE',  ( 58.94952874911564322, -230.1479645293109400, -38.11798626738899998 ) ) ;
#599 = DIRECTION ( 'NONE',  ( 0.000000000000000000, 0.000000000000000000, 1.000000000000000000 ) ) ;
#600 = AXIS2_PLACEMENT_3D ( 'NONE', #2622, #6009, #7819 ) ;
#601 = ORIENTED_EDGE ( 'NONE', *, *, #410, .T. ) ;
#602 = VECTOR ( 'NONE', #1956, 1000.000000000000000 ) ;
#603 = VERTEX_POINT ( 'NONE', #4040 ) ;
#604 = LINE ( 'NONE', #10734, #11119 ) ;
#605 = DIRECTION ( 'NONE',  ( 0.000000000000000000, 0.000000000000000000, -1.000000000000000000 ) ) ;
#606 = DIRECTION ( 'NONE',  ( -1.000000000000000000, -0.000000000000000000, 0.000000000000000000 ) ) ;
#607 = CARTESIAN_POINT ( 'NONE',  ( 23.79156797874946605, -234.6561246850469615, -24.63230044497453264 ) ) ;
#608 = EDGE_CURVE ( 'NONE', #5825, #9246, #5899, .T. ) ;
#609 = FACE_OUTER_BOUND ( 'NONE', #7286, .T. ) ;
#610 = DIRECTION ( 'NONE',  ( 0.000000000000000000, -1.000000000000000000, 0.000000000000000000 ) ) ;
#611 = VECTOR ( 'NONE', #5084, 1000.000000000000000 ) ;
#612 = CARTESIAN_POINT ( 'NONE',  ( 61.53701213335886422, -290.7996686940364839, -39.20987150482163486 ) ) ;
#613 = VERTEX_POINT ( 'NONE', #5845 ) ;
#614 = ORIENTED_EDGE ( 'NONE', *, *, #5459, .F. ) ;
#615 = VERTEX_POINT ( 'NONE', #3982 ) ;
#616 = EDGE_CURVE ( 'NONE', #4446, #4253, #10560, .T. ) ;
#617 = ORIENTED_EDGE ( 'NONE', *, *, #2277, .T. ) ;
#618 = DIRECTION ( 'NONE',  ( 0.000000000000000000, 0.000000000000000000, -1.000000000000000000 ) ) ;
#619 = ORIENTED_EDGE ( 'NONE', *, *, #3047, .T. ) ;
#620 = DIRECTION ( 'NONE',  ( 0.000000000000000000, 0.000000000000000000, -1.000000000000000000 ) ) ;
#621 = DIRECTION ( 'NONE',  ( -1.000000000000000000, 0.000000000000000000, -0.000000000000000000 ) ) ;
#622 = VECTOR ( 'NONE', #1446, 1000.000000000000000 ) ;
#623 = DIRECTION ( 'NONE',  ( 0.000000000000000000, -1.000000000000000000, 0.000000000000000000 ) ) ;
#624 = DIRECTION ( 'NONE',  ( 0.000000000000000000, 0.000000000000000000, -1.000000000000000000 ) ) ;
#625 = CARTESIAN_POINT ( 'NONE',  ( 38.84338215633500369, -313.3820313402289912, 220.0996348679430525 ) ) ;
#626 = DIRECTION ( 'NONE',  ( -1.000000000000000000, 0.000000000000000000, 0.000000000000000000 ) ) ;
#627 = ORIENTED_EDGE ( 'NONE', *, *, #9240, .T. ) ;
#628 = ORIENTED_EDGE ( 'NONE', *, *, #9237, .F. ) ;
#629 = EDGE_CURVE ( 'NONE', #5089, #10589, #4881, .T. ) ;
#630 = VERTEX_POINT ( 'NONE', #6686 ) ;
#631 = CARTESIAN_POINT ( 'NONE',  ( 18.40927335576558121, -241.1054999731878183, -35.32447867993565893 ) ) ;
#632 = EDGE_CURVE ( 'NONE', #4097, #5683, #10907, .T. ) ;
#633 = CARTESIAN_POINT ( 'NONE',  ( 16.60726149922787087, -292.3035656042889627, -38.89448103167353565 ) ) ;
#634 = CYLINDRICAL_SURFACE ( 'NONE', #3002, 1.699999999999996625 ) ;
#635 = DIRECTION ( 'NONE',  ( 0.000000000000000000, 0.000000000000000000, -1.000000000000000000 ) ) ;
#636 = DIRECTION ( 'NONE',  ( 0.000000000000000000, 0.000000000000000000, -1.000000000000000000 ) ) ;
#637 = LINE ( 'NONE', #3962, #7972 ) ;
#638 = EDGE_CURVE ( 'NONE', #11122, #10368, #1444, .T. ) ;
#639 = ORIENTED_EDGE ( 'NONE', *, *, #5637, .T. ) ;
#640 = EDGE_CURVE ( 'NONE', #5393, #8336, #7867, .T. ) ;
#642 = EDGE_CURVE ( 'NONE', #8558, #10766, #5783, .T. ) ;
#641 = VERTEX_POINT ( 'NONE', #3304 ) ;
#643 = ORIENTED_EDGE ( 'NONE', *, *, #924, .T. ) ;
#644 = CARTESIAN_POINT ( 'NONE',  ( 61.64305970169406379, -291.2905073321392706, -40.21451850379873605 ) ) ;
#645 = DIRECTION ( 'NONE',  ( 1.000000000000000000, 1.457750820148579853E-16, 0.000000000000000000 ) ) ;
#646 = DIRECTION ( 'NONE',  ( -0.000000000000000000, -0.000000000000000000, -1.000000000000000000 ) ) ;
#647 = CARTESIAN_POINT ( 'NONE',  ( 60.95179122506491609, -239.6242440670482097, -37.30432450215440099 ) ) ;
#648 = DIRECTION ( 'NONE',  ( -1.000000000000000000, 0.000000000000000000, 0.000000000000000000 ) ) ;
#649 = DIRECTION ( 'NONE',  ( 2.478176394252580155E-16, -1.000000000000000000, 0.000000000000000000 ) ) ;
#650 = CYLINDRICAL_SURFACE ( 'NONE', #6169, 1.700000000000000178 ) ;
#651 = CARTESIAN_POINT ( 'NONE',  ( 58.78088215633499658, -244.3368315466462093, -38.11798626738899998 ) ) ;
#652 = AXIS2_PLACEMENT_3D ( 'NONE', #6625, #3413, #8489 ) ;
#653 =( LENGTH_UNIT ( ) NAMED_UNIT ( * ) SI_UNIT ( .MILLI., .METRE. ) );
#654 = ADVANCED_FACE ( 'NONE', ( #9169 ), #720, .F. ) ;
#655 = ORIENTED_EDGE ( 'NONE', *, *, #756, .T. ) ;
#656 = VERTEX_POINT ( 'NONE', #4935 ) ;
#657 = FACE_BOUND ( 'NONE', #10012, .T. ) ;
#658 = DIRECTION ( 'NONE',  ( -1.000000000000000000, 0.000000000000000000, 0.000000000000000000 ) ) ;
#659 = PLANE ( 'NONE',  #6306 ) ;
#660 = VECTOR ( 'NONE', #1650, 1000.000000000000000 ) ;
#661 = CARTESIAN_POINT ( 'NONE',  ( 47.78088215633500369, -313.3820313402289912, -38.11798626738899998 ) ) ;
#662 = CARTESIAN_POINT ( 'NONE',  ( 46.85588215633499942, -301.4000313402290203, -24.31798626738900282 ) ) ;
#663 = DIRECTION ( 'NONE',  ( 0.000000000000000000, -1.000000000000000000, 0.000000000000000000 ) ) ;
#664 = CARTESIAN_POINT ( 'NONE',  ( 61.30674914036291057, -291.5462971195334489, -38.28431343671565656 ) ) ;
#665 = ORIENTED_EDGE ( 'NONE', *, *, #2787, .F. ) ;
#666 = AXIS2_PLACEMENT_3D ( 'NONE', #8746, #6260, #9697 ) ;
#667 = ORIENTED_EDGE ( 'NONE', *, *, #4970, .F. ) ;
#668 = ORIENTED_EDGE ( 'NONE', *, *, #1890, .T. ) ;
#669 = ORIENTED_EDGE ( 'NONE', *, *, #11040, .F. ) ;
#670 = PLANE ( 'NONE',  #8428 ) ;
#671 = EDGE_LOOP ( 'NONE', ( #8743, #3182, #6899, #8634 ) ) ;
#672 = CARTESIAN_POINT ( 'NONE',  ( 53.78088215633500369, -297.1286001945092607, -33.11798626738899998 ) ) ;
#673 = CARTESIAN_POINT ( 'NONE',  ( 53.78088215633500369, -297.1166250875550645, -24.51798626738900211 ) ) ;
#674 = CIRCLE ( 'NONE', #7163, 1.700000000000000178 ) ;
#675 = CARTESIAN_POINT ( 'NONE',  ( 56.78088215633500369, -229.9913662456876580, -23.81798626738900282 ) ) ;
#676 = LINE ( 'NONE', #7493, #7729 ) ;
#677 = LINE ( 'NONE', #2595, #2208 ) ;
#678 = DIRECTION ( 'NONE',  ( 1.000000000000000000, 0.000000000000000000, 0.000000000000000000 ) ) ;
#679 = ORIENTED_EDGE ( 'NONE', *, *, #3239, .F. ) ;
#680 = VERTEX_POINT ( 'NONE', #1503 ) ;
#681 = EDGE_CURVE ( 'NONE', #2598, #10300, #5729, .T. ) ;
#682 = VERTEX_POINT ( 'NONE', #10174 ) ;
#683 = CARTESIAN_POINT ( 'NONE',  ( 15.94994068936648191, -236.3259594848640575, -40.05783537773031355 ) ) ;
#684 = CARTESIAN_POINT ( 'NONE',  ( 16.08111222915733407, -291.0741307620323823, -39.72264896896075470 ) ) ;
#685 = DIRECTION ( 'NONE',  ( 0.000000000000000000, 0.000000000000000000, 1.000000000000000000 ) ) ;
#686 = EDGE_CURVE ( 'NONE', #5076, #8099, #2100, .T. ) ;
#687 = DIRECTION ( 'NONE',  ( 0.000000000000000000, 0.000000000000000000, -1.000000000000000000 ) ) ;
#688 = CIRCLE ( 'NONE', #331, 1.500000000000001332 ) ;
#689 = CARTESIAN_POINT ( 'NONE',  ( 20.11588215633501520, -237.2108035506304873, -35.11798626738899998 ) ) ;
#690 = DIRECTION ( 'NONE',  ( -0.7071067811865253683, 0.000000000000000000, 0.7071067811865696662 ) ) ;
#691 = DIRECTION ( 'NONE',  ( 0.000000000000000000, -1.000000000000000000, 0.000000000000000000 ) ) ;
#692 = ORIENTED_EDGE ( 'NONE', *, *, #6491, .T. ) ;
#693 = VERTEX_POINT ( 'NONE', #661 ) ;
#694 = AXIS2_PLACEMENT_3D ( 'NONE', #1629, #9405, #5063 ) ;
#695 = EDGE_LOOP ( 'NONE', ( #7761, #2460, #2584, #10397 ) ) ;
#696 = CARTESIAN_POINT ( 'NONE',  ( 33.86421548966835360, -278.3426980068957164, -25.55131960072230157 ) ) ;
#697 = CIRCLE ( 'NONE', #10769, 3.250000000000002665 ) ;
#698 = CARTESIAN_POINT ( 'NONE',  ( 54.19588215633498862, -237.2108035506304873, -23.81798626738900282 ) ) ;
#699 = ADVANCED_FACE ( 'NONE', ( #10007 ), #2643, .F. ) ;
#700 = DIRECTION ( 'NONE',  ( -1.000000000000000000, 0.000000000000000000, 0.000000000000000000 ) ) ;
#701 = CARTESIAN_POINT ( 'NONE',  ( 60.86242640164732620, -241.9531112123994774, -38.95032939526234372 ) ) ;
#702 = EDGE_CURVE ( 'NONE', #5505, #3425, #9898, .T. ) ;
#703 = CARTESIAN_POINT ( 'NONE',  ( 15.95519232800107723, -288.1840387153975485, -40.10228743976319521 ) ) ;
#704 = ADVANCED_FACE ( 'NONE', ( #1903 ), #8725, .T. ) ;
#705 = CARTESIAN_POINT ( 'NONE',  ( 32.63088215633499800, -262.1950313402289794, -23.81798626738900282 ) ) ;
#706 = DIRECTION ( 'NONE',  ( 0.000000000000000000, -1.000000000000000000, 0.000000000000000000 ) ) ;
#707 = AXIS2_PLACEMENT_3D ( 'NONE', #8034, #10563, #8930 ) ;
#708 = AXIS2_PLACEMENT_3D ( 'NONE', #434, #1436, #5669 ) ;
#709 = DIRECTION ( 'NONE',  ( 1.000000000000000000, 2.478176394252580155E-16, 0.000000000000000000 ) ) ;
#710 = EDGE_CURVE ( 'NONE', #3626, #2533, #10291, .T. ) ;
#711 = VERTEX_POINT ( 'NONE', #2685 ) ;
#712 = ORIENTED_EDGE ( 'NONE', *, *, #5599, .F. ) ;
#713 = DIRECTION ( 'NONE',  ( 0.000000000000000000, 0.000000000000000000, 1.000000000000000000 ) ) ;
#714 = DIRECTION ( 'NONE',  ( 0.000000000000000000, 0.000000000000000000, 1.000000000000000000 ) ) ;
#715 = DIRECTION ( 'NONE',  ( 0.000000000000000000, 1.000000000000000000, 0.000000000000000000 ) ) ;
#716 = CIRCLE ( 'NONE', #542, 7.500000000000055067 ) ;
#717 = AXIS2_PLACEMENT_3D ( 'NONE', #2095, #3046, #6485 ) ;
#718 = PLANE ( 'NONE',  #9774 ) ;
#719 = CARTESIAN_POINT ( 'NONE',  ( 25.40588215633500369, -268.2855313402289994, -26.81798626738900282 ) ) ;
#720 = PLANE ( 'NONE',  #6063 ) ;
#721 = DIRECTION ( 'NONE',  ( -0.000000000000000000, -0.000000000000000000, 1.000000000000000000 ) ) ;
#722 = EDGE_CURVE ( 'NONE', #7431, #7774, #2996, .T. ) ;
#723 = CARTESIAN_POINT ( 'NONE',  ( 55.54068324564558878, -285.4271526086632775, -25.15762984576234729 ) ) ;
#724 = DIRECTION ( 'NONE',  ( 0.000000000000000000, 0.000000000000000000, 1.000000000000000000 ) ) ;
#725 = CIRCLE ( 'NONE', #3231, 3.000000000000002665 ) ;
#726 = ORIENTED_EDGE ( 'NONE', *, *, #10547, .F. ) ;
#727 = ORIENTED_EDGE ( 'NONE', *, *, #10544, .T. ) ;
#728 = ORIENTED_EDGE ( 'NONE', *, *, #215, .F. ) ;
#729 = ORIENTED_EDGE ( 'NONE', *, *, #5457, .T. ) ;
#730 = LINE ( 'NONE', #8387, #10787 ) ;
#731 = ORIENTED_EDGE ( 'NONE', *, *, #2219, .T. ) ;
#732 = DIRECTION ( 'NONE',  ( 0.000000000000000000, 0.000000000000000000, -1.000000000000000000 ) ) ;
#733 = CIRCLE ( 'NONE', #10627, 4.250000000000003553 ) ;
#734 = CARTESIAN_POINT ( 'NONE',  ( 24.60588215633499587, -229.9909074294941149, -23.81798626738900282 ) ) ;
#735 = LINE ( 'NONE', #3320, #10021 ) ;
#736 = CARTESIAN_POINT ( 'NONE',  ( 26.90588215633500369, -216.8820313402289912, -33.11798626738899998 ) ) ;
#737 = CARTESIAN_POINT ( 'NONE',  ( 23.48261745265920908, -242.6223982370041199, -24.94125097106480382 ) ) ;
#738 = DIRECTION ( 'NONE',  ( -0.7071067811865475727, -0.000000000000000000, -0.7071067811865475727 ) ) ;
#739 = ORIENTED_EDGE ( 'NONE', *, *, #1671, .T. ) ;
#740 = ORIENTED_EDGE ( 'NONE', *, *, #3114, .T. ) ;
#741 = AXIS2_PLACEMENT_3D ( 'NONE', #2823, #4620, #2039 ) ;
#742 = ORIENTED_EDGE ( 'NONE', *, *, #8761, .F. ) ;
#743 = CARTESIAN_POINT ( 'NONE',  ( 15.82322597958788890, -237.3104151012490490, -40.61572042449511599 ) ) ;
#744 = CARTESIAN_POINT ( 'NONE',  ( 16.10970775886221062, -288.6784275215315461, -38.82165362423535981 ) ) ;
#745 = DIRECTION ( 'NONE',  ( 0.000000000000000000, 0.000000000000000000, 1.000000000000000000 ) ) ;
#746 = VECTOR ( 'NONE', #6172, 1000.000000000000000 ) ;
#747 = DIRECTION ( 'NONE',  ( 0.000000000000000000, 1.000000000000000000, 0.000000000000000000 ) ) ;
#748 = LINE ( 'NONE', #3277, #5912 ) ;
#749 = PLANE ( 'NONE',  #7249 ) ;
#750 = CIRCLE ( 'NONE', #4534, 3.000000000000002665 ) ;
#751 = LINE ( 'NONE', #10155, #3713 ) ;
#752 = ORIENTED_EDGE ( 'NONE', *, *, #3659, .T. ) ;
#753 = EDGE_LOOP ( 'NONE', ( #9513, #7698, #3517, #286 ) ) ;
#754 = AXIS2_PLACEMENT_3D ( 'NONE', #7993, #269, #5549 ) ;
#756 = EDGE_CURVE ( 'NONE', #7728, #7064, #5280, .T. ) ;
#755 = VECTOR ( 'NONE', #4459, 1000.000000000000000 ) ;
#757 = ORIENTED_EDGE ( 'NONE', *, *, #6772, .F. ) ;
#758 = CARTESIAN_POINT ( 'NONE',  ( 53.72213896193790106, -235.2519279251223452, -24.45924307299190303 ) ) ;
#759 = CARTESIAN_POINT ( 'NONE',  ( 18.55252648268299254, -233.2557993184572638, -35.26238839389460367 ) ) ;
#760 = CARTESIAN_POINT ( 'NONE',  ( 23.90588215633500369, -220.8820313402289912, -24.51798626738900211 ) ) ;
#761 = DIRECTION ( 'NONE',  ( -0.000000000000000000, -0.000000000000000000, -1.000000000000000000 ) ) ;
#762 = CARTESIAN_POINT ( 'NONE',  ( 18.61450815429838812, -282.8554143808325421, -38.11798626738898577 ) ) ;
#763 = DIRECTION ( 'NONE',  ( 2.478176394252580155E-16, -1.000000000000000000, 0.000000000000000000 ) ) ;
#764 = AXIS2_PLACEMENT_3D ( 'NONE', #5101, #6794, #8540 ) ;
#765 = DIRECTION ( 'NONE',  ( 1.000000000000000000, 0.000000000000000000, 0.000000000000000000 ) ) ;
#766 = AXIS2_PLACEMENT_3D ( 'NONE', #799, #8623, #5913 ) ;
#767 = DIRECTION ( 'NONE',  ( 1.000000000000000000, 0.000000000000000000, 0.000000000000000000 ) ) ;
#768 = ADVANCED_FACE ( 'NONE', ( #5330 ), #153, .T. ) ;
#769 = ORIENTED_EDGE ( 'NONE', *, *, #10622, .F. ) ;
#770 = ADVANCED_FACE ( 'NONE', ( #6131 ), #3615, .F. ) ;
#771 = ORIENTED_EDGE ( 'NONE', *, *, #7096, .F. ) ;
#772 = EDGE_CURVE ( 'NONE', #9025, #5133, #3897, .T. ) ;
#773 = CARTESIAN_POINT ( 'NONE',  ( 23.90588215633500369, -218.8820313402289912, -23.81798626738900282 ) ) ;
#774 = AXIS2_PLACEMENT_3D ( 'NONE', #457, #3892, #4278 ) ;
#775 = DIRECTION ( 'NONE',  ( -2.906342996400940115E-16, 1.000000000000000000, 0.000000000000000000 ) ) ;
#776 = VECTOR ( 'NONE', #9336, 1000.000000000000000 ) ;
#777 = LINE ( 'NONE', #3585, #1807 ) ;
#778 = LINE ( 'NONE', #7591, #1872 ) ;
#779 = DIRECTION ( 'NONE',  ( -0.000000000000000000, -0.000000000000000000, 1.000000000000000000 ) ) ;
#780 = CARTESIAN_POINT ( 'NONE',  ( 22.07741402984463619, -232.7527026915207102, -25.08765142937645010 ) ) ;
#781 = LINE ( 'NONE', #3305, #9048 ) ;
#782 = ADVANCED_FACE ( 'NONE', ( #3288 ), #2440, .T. ) ;
#783 = LINE ( 'NONE', #8551, #2973 ) ;
#784 = DIRECTION ( 'NONE',  ( 0.000000000000000000, 0.000000000000000000, -1.000000000000000000 ) ) ;
#785 = AXIS2_PLACEMENT_3D ( 'NONE', #2233, #709, #7524 ) ;
#786 = AXIS2_PLACEMENT_3D ( 'NONE', #2906, #2853, #154 ) ;
#787 = VERTEX_POINT ( 'NONE', #3345 ) ;
#788 = EDGE_CURVE ( 'NONE', #2180, #9801, #477, .T. ) ;
#789 = VERTEX_POINT ( 'NONE', #8253 ) ;
#790 = ORIENTED_EDGE ( 'NONE', *, *, #2505, .F. ) ;
#791 = EDGE_CURVE ( 'NONE', #3283, #10875, #4634, .T. ) ;
#792 = EDGE_LOOP ( 'NONE', ( #1089, #8221, #1919, #3666 ) ) ;
#793 = EDGE_CURVE ( 'NONE', #1451, #7970, #2671, .T. ) ;
#794 = DIRECTION ( 'NONE',  ( 0.000000000000000000, -1.000000000000000000, 0.000000000000000000 ) ) ;
#795 = VERTEX_POINT ( 'NONE', #9550 ) ;
#796 = CARTESIAN_POINT ( 'NONE',  ( 22.72402865542459693, -242.0444173523736993, -25.69983976829940886 ) ) ;
#797 = VECTOR ( 'NONE', #9950, 1000.000000000000000 ) ;
#798 = VECTOR ( 'NONE', #1705, 1000.000000000000000 ) ;
#799 = CARTESIAN_POINT ( 'NONE',  ( 53.78088215633500369, -326.3820313402290481, -44.11798626738900708 ) ) ;
#800 = DIRECTION ( 'NONE',  ( 0.9940455301706855318, -0.1089655172413772910, 0.000000000000000000 ) ) ;
#801 = DIRECTION ( 'NONE',  ( 0.000000000000000000, 0.000000000000000000, 1.000000000000000000 ) ) ;
#802 = CARTESIAN_POINT ( 'NONE',  ( 53.78088215633500369, -198.3820313402289344, -44.11798626738900708 ) ) ;
#803 = CARTESIAN_POINT ( 'NONE',  ( 38.78088215633500369, -272.1760313402289739, -23.81798626738900282 ) ) ;
#804 = VERTEX_POINT ( 'NONE', #5266 ) ;
#805 = EDGE_LOOP ( 'NONE', ( #1610, #1337, #574, #5554 ) ) ;
#806 = ORIENTED_EDGE ( 'NONE', *, *, #1448, .T. ) ;
#807 = EDGE_CURVE ( 'NONE', #1723, #6083, #4797, .T. ) ;
#808 = VECTOR ( 'NONE', #3082, 1000.000000000000000 ) ;
#809 = CARTESIAN_POINT ( 'NONE',  ( 15.87897991013100807, -237.5680092370016041, -40.30954989171041802 ) ) ;
#810 = CARTESIAN_POINT ( 'NONE',  ( 23.90588215633500369, -244.4306996717668596, -33.11798626738899998 ) ) ;
#811 = CARTESIAN_POINT ( 'NONE',  ( 17.38225534436780251, -286.7027733799341718, -36.15316790841553285 ) ) ;
#812 = LINE ( 'NONE', #2717, #8772 ) ;
#813 = FACE_OUTER_BOUND ( 'NONE', #8652, .T. ) ;
#814 = CARTESIAN_POINT ( 'NONE',  ( 54.04920578991764302, -240.2179947662199879, -24.78630990097165565 ) ) ;
#815 = CYLINDRICAL_SURFACE ( 'NONE', #4726, 4.250000000000010658 ) ;
#816 = LINE ( 'NONE', #5824, #2266 ) ;
#817 = EDGE_LOOP ( 'NONE', ( #4806, #2782 ) ) ;
#818 = ORIENTED_EDGE ( 'NONE', *, *, #9036, .T. ) ;
#819 = ORIENTED_EDGE ( 'NONE', *, *, #10622, .T. ) ;
#820 = CARTESIAN_POINT ( 'NONE',  ( 48.78088215633500369, -286.8820313402289912, 220.0996348679430525 ) ) ;
#821 = CARTESIAN_POINT ( 'NONE',  ( 16.02610561087135110, -238.3842173429956688, -39.05577519308075551 ) ) ;
#822 = DIRECTION ( 'NONE',  ( 2.478176394252580155E-16, -1.000000000000000000, 0.000000000000000000 ) ) ;
#823 = LINE ( 'NONE', #6173, #1379 ) ;
#824 = CARTESIAN_POINT ( 'NONE',  ( 16.66107818721379985, -294.4774468329408137, -38.98741311108880581 ) ) ;
#825 = DIRECTION ( 'NONE',  ( -0.000000000000000000, -0.000000000000000000, -1.000000000000000000 ) ) ;
#826 = CARTESIAN_POINT ( 'NONE',  ( 52.28088215633500369, -215.3820313402289912, -26.81798626738900282 ) ) ;
#827 = ORIENTED_EDGE ( 'NONE', *, *, #7735, .T. ) ;
#828 = EDGE_LOOP ( 'NONE', ( #3932, #4555, #527, #3143 ) ) ;
#829 = CARTESIAN_POINT ( 'NONE',  ( 61.06088215633495508, -289.9034704378889273, -23.81798626738900282 ) ) ;
#830 = CARTESIAN_POINT ( 'NONE',  ( 32.63088215633499800, -279.5760313402290080, -24.31798626738900282 ) ) ;
#831 = CARTESIAN_POINT ( 'NONE',  ( 22.58411492409782184, -294.6252558775766488, -25.56572842489826414 ) ) ;
#832 = CARTESIAN_POINT ( 'NONE',  ( 23.90588215633500369, -229.9909074294941149, -33.11798626738899998 ) ) ;
#833 = DIRECTION ( 'NONE',  ( 0.000000000000000000, 0.000000000000000000, 1.000000000000000000 ) ) ;
#834 = CARTESIAN_POINT ( 'NONE',  ( 58.89438872895103572, -233.1237711582500651, -37.89602657076257231 ) ) ;
#835 = FACE_OUTER_BOUND ( 'NONE', #1854, .T. ) ;
#836 = AXIS2_PLACEMENT_3D ( 'NONE', #2338, #10958, #658 ) ;
#837 = CARTESIAN_POINT ( 'NONE',  ( 50.78088215633499658, -213.8820313402290196, -24.51798626738900211 ) ) ;
#838 = EDGE_CURVE ( 'NONE', #11080, #7095, #823, .T. ) ;
#839 = DIRECTION ( 'NONE',  ( 2.478176394252580155E-16, -1.000000000000000000, 0.000000000000000000 ) ) ;
#840 = EDGE_LOOP ( 'NONE', ( #4094, #10859, #3411, #10996 ) ) ;
#841 = VERTEX_POINT ( 'NONE', #4419 ) ;
#842 = ORIENTED_EDGE ( 'NONE', *, *, #5090, .F. ) ;
#843 = ORIENTED_EDGE ( 'NONE', *, *, #2976, .T. ) ;
#844 = CARTESIAN_POINT ( 'NONE',  ( 20.18088215633500226, -289.9034704378889273, -35.11798626738899998 ) ) ;
#845 = AXIS2_PLACEMENT_3D ( 'NONE', #5113, #8496, #8437 ) ;
#846 = EDGE_LOOP ( 'NONE', ( #3491, #1871 ) ) ;
#847 = CARTESIAN_POINT ( 'NONE',  ( 26.90588215633500369, -315.3820313402289912, -23.81798626738900282 ) ) ;
#848 = CARTESIAN_POINT ( 'NONE',  ( 44.93088215633500226, -265.8950313402290249, -23.81798626738900282 ) ) ;
#849 = ADVANCED_FACE ( 'NONE', ( #9612 ), #8592, .T. ) ;
#850 = CARTESIAN_POINT ( 'NONE',  ( 61.64260393892399037, -236.5312779384709074, -39.66999848722403499 ) ) ;
#851 = EDGE_CURVE ( 'NONE', #2245, #3526, #198, .T. ) ;
#852 = EDGE_CURVE ( 'NONE', #7688, #4754, #1660, .T. ) ;
#853 = VECTOR ( 'NONE', #5758, 1000.000000000000000 ) ;
#854 = CARTESIAN_POINT ( 'NONE',  ( 32.63088215633499800, -275.8760313402289626, -23.81798626738900282 ) ) ;
#855 = DIRECTION ( 'NONE',  ( -0.000000000000000000, 1.000000000000000000, -0.000000000000000000 ) ) ;
#856 = CARTESIAN_POINT ( 'NONE',  ( 55.81088215633501193, -289.9034704378889273, -33.11798626738899998 ) ) ;
#857 = ORIENTED_EDGE ( 'NONE', *, *, #8717, .F. ) ;
#858 = ORIENTED_EDGE ( 'NONE', *, *, #1972, .T. ) ;
#859 = VERTEX_POINT ( 'NONE', #7072 ) ;
#860 = VERTEX_POINT ( 'NONE', #8924 ) ;
#861 = CARTESIAN_POINT ( 'NONE',  ( 16.86690748360603820, -240.0654437675875101, -38.63098762789729790 ) ) ;
#862 = CARTESIAN_POINT ( 'NONE',  ( 20.82367244131504691, -285.6966625774059594, -24.51798626738894171 ) ) ;
#863 = CARTESIAN_POINT ( 'NONE',  ( 15.95480710514721245, -289.4294222982296674, -40.04729406619757270 ) ) ;
#864 = DIRECTION ( 'NONE',  ( 0.7071067811865471286, 8.659560562354926695E-17, -0.7071067811865479058 ) ) ;
#865 = DIRECTION ( 'NONE',  ( 1.000000000000000000, 0.000000000000000000, 0.000000000000000000 ) ) ;
#866 = EDGE_CURVE ( 'NONE', #1451, #1712, #412, .T. ) ;
#867 = CARTESIAN_POINT ( 'NONE',  ( 38.84338215633500369, -316.8820313402290481, 223.6996348679430184 ) ) ;
#868 = CARTESIAN_POINT ( 'NONE',  ( 29.65588215633500369, -278.2770313402290299, -23.81798626738900282 ) ) ;
#869 = CARTESIAN_POINT ( 'NONE',  ( 52.28088215633500369, -266.1320313402289912, 223.6996348679430184 ) ) ;
#870 = CARTESIAN_POINT ( 'NONE',  ( 21.88088215633500155, -289.9034704378889273, -27.21798626738900140 ) ) ;
#871 = ORIENTED_EDGE ( 'NONE', *, *, #6357, .T. ) ;
#872 = ORIENTED_EDGE ( 'NONE', *, *, #9176, .T. ) ;
#873 = ORIENTED_EDGE ( 'NONE', *, *, #1745, .F. ) ;
#874 = CARTESIAN_POINT ( 'NONE',  ( 38.84338215633500369, -266.1320313402289912, -34.71798626738900140 ) ) ;
#875 = CARTESIAN_POINT ( 'NONE',  ( 15.87955699969900003, -236.8626720624492350, -39.98215680882582745 ) ) ;
#876 = AXIS2_PLACEMENT_3D ( 'NONE', #3126, #11003, #597 ) ;
#877 = DIRECTION ( 'NONE',  ( -1.000000000000000000, 0.000000000000000000, 0.000000000000000000 ) ) ;
#878 = CARTESIAN_POINT ( 'NONE',  ( 18.19501923966877399, -286.1341744625412957, -35.43640011043132176 ) ) ;
#879 = FACE_OUTER_BOUND ( 'NONE', #8572, .T. ) ;
#880 = CARTESIAN_POINT ( 'NONE',  ( 20.11588215633501520, -237.2108035506304873, -43.11798626738900708 ) ) ;
#881 = DIRECTION ( 'NONE',  ( 0.000000000000000000, 1.000000000000000000, 0.000000000000000000 ) ) ;
#882 = CIRCLE ( 'NONE', #517, 4.250000000000003553 ) ;
#883 = CIRCLE ( 'NONE', #7721, 3.000000000000002665 ) ;
#884 = ORIENTED_EDGE ( 'NONE', *, *, #10460, .F. ) ;
#885 = ORIENTED_EDGE ( 'NONE', *, *, #852, .T. ) ;
#886 = DIRECTION ( 'NONE',  ( 1.000000000000000000, 0.000000000000000000, 0.000000000000000000 ) ) ;
#887 = CARTESIAN_POINT ( 'NONE',  ( 53.08088215633500084, -266.1320313402289912, -23.81798626738900282 ) ) ;
#888 = FACE_OUTER_BOUND ( 'NONE', #5121, .T. ) ;
#889 = CARTESIAN_POINT ( 'NONE',  ( 20.24588215633502131, -237.2108035506304873, -23.81798626738900282 ) ) ;
#890 = DIRECTION ( 'NONE',  ( -0.000000000000000000, -0.000000000000000000, 1.000000000000000000 ) ) ;
#891 = CARTESIAN_POINT ( 'NONE',  ( 53.55897566736675941, -290.7951151269601837, -24.29607977842074718 ) ) ;
#892 = AXIS2_PLACEMENT_3D ( 'NONE', #5092, #4575, #10645 ) ;
#893 = DIRECTION ( 'NONE',  ( -0.000000000000000000, -0.000000000000000000, 1.000000000000000000 ) ) ;
#894 = CIRCLE ( 'NONE', #5375, 2.999999999999999112 ) ;
#895 = PLANE ( 'NONE',  #7231 ) ;
#896 = CARTESIAN_POINT ( 'NONE',  ( 55.04296710281290217, -232.4366987929583388, -24.51798626738900921 ) ) ;
#897 = ORIENTED_EDGE ( 'NONE', *, *, #4055, .T. ) ;
#898 = EDGE_LOOP ( 'NONE', ( #8383, #4084, #11027, #7241 ) ) ;
#899 = ORIENTED_EDGE ( 'NONE', *, *, #9238, .T. ) ;
#900 = VECTOR ( 'NONE', #6031, 1000.000000000000000 ) ;
#901 = EDGE_LOOP ( 'NONE', ( #9964, #6297, #10239, #9023 ) ) ;
#902 = AXIS2_PLACEMENT_3D ( 'NONE', #9676, #4440, #7089 ) ;
#903 = CARTESIAN_POINT ( 'NONE',  ( 29.65588215633500369, -276.7770313402290299, -23.81798626738900282 ) ) ;
#904 = EDGE_CURVE ( 'NONE', #5074, #8296, #8873, .T. ) ;
#905 = ORIENTED_EDGE ( 'NONE', *, *, #3015, .F. ) ;
#906 = EDGE_CURVE ( 'NONE', #2406, #4215, #9764, .T. ) ;
#907 = LINE ( 'NONE', #1802, #533 ) ;
#908 = AXIS2_PLACEMENT_3D ( 'NONE', #3478, #10346, #8490 ) ;
#909 = FACE_OUTER_BOUND ( 'NONE', #805, .T. ) ;
#910 = CARTESIAN_POINT ( 'NONE',  ( 57.38088215633500511, -289.9034704378889273, -35.11798626738899998 ) ) ;
#911 = CARTESIAN_POINT ( 'NONE',  ( 23.78088215633500369, -326.3820313402290481, 105.9245421747346825 ) ) ;
#912 = ORIENTED_EDGE ( 'NONE', *, *, #3928, .T. ) ;
#913 = ORIENTED_EDGE ( 'NONE', *, *, #9173, .F. ) ;
#914 = ORIENTED_EDGE ( 'NONE', *, *, #5512, .F. ) ;
#915 = VERTEX_POINT ( 'NONE', #10505 ) ;
#916 = EDGE_CURVE ( 'NONE', #10484, #4556, #7197, .T. ) ;
#918 = EDGE_CURVE ( 'NONE', #10746, #10314, #1257, .T. ) ;
#917 = VECTOR ( 'NONE', #4855, 1000.000000000000000 ) ;
#919 = ADVANCED_FACE ( 'NONE', ( #7236 ), #7128, .F. ) ;
#920 = CARTESIAN_POINT ( 'NONE',  ( 15.86629984937660787, -237.0577844003688881, -40.10743179292011007 ) ) ;
#921 = DIRECTION ( 'NONE',  ( 0.000000000000000000, 0.000000000000000000, -1.000000000000000000 ) ) ;
#922 = CARTESIAN_POINT ( 'NONE',  ( 16.34499360874366403, -288.0600191172019322, -38.01166752958764050 ) ) ;
#923 = CARTESIAN_POINT ( 'NONE',  ( 20.53088215633500013, -326.3820313402290481, -38.11798626738899287 ) ) ;
#924 = EDGE_CURVE ( 'NONE', #1723, #70, #6222, .T. ) ;
#925 = CARTESIAN_POINT ( 'NONE',  ( 53.78787461788787283, -239.3985036729909552, -24.52497872894185704 ) ) ;
#926 = DIRECTION ( 'NONE',  ( 0.000000000000000000, 0.000000000000000000, 1.000000000000000000 ) ) ;
#927 = CIRCLE ( 'NONE', #5762, 3.000000000000003109 ) ;
#928 = CARTESIAN_POINT ( 'NONE',  ( 32.40588215633500369, -297.1475313402289657, 223.6996348679430184 ) ) ;
#929 = DIRECTION ( 'NONE',  ( 1.000000000000000000, 2.906342996400940115E-16, 0.000000000000000000 ) ) ;
#930 = EDGE_LOOP ( 'NONE', ( #2781, #10861, #2134, #558 ) ) ;
#931 = EDGE_LOOP ( 'NONE', ( #10099, #7555, #10968, #4956 ) ) ;
#932 = VERTEX_POINT ( 'NONE', #10554 ) ;
#933 = EDGE_CURVE ( 'NONE', #2588, #2600, #2837, .T. ) ;
#934 = DIRECTION ( 'NONE',  ( 1.000000000000000000, 0.000000000000000000, 0.000000000000000000 ) ) ;
#935 = FACE_OUTER_BOUND ( 'NONE', #10655, .T. ) ;
#936 = CARTESIAN_POINT ( 'NONE',  ( 16.50163334439341511, -292.0406719648607350, -37.60961089939594615 ) ) ;
#937 = CARTESIAN_POINT ( 'NONE',  ( 17.66427624831204923, -283.6054411639857449, -38.32149395191135000 ) ) ;
#938 = VECTOR ( 'NONE', #4091, 1000.000000000000000 ) ;
#939 = CARTESIAN_POINT ( 'NONE',  ( 27.90588215633500369, -305.2570313402290481, -23.81798626738900282 ) ) ;
#940 = DIRECTION ( 'NONE',  ( 0.000000000000000000, -0.000000000000000000, -1.000000000000000000 ) ) ;
#941 = APPLICATION_PROTOCOL_DEFINITION ( 'draft international standard', 'automotive_design', 1998, #2379 ) ;
#942 = AXIS2_PLACEMENT_3D ( 'NONE', #8933, #1212, #8832 ) ;
#943 = ORIENTED_EDGE ( 'NONE', *, *, #4469, .T. ) ;
#944 = ORIENTED_EDGE ( 'NONE', *, *, #6841, .F. ) ;
#945 = CYLINDRICAL_SURFACE ( 'NONE', #525, 4.250000000000003553 ) ;
#946 = FACE_BOUND ( 'NONE', #8705, .T. ) ;
#947 = CARTESIAN_POINT ( 'NONE',  ( 29.65588215633500369, -224.8820313402289912, -23.81798626738900282 ) ) ;
#948 = CIRCLE ( 'NONE', #7411, 2.999999999999999112 ) ;
#949 = DIRECTION ( 'NONE',  ( 0.7071067811865475727, -0.7071067811865475727, 0.000000000000000000 ) ) ;
#950 = DIRECTION ( 'NONE',  ( 0.000000000000000000, -1.000000000000000000, 0.000000000000000000 ) ) ;
#951 = CARTESIAN_POINT ( 'NONE',  ( 60.09089804469944340, -233.7546047552739594, -38.20186759212280236 ) ) ;
#952 = AXIS2_PLACEMENT_3D ( 'NONE', #9777, #1162, #5487 ) ;
#953 = FACE_OUTER_BOUND ( 'NONE', #2109, .T. ) ;
#954 = DIRECTION ( 'NONE',  ( -0.000000000000000000, 1.000000000000000000, -0.000000000000000000 ) ) ;
#955 = CARTESIAN_POINT ( 'NONE',  ( 20.60588215633500653, -285.6747738301858135, -35.11798626738899998 ) ) ;
#956 = VECTOR ( 'NONE', #690, 1000.000000000000114 ) ;
#957 = VERTEX_POINT ( 'NONE', #255 ) ;
#958 = ORIENTED_EDGE ( 'NONE', *, *, #8955, .T. ) ;
#959 = CONICAL_SURFACE ( 'NONE', #7973, 2.300000000000024247, 0.7853981633974518317 ) ;
#960 = EDGE_LOOP ( 'NONE', ( #1320, #8045, #8812, #468 ) ) ;
#961 = CARTESIAN_POINT ( 'NONE',  ( 45.43088215633500937, -265.8950313402290249, -23.81798626738900282 ) ) ;
#962 = B_SPLINE_CURVE_WITH_KNOTS ( 'NONE', 3,
 ( #3014, #598, #9159, #10898, #6456, #3072, #8154, #10731, #5774, #10846, #6618, #9999, #9834, #4033, #2278, #4873, #8318, #2232, #7469, #3180, #9891, #2177, #5613, #3917, #4817, #9052, #10050, #2331, #9214, #1494, #1334, #3128, #4081, #4927, #4767, #651 ),
 .UNSPECIFIED., .F., .F.,
 ( 4, 2, 2, 2, 2, 2, 2, 2, 2, 2, 2, 2, 2, 2, 2, 2, 2, 4 ),
 ( 0.000000000000000000, 0.0005301599110313241553, 0.001060319822062648311, 0.002120639644125255855, 0.003180959466187863616, 0.004241279288250470944, 0.006361918932375605802, 0.007422238754438134634, 0.008482558576500664332, 0.009012718487531969080, 0.009542878398563273828, 0.01060319822062587986, 0.01272383786475101558, 0.01378415768681355048, 0.01484447750887608712, 0.01590479733093862202, 0.01643495724196991983, 0.01696511715300121417 ),
 .UNSPECIFIED. ) ;
#963 = DIRECTION ( 'NONE',  ( 0.000000000000000000, 0.000000000000000000, 1.000000000000000000 ) ) ;
#964 = CARTESIAN_POINT ( 'NONE',  ( 48.78088215633500369, -286.8820313402289912, -38.11798626738899998 ) ) ;
#965 = DIRECTION ( 'NONE',  ( 0.000000000000000000, -0.7071067811865510144, 0.7071067811865441310 ) ) ;
#966 = CARTESIAN_POINT ( 'NONE',  ( 60.29770197196281600, -234.0572102299729238, -36.26224379295977229 ) ) ;
#967 = AXIS2_PLACEMENT_3D ( 'NONE', #8213, #5622, #490 ) ;
#968 = CARTESIAN_POINT ( 'NONE',  ( 58.20157181150742076, -285.7334622256796592, -35.11798626738899998 ) ) ;
#969 = CARTESIAN_POINT ( 'NONE',  ( 20.24588215633502131, -237.2108035506304873, -24.51798626738901632 ) ) ;
#970 = EDGE_CURVE ( 'NONE', #1700, #4615, #1152, .T. ) ;
#971 = ORIENTED_EDGE ( 'NONE', *, *, #8825, .T. ) ;
#972 = ORIENTED_EDGE ( 'NONE', *, *, #4633, .F. ) ;
#973 = ORIENTED_EDGE ( 'NONE', *, *, #6541, .T. ) ;
#974 = VERTEX_POINT ( 'NONE', #6273 ) ;
#975 = CIRCLE ( 'NONE', #5821, 7.250000000000009770 ) ;
#976 = AXIS2_PLACEMENT_3D ( 'NONE', #9780, #6188, #2960 ) ;
#977 = CARTESIAN_POINT ( 'NONE',  ( 20.24588215633502131, -237.2108035506304873, -23.81798626738900282 ) ) ;
#978 = DIRECTION ( 'NONE',  ( 0.000000000000000000, 0.000000000000000000, 1.000000000000000000 ) ) ;
#979 = FACE_OUTER_BOUND ( 'NONE', #4958, .T. ) ;
#980 = CARTESIAN_POINT ( 'NONE',  ( 53.78088215633500369, -331.3820313402290481, -38.11798626738899998 ) ) ;
#981 = DIRECTION ( 'NONE',  ( 0.5773502691896257311, 0.5773502691896257311, 0.5773502691896257311 ) ) ;
#982 = DIRECTION ( 'NONE',  ( 0.000000000000000000, -1.000000000000000000, 0.000000000000000000 ) ) ;
#983 = VECTOR ( 'NONE', #1097, 1000.000000000000000 ) ;
#984 = ADVANCED_FACE ( 'NONE', ( #5425 ), #1201, .F. ) ;
#985 = CARTESIAN_POINT ( 'NONE',  ( 47.78088215633500369, -257.3820313402290481, 220.0996348679430525 ) ) ;
#986 = ORIENTED_EDGE ( 'NONE', *, *, #7815, .T. ) ;
#987 = ORIENTED_EDGE ( 'NONE', *, *, #10038, .T. ) ;
#988 = VERTEX_POINT ( 'NONE', #8818 ) ;
#989 = ADVANCED_FACE ( 'NONE', ( #8077 ), #9030, .F. ) ;
#990 = LINE ( 'NONE', #8653, #6488 ) ;
#991 = PLANE ( 'NONE',  #9020 ) ;
#992 = CARTESIAN_POINT ( 'NONE',  ( 29.65588215633500369, -223.3820313402289912, -23.81798626738900282 ) ) ;
#993 = CYLINDRICAL_SURFACE ( 'NONE', #4026, 3.000000000000002665 ) ;
#994 = DIRECTION ( 'NONE',  ( 0.000000000000000000, -1.000000000000000000, 0.000000000000000000 ) ) ;
#995 = EDGE_CURVE ( 'NONE', #4097, #9119, #10714, .T. ) ;
#996 = DIRECTION ( 'NONE',  ( -1.000000000000000000, -0.000000000000000000, -2.915501640297150339E-16 ) ) ;
#997 = ADVANCED_FACE ( 'NONE', ( #6437 ), #9873, .T. ) ;
#998 = EDGE_CURVE ( 'NONE', #1450, #5074, #1582, .T. ) ;
#999 = VERTEX_POINT ( 'NONE', #5021 ) ;
#1000 = DIRECTION ( 'NONE',  ( 0.000000000000000000, -1.000000000000000000, 0.000000000000000000 ) ) ;
#1001 = LINE ( 'NONE', #3584, #4258 ) ;
#1002 = CARTESIAN_POINT ( 'NONE',  ( 53.78088215633500369, -200.8820313402289912, -41.11798626738899287 ) ) ;
#1003 = DIRECTION ( 'NONE',  ( 0.000000000000000000, 0.000000000000000000, 1.000000000000000000 ) ) ;
#1004 = CARTESIAN_POINT ( 'NONE',  ( 20.90588215633500369, -244.4306996717668596, -45.13880154756031970 ) ) ;
#1005 = CARTESIAN_POINT ( 'NONE',  ( 58.22846836323154918, -233.0334767943454040, -35.11798626738899998 ) ) ;
#1006 = PLANE ( 'NONE',  #7987 ) ;
#1007 = DIRECTION ( 'NONE',  ( 0.000000000000000000, 0.000000000000000000, 1.000000000000000000 ) ) ;
#1008 = EDGE_CURVE ( 'NONE', #10629, #4268, #10932, .T. ) ;
#1009 = CARTESIAN_POINT ( 'NONE',  ( 28.90588215633500013, -312.3820313402289912, 220.0996348679430525 ) ) ;
#1010 = ORIENTED_EDGE ( 'NONE', *, *, #4119, .T. ) ;
#1011 = ORIENTED_EDGE ( 'NONE', *, *, #6761, .F. ) ;
#1012 = VERTEX_POINT ( 'NONE', #6658 ) ;
#1013 = LINE ( 'NONE', #961, #6454 ) ;
#1014 = ORIENTED_EDGE ( 'NONE', *, *, #5964, .F. ) ;
#1015 = CARTESIAN_POINT ( 'NONE',  ( 29.65588215633500369, -238.6320313402290196, -26.81798626738900282 ) ) ;
#1016 = DIRECTION ( 'NONE',  ( 1.000000000000000000, 0.000000000000000000, 0.000000000000000000 ) ) ;
#1017 = DIRECTION ( 'NONE',  ( 0.000000000000000000, 0.000000000000000000, -1.000000000000000000 ) ) ;
#1018 = CARTESIAN_POINT ( 'NONE',  ( 58.24903729776868033, -285.7428037925482158, -38.07427795252735336 ) ) ;
#1019 = CARTESIAN_POINT ( 'NONE',  ( 21.87127404265437391, -232.8336744392373703, -24.93621939135324439 ) ) ;
#1020 = ORIENTED_EDGE ( 'NONE', *, *, #5365, .F. ) ;
#1021 = ORIENTED_EDGE ( 'NONE', *, *, #10295, .T. ) ;
#1022 = VERTEX_POINT ( 'NONE', #5701 ) ;
#1023 = ORIENTED_EDGE ( 'NONE', *, *, #5883, .T. ) ;
#1024 = CARTESIAN_POINT ( 'NONE',  ( 18.67101043748170497, -233.1227825151227080, -37.89616682422032312 ) ) ;
#1025 = LINE ( 'NONE', #3444, #755 ) ;
#1026 = AXIS2_PLACEMENT_3D ( 'NONE', #1730, #211, #10405 ) ;
#1027 = DIRECTION ( 'NONE',  ( 0.000000000000000000, 1.000000000000000000, 0.000000000000000000 ) ) ;
#1028 = CARTESIAN_POINT ( 'NONE',  ( 47.78088215633500369, -258.6820313402290594, -38.11798626738899287 ) ) ;
#1029 = DIRECTION ( 'NONE',  ( -0.7071067811865475727, 0.000000000000000000, 0.7071067811865475727 ) ) ;
#1030 = LINE ( 'NONE', #3623, #5275 ) ;
#1031 = EDGE_CURVE ( 'NONE', #10809, #8768, #2315, .T. ) ;
#1032 = DIRECTION ( 'NONE',  ( -1.000000000000000000, 0.000000000000000000, -0.000000000000000000 ) ) ;
#1033 = ORIENTED_EDGE ( 'NONE', *, *, #10628, .F. ) ;
#1034 = ORIENTED_EDGE ( 'NONE', *, *, #3130, .F. ) ;
#1035 = EDGE_LOOP ( 'NONE', ( #3542, #4558, #1828, #3664 ) ) ;
#1036 = CIRCLE ( 'NONE', #7329, 1.300000000000002487 ) ;
#1037 = DIRECTION ( 'NONE',  ( 0.000000000000000000, 0.000000000000000000, 1.000000000000000000 ) ) ;
#1038 = ADVANCED_FACE ( 'NONE', ( #8239 ), #6972, .F. ) ;
#1039 = PLANE ( 'NONE',  #6335 ) ;
#1040 = DIRECTION ( 'NONE',  ( 0.000000000000000000, 1.000000000000000000, 0.000000000000000000 ) ) ;
#1041 = CARTESIAN_POINT ( 'NONE',  ( 47.78088215633500369, -220.3820313402289912, -34.71798626738900140 ) ) ;
#1042 = CIRCLE ( 'NONE', #2839, 7.249999999999992895 ) ;
#1043 = PLANE ( 'NONE',  #6439 ) ;
#1044 = CARTESIAN_POINT ( 'NONE',  ( 56.78088215633500369, -216.8820313402289912, -38.11798626738899998 ) ) ;
#1045 = ORIENTED_EDGE ( 'NONE', *, *, #8410, .T. ) ;
#1046 = DIRECTION ( 'NONE',  ( 0.000000000000000000, 0.000000000000000000, 1.000000000000000000 ) ) ;
#1047 = AXIS2_PLACEMENT_3D ( 'NONE', #2620, #2733, #1894 ) ;
#1048 = ADVANCED_FACE ( 'NONE', ( #7341 ), #4063, .F. ) ;
#1049 = DIRECTION ( 'NONE',  ( 0.000000000000000000, 0.000000000000000000, -1.000000000000000000 ) ) ;
#1050 = DIRECTION ( 'NONE',  ( 0.000000000000000000, 0.000000000000000000, 1.000000000000000000 ) ) ;
#1051 = EDGE_CURVE ( 'NONE', #5509, #11080, #4963, .T. ) ;
#1052 = EDGE_CURVE ( 'NONE', #2980, #9800, #3216, .T. ) ;
#1053 = CARTESIAN_POINT ( 'NONE',  ( 23.90588215633500369, -297.1171293569119030, -38.11798626738899998 ) ) ;
#1054 = CARTESIAN_POINT ( 'NONE',  ( 56.78088215633500369, -229.9913662456876580, -35.11798626738899998 ) ) ;
#1055 = CARTESIAN_POINT ( 'NONE',  ( 59.51521532806803805, -233.4961969575670935, -35.52977309727319977 ) ) ;
#1056 = DIRECTION ( 'NONE',  ( -0.000000000000000000, -0.000000000000000000, -1.000000000000000000 ) ) ;
#1057 = PLANE ( 'NONE',  #10106 ) ;
#1058 = VECTOR ( 'NONE', #1412, 1000.000000000000114 ) ;
#1059 = EDGE_CURVE ( 'NONE', #4215, #4628, #1390, .T. ) ;
#1060 = AXIS2_PLACEMENT_3D ( 'NONE', #4178, #636, #10880 ) ;
#1061 = CARTESIAN_POINT ( 'NONE',  ( 56.78088215633500369, -282.6903157882228470, -45.13880154756031970 ) ) ;
#1062 = ORIENTED_EDGE ( 'NONE', *, *, #8119, .F. ) ;
#1063 = ORIENTED_EDGE ( 'NONE', *, *, #6984, .F. ) ;
#1064 = ORIENTED_EDGE ( 'NONE', *, *, #6080, .F. ) ;
#1065 = CARTESIAN_POINT ( 'NONE',  ( 60.54888693711561842, -287.0610199964612548, -36.63554892067522673 ) ) ;
#1066 = ORIENTED_EDGE ( 'NONE', *, *, #161, .T. ) ;
#1067 = CARTESIAN_POINT ( 'NONE',  ( 53.78088215633500369, -244.4302408555732882, -24.51798626738900211 ) ) ;
#1068 = VECTOR ( 'NONE', #7700, 1000.000000000000000 ) ;
#1070 = EDGE_CURVE ( 'NONE', #586, #10954, #6424, .T. ) ;
#1069 = AXIS2_PLACEMENT_3D ( 'NONE', #736, #6483, #9914 ) ;
#1071 = CARTESIAN_POINT ( 'NONE',  ( 29.65588215633500369, -237.1320313402289912, -23.81798626738900282 ) ) ;
#1072 = CARTESIAN_POINT ( 'NONE',  ( 61.00980300047102389, -287.6800590494807466, -37.49073998957017295 ) ) ;
#1073 = FACE_BOUND ( 'NONE', #4604, .T. ) ;
#1074 = AXIS2_PLACEMENT_3D ( 'NONE', #9939, #2223, #9092 ) ;
#1075 = ORIENTED_EDGE ( 'NONE', *, *, #8970, .T. ) ;
#1076 = VECTOR ( 'NONE', #2780, 1000.000000000000000 ) ;
#1077 = VERTEX_POINT ( 'NONE', #5872 ) ;
#1078 = ORIENTED_EDGE ( 'NONE', *, *, #10687, .F. ) ;
#1079 = ORIENTED_EDGE ( 'NONE', *, *, #7450, .F. ) ;
#1080 = CARTESIAN_POINT ( 'NONE',  ( 53.78088215633500369, -205.8820313402289912, -44.11798626738900708 ) ) ;
#1081 = CARTESIAN_POINT ( 'NONE',  ( 16.09382811425993864, -234.4375508883807413, -39.77477561765433478 ) ) ;
#1082 = CARTESIAN_POINT ( 'NONE',  ( 32.63088215633499800, -289.5570313402290594, -23.81798626738900282 ) ) ;
#1083 = AXIS2_PLACEMENT_3D ( 'NONE', #7671, #7727, #8568 ) ;
#1084 = CARTESIAN_POINT ( 'NONE',  ( 20.18088215633500226, -289.9034704378889273, -23.81798626738900282 ) ) ;
#1085 = CARTESIAN_POINT ( 'NONE',  ( 28.90588215633500013, -286.8800777381588887, -34.71798626738900140 ) ) ;
#1086 = DIRECTION ( 'NONE',  ( -1.000000000000000000, -1.457750820148579853E-16, 0.000000000000000000 ) ) ;
#1087 = CARTESIAN_POINT ( 'NONE',  ( 26.65588215633500369, -216.6320313402290196, -33.11798626738899998 ) ) ;
#1088 = DIRECTION ( 'NONE',  ( 0.6785983445458477759, -0.2810846377148168984, 0.6785983445458477759 ) ) ;
#1089 = ORIENTED_EDGE ( 'NONE', *, *, #494, .F. ) ;
#1090 = ORIENTED_EDGE ( 'NONE', *, *, #2078, .T. ) ;
#1091 = CIRCLE ( 'NONE', #4680, 0.7500000000000006661 ) ;
#1092 = ORIENTED_EDGE ( 'NONE', *, *, #3792, .F. ) ;
#1093 = DIRECTION ( 'NONE',  ( 0.000000000000000000, 0.000000000000000000, 1.000000000000000000 ) ) ;
#1094 = CARTESIAN_POINT ( 'NONE',  ( 19.36019250116258661, -294.0734786500982523, -35.11798626738899998 ) ) ;
#1095 = DIRECTION ( 'NONE',  ( -0.5773502691896257311, 0.5773502691896257311, 0.5773502691896257311 ) ) ;
#1096 = AXIS2_PLACEMENT_3D ( 'NONE', #253, #8757, #1037 ) ;
#1097 = DIRECTION ( 'NONE',  ( -0.000000000000000000, -0.000000000000000000, -1.000000000000000000 ) ) ;
#1098 = CARTESIAN_POINT ( 'NONE',  ( 16.06544444002044258, -239.9029755121098049, -39.81360820064738704 ) ) ;
#1099 = DIRECTION ( 'NONE',  ( 0.000000000000000000, 1.000000000000000000, 0.000000000000000000 ) ) ;
#1100 = VERTEX_POINT ( 'NONE', #7503 ) ;
#1101 = ADVANCED_FACE ( 'NONE', ( #7452 ), #6596, .T. ) ;
#1102 = PRESENTATION_LAYER_ASSIGNMENT (  '', '', ( #8300 ) ) ;
#1103 = EDGE_LOOP ( 'NONE', ( #5123, #3340, #8443, #4833 ) ) ;
#1104 = LINE ( 'NONE', #8827, #1974 ) ;
#1105 = CARTESIAN_POINT ( 'NONE',  ( 57.44588215633498862, -237.2108035506304873, -24.51798626738900921 ) ) ;
#1106 = DIRECTION ( 'NONE',  ( -1.000000000000000000, 0.000000000000000000, 0.000000000000000000 ) ) ;
#1107 = CARTESIAN_POINT ( 'NONE',  ( 17.89982353966209416, -283.3631038592372420, -38.24191953184024584 ) ) ;
#1108 = DIRECTION ( 'NONE',  ( -0.000000000000000000, -0.000000000000000000, 1.000000000000000000 ) ) ;
#1109 = CARTESIAN_POINT ( 'NONE',  ( 61.64639624597414524, -237.8678005541511880, -39.69549696098888347 ) ) ;
#1110 = FACE_OUTER_BOUND ( 'NONE', #4940, .T. ) ;
#1111 = CARTESIAN_POINT ( 'NONE',  ( 61.78088215633501079, -326.3820313402290481, 105.9245421747346825 ) ) ;
#1112 = VECTOR ( 'NONE', #7140, 1000.000000000000000 ) ;
#1113 = CARTESIAN_POINT ( 'NONE',  ( 32.40588215633500369, -241.6735313402290046, -33.11798626738899998 ) ) ;
#1114 = EDGE_CURVE ( 'NONE', #4242, #9962, #10031, .T. ) ;
#1115 = ADVANCED_FACE ( 'NONE', ( #1420 ), #5649, .F. ) ;
#1116 = ORIENTED_EDGE ( 'NONE', *, *, #2777, .F. ) ;
#1117 = ORIENTED_EDGE ( 'NONE', *, *, #2566, .T. ) ;
#1118 = ORIENTED_EDGE ( 'NONE', *, *, #3102, .F. ) ;
#1119 = FACE_OUTER_BOUND ( 'NONE', #5135, .T. ) ;
#1120 = ORIENTED_EDGE ( 'NONE', *, *, #2333, .F. ) ;
#1121 = VECTOR ( 'NONE', #6129, 1000.000000000000000 ) ;
#1122 = CARTESIAN_POINT ( 'NONE',  ( 53.78088215633500369, -326.3820313402290481, 105.9245421747346825 ) ) ;
#1123 = EDGE_CURVE ( 'NONE', #11076, #260, #6495, .T. ) ;
#1124 = CARTESIAN_POINT ( 'NONE',  ( 23.90588215633500369, -220.8820313402289912, -24.51798626738900211 ) ) ;
#1125 = CARTESIAN_POINT ( 'NONE',  ( 61.61905161834295086, -289.5800484846525364, -39.69850440534231950 ) ) ;
#1126 = VECTOR ( 'NONE', #1649, 1000.000000000000000 ) ;
#1127 = EDGE_CURVE ( 'NONE', #8126, #3210, #6600, .T. ) ;
#1128 = ADVANCED_FACE ( 'NONE', ( #10828 ), #3108, .F. ) ;
#1129 = EDGE_LOOP ( 'NONE', ( #8826, #1626, #7846, #7173 ) ) ;
#1130 = EDGE_CURVE ( 'NONE', #1754, #7497, #9196, .T. ) ;
#1131 = ORIENTED_EDGE ( 'NONE', *, *, #1059, .F. ) ;
#1132 = ORIENTED_EDGE ( 'NONE', *, *, #5472, .T. ) ;
#1133 = ORIENTED_EDGE ( 'NONE', *, *, #3390, .F. ) ;
#1134 = ORIENTED_EDGE ( 'NONE', *, *, #11070, .F. ) ;
#1135 = CARTESIAN_POINT ( 'NONE',  ( 26.90588215633500369, -315.3820313402289912, -38.11798626738899998 ) ) ;
#1136 = CIRCLE ( 'NONE', #7427, 4.250000000000010658 ) ;
#1137 = CARTESIAN_POINT ( 'NONE',  ( 17.88844520617848843, -230.6624831170016137, -38.25180302002068089 ) ) ;
#1138 = VECTOR ( 'NONE', #10636, 1000.000000000000000 ) ;
#1139 = CARTESIAN_POINT ( 'NONE',  ( 32.63088215633499800, -221.1520313402290014, -24.31798626738900282 ) ) ;
#1140 = DIRECTION ( 'NONE',  ( 0.000000000000000000, 0.000000000000000000, -1.000000000000000000 ) ) ;
#1141 = LINE ( 'NONE', #3724, #5551 ) ;
#1142 = CARTESIAN_POINT ( 'NONE',  ( 32.13088215633499800, -225.3520313402290185, -23.81798626738900282 ) ) ;
#1143 = DIRECTION ( 'NONE',  ( -1.000000000000000000, -0.000000000000000000, 0.000000000000000000 ) ) ;
#1144 = ADVANCED_FACE ( 'NONE', ( #1475 ), #634, .F. ) ;
#1145 = AXIS2_PLACEMENT_3D ( 'NONE', #6744, #4205, #9447 ) ;
#1146 = VERTEX_POINT ( 'NONE', #5082 ) ;
#1147 = ORIENTED_EDGE ( 'NONE', *, *, #6695, .F. ) ;
#1148 = AXIS2_PLACEMENT_3D ( 'NONE', #4924, #8371, #648 ) ;
#1149 = ORIENTED_EDGE ( 'NONE', *, *, #8717, .T. ) ;
#1150 = LINE ( 'NONE', #9609, #2170 ) ;
#1151 = CARTESIAN_POINT ( 'NONE',  ( 19.23628318474629850, -294.0678108076027115, -38.01471956167013388 ) ) ;
#1152 = LINE ( 'NONE', #8976, #10735 ) ;
#1153 = VECTOR ( 'NONE', #7851, 1000.000000000000000 ) ;
#1154 = FACE_OUTER_BOUND ( 'NONE', #2644, .T. ) ;
#1155 = CARTESIAN_POINT ( 'NONE',  ( 16.51447387074350459, -232.9362965025379992, -39.14538144282264653 ) ) ;
#1156 = LINE ( 'NONE', #3852, #10477 ) ;
#1157 = ORIENTED_EDGE ( 'NONE', *, *, #6132, .T. ) ;
#1158 = EDGE_LOOP ( 'NONE', ( #5810, #987, #10098, #8219 ) ) ;
#1159 = CYLINDRICAL_SURFACE ( 'NONE', #3042, 1.500000000000001332 ) ;
#1160 = CARTESIAN_POINT ( 'NONE',  ( 30.70588215633500440, -317.4749245590425062, -24.31798626738900282 ) ) ;
#1161 = AXIS2_PLACEMENT_3D ( 'NONE', #8269, #3985, #5847 ) ;
#1162 = DIRECTION ( 'NONE',  ( 0.000000000000000000, 0.000000000000000000, -1.000000000000000000 ) ) ;
#1163 = CARTESIAN_POINT ( 'NONE',  ( 57.44588215633498862, -237.2108035506304873, -43.11798626738900708 ) ) ;
#1164 = CARTESIAN_POINT ( 'NONE',  ( 61.67475285708940902, -236.7641649319544968, -40.27707489837841592 ) ) ;
#1165 = FACE_OUTER_BOUND ( 'NONE', #10587, .T. ) ;
#1166 = LINE ( 'NONE', #8937, #8493 ) ;
#1167 = CARTESIAN_POINT ( 'NONE',  ( 26.90588215633500369, -216.8820313402289912, -23.81798626738900282 ) ) ;
#1168 = ADVANCED_FACE ( 'NONE', ( #5989 ), #10565, .T. ) ;
#1169 = EDGE_LOOP ( 'NONE', ( #1385, #10156 ) ) ;
#1170 = ORIENTED_EDGE ( 'NONE', *, *, #8556, .F. ) ;
#1171 = ORIENTED_EDGE ( 'NONE', *, *, #89, .F. ) ;
#1172 = CARTESIAN_POINT ( 'NONE',  ( 61.45600418837080525, -288.6798828486825528, -38.82598962065279835 ) ) ;
#1173 = CARTESIAN_POINT ( 'NONE',  ( 50.78088215633499658, -210.8820313402290196, -35.11798626738899998 ) ) ;
#1174 = CARTESIAN_POINT ( 'NONE',  ( 32.40588215633500369, -295.6475313402290226, -33.11798626738899998 ) ) ;
#1175 = ADVANCED_FACE ( 'NONE', ( #3509 ), #10378, .F. ) ;
#1176 = CARTESIAN_POINT ( 'NONE',  ( 20.90588215633500369, -230.0039734568930214, -43.11798626738900708 ) ) ;
#1177 = CARTESIAN_POINT ( 'NONE',  ( 61.70482595842864271, -289.6939567372415922, -40.44665833982406866 ) ) ;
#1178 = VERTEX_POINT ( 'NONE', #1645 ) ;
#1179 = ORIENTED_EDGE ( 'NONE', *, *, #4640, .F. ) ;
#1180 = ORIENTED_EDGE ( 'NONE', *, *, #6747, .F. ) ;
#1181 = EDGE_LOOP ( 'NONE', ( #10053, #3380, #8739, #6278, #8798, #2073 ) ) ;
#1182 = EDGE_LOOP ( 'NONE', ( #912, #9091, #5406, #6526 ) ) ;
#1183 = FACE_OUTER_BOUND ( 'NONE', #3140, .T. ) ;
#1184 = EDGE_CURVE ( 'NONE', #6694, #8785, #3551, .T. ) ;
#1185 = CARTESIAN_POINT ( 'NONE',  ( 18.36360774585973488, -233.2285575359529446, -37.91242504087954046 ) ) ;
#1186 = ADVANCED_FACE ( 'NONE', ( #3561 ), #6103, .T. ) ;
#1187 = CARTESIAN_POINT ( 'NONE',  ( 18.54588215633502202, -237.2108035506304873, -27.21798626738900140 ) ) ;
#1188 = EDGE_CURVE ( 'NONE', #6084, #3326, #1704, .T. ) ;
#1189 = DIRECTION ( 'NONE',  ( 0.000000000000000000, 0.000000000000000000, 1.000000000000000000 ) ) ;
#1190 = VECTOR ( 'NONE', #7647, 1000.000000000000000 ) ;
#1191 = LINE ( 'NONE', #1243, #6816 ) ;
#1192 = LINE ( 'NONE', #6319, #2760 ) ;
#1193 = DIRECTION ( 'NONE',  ( 0.000000000000000000, 0.000000000000000000, -1.000000000000000000 ) ) ;
#1194 = ORIENTED_EDGE ( 'NONE', *, *, #1319, .T. ) ;
#1195 = ORIENTED_EDGE ( 'NONE', *, *, #10491, .T. ) ;
#1196 = VERTEX_POINT ( 'NONE', #3446 ) ;
#1197 = VECTOR ( 'NONE', #9309, 1000.000000000000000 ) ;
#1198 = DIRECTION ( 'NONE',  ( -0.000000000000000000, -0.000000000000000000, -1.000000000000000000 ) ) ;
#1199 = EDGE_CURVE ( 'NONE', #1524, #8263, #2659, .T. ) ;
#1200 = PLANE ( 'NONE',  #2736 ) ;
#1201 = PLANE ( 'NONE',  #8228 ) ;
#1202 = DIRECTION ( 'NONE',  ( 1.000000000000000000, 0.000000000000000000, 0.000000000000000000 ) ) ;
#1203 = CARTESIAN_POINT ( 'NONE',  ( 15.82674804259001000, -236.8528582797100341, -40.59426543439477086 ) ) ;
#1204 = CARTESIAN_POINT ( 'NONE',  ( 23.90588215633500369, -216.8820313402289912, -33.11798626738899998 ) ) ;
#1205 = AXIS2_PLACEMENT_3D ( 'NONE', #5305, #745, #6777 ) ;
#1206 = ORIENTED_EDGE ( 'NONE', *, *, #7248, .F. ) ;
#1207 = ORIENTED_EDGE ( 'NONE', *, *, #1817, .T. ) ;
#1208 = CARTESIAN_POINT ( 'NONE',  ( 22.91691102385626166, -294.3840187878627148, -25.50695739986774413 ) ) ;
#1209 = CARTESIAN_POINT ( 'NONE',  ( 57.51088215633501477, -289.9034704378889273, -23.81798626738900282 ) ) ;
#1210 = CIRCLE ( 'NONE', #10572, 7.250000000000006217 ) ;
#1211 = LINE ( 'NONE', #7193, #7413 ) ;
#1212 = DIRECTION ( 'NONE',  ( -0.000000000000000000, -0.000000000000000000, 1.000000000000000000 ) ) ;
#1213 = CARTESIAN_POINT ( 'NONE',  ( 61.64897610653499527, -236.5704199190866461, -39.71371604717977277 ) ) ;
#1214 = DIRECTION ( 'NONE',  ( -1.000000000000000000, 0.000000000000000000, 0.000000000000000000 ) ) ;
#1215 = CARTESIAN_POINT ( 'NONE',  ( 53.55904765613482255, -289.0111493688657447, -24.29615176718881386 ) ) ;
#1216 = CARTESIAN_POINT ( 'NONE',  ( 18.78088215633500013, -326.3820313402290481, -41.11798626738899287 ) ) ;
#1217 = DIRECTION ( 'NONE',  ( 0.000000000000000000, 0.000000000000000000, -1.000000000000000000 ) ) ;
#1218 = AXIS2_PLACEMENT_3D ( 'NONE', #4031, #2329, #1434 ) ;
#1219 = VERTEX_POINT ( 'NONE', #4407 ) ;
#1220 = ORIENTED_EDGE ( 'NONE', *, *, #4422, .F. ) ;
#1221 = VERTEX_POINT ( 'NONE', #9538 ) ;
#1222 = CARTESIAN_POINT ( 'NONE',  ( 56.78088215633500369, -244.4302408555732882, -45.13880154756031970 ) ) ;
#1223 = CARTESIAN_POINT ( 'NONE',  ( 20.90588215633500369, -244.4306996717668596, -33.11798626738899998 ) ) ;
#1224 = DIRECTION ( 'NONE',  ( -1.000000000000000000, 0.000000000000000000, 0.000000000000000000 ) ) ;
#1225 = EDGE_CURVE ( 'NONE', #8795, #2034, #812, .T. ) ;
#1226 = DIRECTION ( 'NONE',  ( 0.000000000000000000, 0.000000000000000000, -1.000000000000000000 ) ) ;
#1227 = AXIS2_PLACEMENT_3D ( 'NONE', #5931, #1706, #6835 ) ;
#1228 = CARTESIAN_POINT ( 'NONE',  ( 61.63002298502735954, -288.4141387990205772, -40.17662474406160555 ) ) ;
#1229 = EDGE_LOOP ( 'NONE', ( #3090, #3906, #10531, #4835 ) ) ;
#1230 = ORIENTED_EDGE ( 'NONE', *, *, #788, .F. ) ;
#1231 = EDGE_LOOP ( 'NONE', ( #4893, #8755, #11009, #2408, #1118, #5091, #4730 ) ) ;
#1232 = EDGE_CURVE ( 'NONE', #10913, #9825, #1760, .T. ) ;
#1233 = CIRCLE ( 'NONE', #6821, 4.250000000000010658 ) ;
#1234 = ORIENTED_EDGE ( 'NONE', *, *, #9111, .T. ) ;
#1235 = AXIS2_PLACEMENT_3D ( 'NONE', #7935, #2015, #9626 ) ;
#1236 = ORIENTED_EDGE ( 'NONE', *, *, #1972, .F. ) ;
#1237 = CARTESIAN_POINT ( 'NONE',  ( 18.78088215633500013, -205.8820313402289912, -41.11798626738899287 ) ) ;
#1238 = FACE_OUTER_BOUND ( 'NONE', #1655, .T. ) ;
#1239 = CARTESIAN_POINT ( 'NONE',  ( 38.84338215633500369, -239.0330313402290017, -23.81798626738900282 ) ) ;
#1240 = DIRECTION ( 'NONE',  ( -0.000000000000000000, -0.000000000000000000, -1.000000000000000000 ) ) ;
#1241 = AXIS2_PLACEMENT_3D ( 'NONE', #6256, #4619, #6421 ) ;
#1242 = AXIS2_PLACEMENT_3D ( 'NONE', #5310, #2723, #7745 ) ;
#1243 = CARTESIAN_POINT ( 'NONE',  ( 61.69588215633499573, -237.2108035506304873, -45.13880154756031970 ) ) ;
#1244 = LINE ( 'NONE', #3045, #10485 ) ;
#1245 = DIRECTION ( 'NONE',  ( -1.000000000000000000, 0.000000000000000000, 0.000000000000000000 ) ) ;
#1246 = EDGE_CURVE ( 'NONE', #4628, #2121, #5250, .T. ) ;
#1247 = ORIENTED_EDGE ( 'NONE', *, *, #8554, .F. ) ;
#1248 = VERTEX_POINT ( 'NONE', #4234 ) ;
#1249 = ADVANCED_FACE ( 'NONE', ( #979 ), #9478, .T. ) ;
#1251 = ADVANCED_FACE ( 'NONE', ( #4176 ), #7625, .F. ) ;
#1250 = VERTEX_POINT ( 'NONE', #5195 ) ;
#1252 = AXIS2_PLACEMENT_3D ( 'NONE', #3820, #5558, #279 ) ;
#1253 = AXIS2_PLACEMENT_3D ( 'NONE', #803, #2650, #7787 ) ;
#1254 = DIRECTION ( 'NONE',  ( 0.000000000000000000, 0.000000000000000000, 1.000000000000000000 ) ) ;
#1255 = ADVANCED_FACE ( 'NONE', ( #8579 ), #5929, .F. ) ;
#1256 = DIRECTION ( 'NONE',  ( 0.000000000000000000, -1.000000000000000000, 0.000000000000000000 ) ) ;
#1257 = LINE ( 'NONE', #2103, #9669 ) ;
#1258 = DIRECTION ( 'NONE',  ( 1.000000000000000000, 0.000000000000000000, 0.000000000000000000 ) ) ;
#1259 = CARTESIAN_POINT ( 'NONE',  ( 16.90616590028478328, -242.3951442814508539, -38.76857685021174404 ) ) ;
#1260 = LINE ( 'NONE', #523, #8323 ) ;
#1261 = AXIS2_PLACEMENT_3D ( 'NONE', #1968, #3021, #3874 ) ;
#1262 = EDGE_CURVE ( 'NONE', #10071, #6139, #6833, .T. ) ;
#1263 = EDGE_LOOP ( 'NONE', ( #6010, #8588, #2322, #41 ) ) ;
#1264 = ADVANCED_FACE ( 'NONE', ( #4292 ), #4077, .F. ) ;
#1265 = ORIENTED_EDGE ( 'NONE', *, *, #4883, .F. ) ;
#1266 = CARTESIAN_POINT ( 'NONE',  ( 61.70572602760833547, -290.2615712081590118, -40.45068662440433371 ) ) ;
#1267 = DIRECTION ( 'NONE',  ( 1.000000000000000000, 0.000000000000000000, 0.000000000000000000 ) ) ;
#1268 = CIRCLE ( 'NONE', #10078, 2.999999999999999112 ) ;
#1269 = DIRECTION ( 'NONE',  ( 0.000000000000000000, 0.000000000000000000, 1.000000000000000000 ) ) ;
#1270 = DIRECTION ( 'NONE',  ( 0.000000000000000000, 0.000000000000000000, -1.000000000000000000 ) ) ;
#1271 = CARTESIAN_POINT ( 'NONE',  ( 61.35529934702276478, -235.4776486974210741, -39.47349634720617217 ) ) ;
#1272 = CARTESIAN_POINT ( 'NONE',  ( 53.78088215633500369, -197.8820313402289912, -43.61798626738902840 ) ) ;
#1273 = DIRECTION ( 'NONE',  ( 1.000000000000000000, 2.915501640297150339E-16, 0.000000000000000000 ) ) ;
#1274 = LINE ( 'NONE', #1111, #5260 ) ;
#1275 = LINE ( 'NONE', #8204, #9529 ) ;
#1276 = VECTOR ( 'NONE', #2904, 1000.000000000000000 ) ;
#1277 = VERTEX_POINT ( 'NONE', #8643 ) ;
#1278 = EDGE_LOOP ( 'NONE', ( #6968, #2651, #6195, #2751 ) ) ;
#1279 = ORIENTED_EDGE ( 'NONE', *, *, #2639, .F. ) ;
#1280 = LINE ( 'NONE', #8942, #9698 ) ;
#1281 = CARTESIAN_POINT ( 'NONE',  ( 20.18088215633500226, -289.9034704378889273, -27.21798626738900140 ) ) ;
#1282 = DIRECTION ( 'NONE',  ( 0.000000000000000000, 1.000000000000000000, 0.000000000000000000 ) ) ;
#1283 = AXIS2_PLACEMENT_3D ( 'NONE', #10336, #5265, #877 ) ;
#1284 = DIRECTION ( 'NONE',  ( 0.000000000000000000, 0.000000000000000000, -1.000000000000000000 ) ) ;
#1285 = DIRECTION ( 'NONE',  ( 0.000000000000000000, 0.7071067811865230368, 0.7071067811865721087 ) ) ;
#1286 = CARTESIAN_POINT ( 'NONE',  ( 60.22168131699968541, -295.7579835491623044, -38.48482586984975740 ) ) ;
#1287 = ORIENTED_EDGE ( 'NONE', *, *, #2843, .T. ) ;
#1288 = AXIS2_PLACEMENT_3D ( 'NONE', #4872, #10789, #9156 ) ;
#1289 = ORIENTED_EDGE ( 'NONE', *, *, #3155, .F. ) ;
#1290 = ORIENTED_EDGE ( 'NONE', *, *, #5055, .T. ) ;
#1291 = CIRCLE ( 'NONE', #952, 0.7499999999999729106 ) ;
#1292 = ORIENTED_EDGE ( 'NONE', *, *, #182, .T. ) ;
#1293 = ORIENTED_EDGE ( 'NONE', *, *, #5472, .F. ) ;
#1294 = DIRECTION ( 'NONE',  ( 1.000000000000000000, 2.478176394252580155E-16, 0.000000000000000000 ) ) ;
#1295 = CARTESIAN_POINT ( 'NONE',  ( 29.65588215633500369, -276.7770313402290299, -23.81798626738900282 ) ) ;
#1296 = DIRECTION ( 'NONE',  ( 0.000000000000000000, 0.000000000000000000, 1.000000000000000000 ) ) ;
#1297 = LINE ( 'NONE', #6707, #7701 ) ;
#1299 = ADVANCED_FACE ( 'NONE', ( #2042 ), #7166, .T. ) ;
#1298 = CIRCLE ( 'NONE', #7604, 4.250000000000003553 ) ;
#1300 = CARTESIAN_POINT ( 'NONE',  ( 44.93088215633500226, -221.1520313402290014, -26.81798626738900282 ) ) ;
#1301 = DIRECTION ( 'NONE',  ( -1.000000000000000000, -0.000000000000000000, -2.915501640297150339E-16 ) ) ;
#1302 =( BOUNDED_CURVE ( )  B_SPLINE_CURVE ( 3, ( #8449, #4839, #8337, #7608 ),
 .UNSPECIFIED., .F., .F. ) 
 B_SPLINE_CURVE_WITH_KNOTS ( ( 4, 4 ),
 ( 5.358319292313997728, 6.283185307179586232 ),
 .UNSPECIFIED. ) 
 CURVE ( )  GEOMETRIC_REPRESENTATION_ITEM ( )  RATIONAL_B_SPLINE_CURVE ( ( 1.000000000000000000, 0.9299798116305316720, 0.9299798116305316720, 1.000000000000000000 ) ) 
 REPRESENTATION_ITEM ( '' )  );
#1303 = LINE ( 'NONE', #4582, #4492 ) ;
#1304 = VERTEX_POINT ( 'NONE', #5354 ) ;
#1305 = ORIENTED_EDGE ( 'NONE', *, *, #1608, .T. ) ;
#1306 = EDGE_LOOP ( 'NONE', ( #3237, #4999, #3032, #10037 ) ) ;
#1307 = VECTOR ( 'NONE', #7683, 1000.000000000000114 ) ;
#1308 = AXIS2_PLACEMENT_3D ( 'NONE', #4562, #8004, #2128 ) ;
#1309 = DIRECTION ( 'NONE',  ( 0.000000000000000000, -1.000000000000000000, 0.000000000000000000 ) ) ;
#1310 = CARTESIAN_POINT ( 'NONE',  ( 17.13306010881006003, -292.9836631641553026, -38.41397903788935508 ) ) ;
#1311 = CARTESIAN_POINT ( 'NONE',  ( 38.84338215633500369, -216.9520313402290128, -23.81798626738900282 ) ) ;
#1312 = EDGE_CURVE ( 'NONE', #10056, #9743, #486, .T. ) ;
#1313 = CARTESIAN_POINT ( 'NONE',  ( 54.33389833696233495, -233.8232253672681793, -24.86204346323592063 ) ) ;
#1314 = CARTESIAN_POINT ( 'NONE',  ( 18.02386479989291246, -230.5381835422062125, -38.21205311429588392 ) ) ;
#1315 = AXIS2_PLACEMENT_3D ( 'NONE', #5470, #348, #4581 ) ;
#1316 = DIRECTION ( 'NONE',  ( -1.000000000000000000, 0.000000000000000000, 0.000000000000000000 ) ) ;
#1317 = AXIS2_PLACEMENT_3D ( 'NONE', #2500, #1545, #8422 ) ;
#1318 = EDGE_LOOP ( 'NONE', ( #10686, #1034, #4512, #5587 ) ) ;
#1319 = EDGE_CURVE ( 'NONE', #4889, #795, #1036, .T. ) ;
#1320 = ORIENTED_EDGE ( 'NONE', *, *, #5182, .T. ) ;
#1321 = DIRECTION ( 'NONE',  ( 0.000000000000000000, -1.000000000000000000, 0.000000000000000000 ) ) ;
#1322 = VECTOR ( 'NONE', #7827, 1000.000000000000114 ) ;
#1323 = CIRCLE ( 'NONE', #8718, 3.000000000000002665 ) ;
#1324 = DIRECTION ( 'NONE',  ( 0.000000000000000000, 0.000000000000000000, -1.000000000000000000 ) ) ;
#1325 = CARTESIAN_POINT ( 'NONE',  ( 24.13024871264081384, -289.0117179317167597, -24.29361971108319196 ) ) ;
#1326 = EDGE_CURVE ( 'NONE', #9976, #2083, #1986, .T. ) ;
#1327 = DIRECTION ( 'NONE',  ( 0.5773502691896257311, -0.5773502691896257311, 0.5773502691896257311 ) ) ;
#1328 = CARTESIAN_POINT ( 'NONE',  ( 61.69837405392909346, -236.1183844146638364, -40.41585115743313850 ) ) ;
#1329 = EDGE_CURVE ( 'NONE', #10584, #10071, #492, .T. ) ;
#1330 = CARTESIAN_POINT ( 'NONE',  ( 47.35588215633499942, -266.1320313402289912, -23.81798626738900282 ) ) ;
#1331 = EDGE_CURVE ( 'NONE', #4941, #8908, #6317, .T. ) ;
#1332 = FACE_OUTER_BOUND ( 'NONE', #671, .T. ) ;
#1333 = CARTESIAN_POINT ( 'NONE',  ( 32.63088215633499800, -231.1330313402289960, -23.81798626738900282 ) ) ;
#1334 = CARTESIAN_POINT ( 'NONE',  ( 59.91740775345170533, -243.5241143197879410, -38.32900784511691938 ) ) ;
#1335 = DIRECTION ( 'NONE',  ( -0.9965696216027982723, 0.08275862068966380325, 0.000000000000000000 ) ) ;
#1336 = ORIENTED_EDGE ( 'NONE', *, *, #9297, .T. ) ;
#1337 = ORIENTED_EDGE ( 'NONE', *, *, #2006, .T. ) ;
#1338 = DIRECTION ( 'NONE',  ( 0.000000000000000000, 0.000000000000000000, 1.000000000000000000 ) ) ;
#1339 = CARTESIAN_POINT ( 'NONE',  ( 61.61402034237194414, -290.2873428502233537, -39.66352448603492320 ) ) ;
#1340 = SPHERICAL_SURFACE ( 'NONE', #5945, 3.000000000000000000 ) ;
#1341 = PLANE ( 'NONE',  #2386 ) ;
#1342 = EDGE_CURVE ( 'NONE', #6432, #7106, #6435, .T. ) ;
#1343 = LINE ( 'NONE', #4042, #622 ) ;
#1344 = VECTOR ( 'NONE', #5786, 1000.000000000000000 ) ;
#1345 = CARTESIAN_POINT ( 'NONE',  ( 59.15601464867815196, -293.8721269110521348, -37.90201875813598775 ) ) ;
#1346 = EDGE_LOOP ( 'NONE', ( #9787, #1020, #7204, #10863 ) ) ;
#1347 = EDGE_LOOP ( 'NONE', ( #2506, #601, #10254 ) ) ;
#1348 = ORIENTED_EDGE ( 'NONE', *, *, #5561, .T. ) ;
#1349 = VERTEX_POINT ( 'NONE', #4520 ) ;
#1350 = CARTESIAN_POINT ( 'NONE',  ( 61.69588215633499573, -237.2956250468156441, -40.11161903819274244 ) ) ;
#1351 = ORIENTED_EDGE ( 'NONE', *, *, #8366, .F. ) ;
#1352 = CARTESIAN_POINT ( 'NONE',  ( 53.78088215633500369, -331.3820313402290481, -41.11798626738899998 ) ) ;
#1353 =( NAMED_UNIT ( * ) SI_UNIT ( $, .STERADIAN. ) SOLID_ANGLE_UNIT ( ) );
#1354 = CARTESIAN_POINT ( 'NONE',  ( 38.84338215633500369, -300.9000313402290203, -23.81798626738900282 ) ) ;
#1355 = DIRECTION ( 'NONE',  ( -0.7071067811865475727, 0.000000000000000000, 0.7071067811865475727 ) ) ;
#1356 = CARTESIAN_POINT ( 'NONE',  ( 32.63088215633499800, -234.8330313402290130, -23.81798626738900282 ) ) ;
#1357 = DIRECTION ( 'NONE',  ( 1.000000000000000000, 0.000000000000000000, 0.000000000000000000 ) ) ;
#1358 = DIRECTION ( 'NONE',  ( 1.000000000000000000, 0.000000000000000000, 0.000000000000000000 ) ) ;
#1359 = ORIENTED_EDGE ( 'NONE', *, *, #3048, .F. ) ;
#1360 = ORIENTED_EDGE ( 'NONE', *, *, #4358, .T. ) ;
#1361 = ORIENTED_EDGE ( 'NONE', *, *, #2558, .F. ) ;
#1362 = CARTESIAN_POINT ( 'NONE',  ( 53.78088215633500369, -218.8820313402289912, -38.11798626738899998 ) ) ;
#1363 = CARTESIAN_POINT ( 'NONE',  ( 16.12698791476785232, -292.6805563152823879, -39.71115258119852598 ) ) ;
#1364 = CARTESIAN_POINT ( 'NONE',  ( 26.90588215633500369, -318.3820313402290481, -24.51798626738900211 ) ) ;
#1365 = EDGE_CURVE ( 'NONE', #9904, #2309, #141, .T. ) ;
#1366 = PLANE ( 'NONE',  #5293 ) ;
#1367 = CARTESIAN_POINT ( 'NONE',  ( 56.62629585666628884, -241.4272591653873405, -24.55908204547313645 ) ) ;
#1368 = DIRECTION ( 'NONE',  ( 1.000000000000000000, 0.000000000000000000, 0.000000000000000000 ) ) ;
#1369 = ORIENTED_EDGE ( 'NONE', *, *, #564, .F. ) ;
#1370 = AXIS2_PLACEMENT_3D ( 'NONE', #440, #3135, #4720 ) ;
#1371 = EDGE_CURVE ( 'NONE', #6193, #10732, #11105, .T. ) ;
#1372 = ORIENTED_EDGE ( 'NONE', *, *, #1752, .T. ) ;
#1373 = LINE ( 'NONE', #4807, #1606 ) ;
#1374 = DIRECTION ( 'NONE',  ( 1.000000000000000000, 0.000000000000000000, 0.000000000000000000 ) ) ;
#1375 = CARTESIAN_POINT ( 'NONE',  ( 15.99588215633501420, -237.2108035506304873, -24.51798626738901632 ) ) ;
#1376 = DIRECTION ( 'NONE',  ( 1.000000000000000000, 0.000000000000000000, 0.000000000000000000 ) ) ;
#1377 = CARTESIAN_POINT ( 'NONE',  ( 59.24299494245177300, -244.1155262389966083, -38.14549606372518298 ) ) ;
#1378 = FACE_OUTER_BOUND ( 'NONE', #7022, .T. ) ;
#1379 = VECTOR ( 'NONE', #4247, 1000.000000000000000 ) ;
#1380 = CARTESIAN_POINT ( 'NONE',  ( 56.78088215633500369, -229.9913662456876580, -33.11798626738899998 ) ) ;
#1381 = DIRECTION ( 'NONE',  ( -0.7071067811865523467, 0.000000000000000000, -0.7071067811865426878 ) ) ;
#1382 = FACE_OUTER_BOUND ( 'NONE', #9737, .T. ) ;
#1383 = CARTESIAN_POINT ( 'NONE',  ( 29.65588215633500369, -278.2770313402290299, -26.81798626738900282 ) ) ;
#1384 = EDGE_CURVE ( 'NONE', #7484, #4700, #6375, .T. ) ;
#1385 = ORIENTED_EDGE ( 'NONE', *, *, #29, .T. ) ;
#1386 = EDGE_CURVE ( 'NONE', #8600, #6884, #7508, .T. ) ;
#1387 = ORIENTED_EDGE ( 'NONE', *, *, #3945, .F. ) ;
#1388 = EDGE_CURVE ( 'NONE', #7686, #1651, #7282, .T. ) ;
#1389 = DIRECTION ( 'NONE',  ( -0.000000000000000000, -0.000000000000000000, -1.000000000000000000 ) ) ;
#1390 = CIRCLE ( 'NONE', #8401, 3.000000000000002665 ) ;
#1391 = CARTESIAN_POINT ( 'NONE',  ( 58.81614889595098816, -293.9068589279051480, -35.20468900103753640 ) ) ;
#1392 = CYLINDRICAL_SURFACE ( 'NONE', #6128, 3.249999999999999556 ) ;
#1393 = DIRECTION ( 'NONE',  ( 0.000000000000000000, 0.000000000000000000, 1.000000000000000000 ) ) ;
#1394 = EDGE_CURVE ( 'NONE', #9967, #1513, #10705, .T. ) ;
#1395 = CARTESIAN_POINT ( 'NONE',  ( 53.78088215633500369, -266.1320313402289912, -24.51798626738900921 ) ) ;
#1396 = CARTESIAN_POINT ( 'NONE',  ( 59.05061982629786144, -293.9131612391458361, -37.89280708705319967 ) ) ;
#1397 = EDGE_LOOP ( 'NONE', ( #7925, #7496, #10073, #9772 ) ) ;
#1398 = VERTEX_POINT ( 'NONE', #3677 ) ;
#1399 = ORIENTED_EDGE ( 'NONE', *, *, #6788, .T. ) ;
#1400 = ORIENTED_EDGE ( 'NONE', *, *, #7659, .T. ) ;
#1401 = EDGE_CURVE ( 'NONE', #589, #4096, #1940, .T. ) ;
#1402 = CARTESIAN_POINT ( 'NONE',  ( 58.55369350569121423, -241.3170731356563010, -35.13776679810850112 ) ) ;
#1403 = ORIENTED_EDGE ( 'NONE', *, *, #8491, .F. ) ;
#1404 = DIRECTION ( 'NONE',  ( 1.000000000000000000, 0.000000000000000000, 0.000000000000000000 ) ) ;
#1405 = CIRCLE ( 'NONE', #876, 2.999999999999999112 ) ;
#1406 = DIRECTION ( 'NONE',  ( 1.000000000000000000, 0.000000000000000000, 0.000000000000000000 ) ) ;
#1407 = DIRECTION ( 'NONE',  ( -0.000000000000000000, -0.000000000000000000, 1.000000000000000000 ) ) ;
#1408 = DIRECTION ( 'NONE',  ( 0.000000000000000000, 0.000000000000000000, 1.000000000000000000 ) ) ;
#1409 = FACE_BOUND ( 'NONE', #10696, .T. ) ;
#1410 = CARTESIAN_POINT ( 'NONE',  ( 46.85588215633499942, -317.8820313402290481, -24.72509304857560153 ) ) ;
#1411 = AXIS2_PLACEMENT_3D ( 'NONE', #4333, #5908, #1857 ) ;
#1412 = DIRECTION ( 'NONE',  ( 0.000000000000000000, -0.7071067811865474617, 0.7071067811865474617 ) ) ;
#1413 = CIRCLE ( 'NONE', #2669, 1.000000000000000888 ) ;
#1414 = ORIENTED_EDGE ( 'NONE', *, *, #7124, .T. ) ;
#1415 = VERTEX_POINT ( 'NONE', #10539 ) ;
#1416 = ORIENTED_EDGE ( 'NONE', *, *, #10730, .T. ) ;
#1417 = CARTESIAN_POINT ( 'NONE',  ( 58.78088215633499658, -230.0847755546147653, -38.11798626738899998 ) ) ;
#1418 = VECTOR ( 'NONE', #7387, 1000.000000000000000 ) ;
#1419 = CARTESIAN_POINT ( 'NONE',  ( 17.61114686756481618, -296.1184695048426647, -38.35358938329654421 ) ) ;
#1420 = FACE_OUTER_BOUND ( 'NONE', #2766, .T. ) ;
#1421 = LINE ( 'NONE', #3793, #7277 ) ;
#1422 = CARTESIAN_POINT ( 'NONE',  ( 56.22032938939398861, -241.4759936500889523, -24.70162015980134385 ) ) ;
#1423 = LINE ( 'NONE', #8243, #5618 ) ;
#1424 = VERTEX_POINT ( 'NONE', #292 ) ;
#1425 = CIRCLE ( 'NONE', #4666, 1.500000000000001332 ) ;
#1426 = VECTOR ( 'NONE', #1143, 1000.000000000000000 ) ;
#1427 = EDGE_LOOP ( 'NONE', ( #6434, #9837, #6500, #5645 ) ) ;
#1428 = DIRECTION ( 'NONE',  ( 0.7071067811865460184, 0.000000000000000000, 0.7071067811865489050 ) ) ;
#1429 = CARTESIAN_POINT ( 'NONE',  ( 53.78088215633500369, -282.6903157882228470, -23.81798626738900282 ) ) ;
#1430 = LINE ( 'NONE', #4812, #3080 ) ;
#1431 = CARTESIAN_POINT ( 'NONE',  ( 59.86151575268488756, -240.8372767156371594, -38.09137245425981178 ) ) ;
#1432 = CIRCLE ( 'NONE', #7748, 2.299999999999996270 ) ;
#1433 = CARTESIAN_POINT ( 'NONE',  ( 22.64347437617813341, -232.4364693848615389, -24.51798626738898790 ) ) ;
#1434 = DIRECTION ( 'NONE',  ( 0.1931034482758745285, 0.9811784028727735807, 0.000000000000000000 ) ) ;
#1435 = EDGE_CURVE ( 'NONE', #7337, #10819, #4460, .T. ) ;
#1436 = DIRECTION ( 'NONE',  ( 0.000000000000000000, 0.000000000000000000, 1.000000000000000000 ) ) ;
#1437 = DIRECTION ( 'NONE',  ( 0.000000000000000000, 0.000000000000000000, 1.000000000000000000 ) ) ;
#1438 = EDGE_LOOP ( 'NONE', ( #1869, #726, #10612, #7856 ) ) ;
#1439 = AXIS2_PLACEMENT_3D ( 'NONE', #3530, #6861, #2682 ) ;
#1440 = VERTEX_POINT ( 'NONE', #7057 ) ;
#1441 = CARTESIAN_POINT ( 'NONE',  ( 44.93088215633500226, -244.3140313402290076, -23.81798626738900282 ) ) ;
#1442 = CARTESIAN_POINT ( 'NONE',  ( 61.32004407873898089, -291.5117952705724065, -38.32969178473398131 ) ) ;
#1443 = LINE ( 'NONE', #4880, #362 ) ;
#1444 = LINE ( 'NONE', #2288, #2825 ) ;
#1445 = LINE ( 'NONE', #10964, #10125 ) ;
#1446 = DIRECTION ( 'NONE',  ( -0.000000000000000000, -0.000000000000000000, 1.000000000000000000 ) ) ;
#1448 = EDGE_CURVE ( 'NONE', #9312, #5881, #3723, .T. ) ;
#1447 = AXIS2_PLACEMENT_3D ( 'NONE', #9882, #2169, #1374 ) ;
#1449 = CARTESIAN_POINT ( 'NONE',  ( 60.38900567050875168, -295.4979026113670670, -38.58354852625141973 ) ) ;
#1450 = VERTEX_POINT ( 'NONE', #7115 ) ;
#1451 = VERTEX_POINT ( 'NONE', #8063 ) ;
#1452 = EDGE_LOOP ( 'NONE', ( #1796, #8845, #6168, #8911 ) ) ;
#1453 = ADVANCED_FACE ( 'NONE', ( #3779 ), #7222, .F. ) ;
#1454 = ORIENTED_EDGE ( 'NONE', *, *, #2702, .F. ) ;
#1455 = CARTESIAN_POINT ( 'NONE',  ( 16.28088215633494684, -326.3820313402290481, -44.11798626738900708 ) ) ;
#1456 = ORIENTED_EDGE ( 'NONE', *, *, #7383, .F. ) ;
#1457 = AXIS2_PLACEMENT_3D ( 'NONE', #5112, #833, #47 ) ;
#1458 = DIRECTION ( 'NONE',  ( 1.000000000000000000, 0.000000000000000000, 0.000000000000000000 ) ) ;
#1459 = CARTESIAN_POINT ( 'NONE',  ( 47.35588215633499942, -318.3820313402290481, -33.11798626738899998 ) ) ;
#1460 = ADVANCED_FACE ( 'NONE', ( #3943 ), #1519, .F. ) ;
#1461 = LINE ( 'NONE', #455, #3733 ) ;
#1462 = ADVANCED_FACE ( 'NONE', ( #9913 ), #3149, .T. ) ;
#1463 = ADVANCED_FACE ( 'NONE', ( #9185 ), #6481, .T. ) ;
#1464 = LINE ( 'NONE', #4900, #8631 ) ;
#1465 = DIRECTION ( 'NONE',  ( 0.5773502691896250649, 0.5773502691896260641, 0.5773502691896260641 ) ) ;
#1466 = VECTOR ( 'NONE', #7990, 1000.000000000000000 ) ;
#1467 = DIRECTION ( 'NONE',  ( 0.000000000000000000, 0.000000000000000000, -1.000000000000000000 ) ) ;
#1468 = ORIENTED_EDGE ( 'NONE', *, *, #2843, .F. ) ;
#1469 = EDGE_LOOP ( 'NONE', ( #9877, #4997, #2912, #9202, #5722 ) ) ;
#1470 = ORIENTED_EDGE ( 'NONE', *, *, #4288, .T. ) ;
#1471 = ORIENTED_EDGE ( 'NONE', *, *, #3709, .F. ) ;
#1472 = DIRECTION ( 'NONE',  ( 1.000000000000000000, 0.000000000000000000, 0.000000000000000000 ) ) ;
#1473 = CONICAL_SURFACE ( 'NONE', #6880, 3.549999999999990496, 0.7853981633974551624 ) ;
#1474 = CARTESIAN_POINT ( 'NONE',  ( 18.33412969491945077, -293.7335287125237073, -35.37510562006129078 ) ) ;
#1475 = FACE_OUTER_BOUND ( 'NONE', #10834, .T. ) ;
#1476 = CARTESIAN_POINT ( 'NONE',  ( 55.61001185207917530, -232.7534420467136727, -25.08861810882288879 ) ) ;
#1477 = EDGE_CURVE ( 'NONE', #4840, #6365, #8782, .T. ) ;
#1478 = DIRECTION ( 'NONE',  ( 0.000000000000000000, -1.000000000000000000, 0.000000000000000000 ) ) ;
#1479 = DIRECTION ( 'NONE',  ( 0.000000000000000000, 0.000000000000000000, -1.000000000000000000 ) ) ;
#1480 = AXIS2_PLACEMENT_3D ( 'NONE', #1942, #5372, #1099 ) ;
#1481 = ORIENTED_EDGE ( 'NONE', *, *, #5382, .F. ) ;
#1482 = CIRCLE ( 'NONE', #5439, 2.999999999999999112 ) ;
#1483 = ORIENTED_EDGE ( 'NONE', *, *, #3383, .F. ) ;
#1484 = ORIENTED_EDGE ( 'NONE', *, *, #1031, .F. ) ;
#1485 = LINE ( 'NONE', #6503, #5017 ) ;
#1486 = CARTESIAN_POINT ( 'NONE',  ( 47.78088215633500369, -257.3820313402290481, -38.11798626738899287 ) ) ;
#1487 = VECTOR ( 'NONE', #5807, 1000.000000000000000 ) ;
#1488 = DIRECTION ( 'NONE',  ( 0.000000000000000000, 0.000000000000000000, -1.000000000000000000 ) ) ;
#1489 = CARTESIAN_POINT ( 'NONE',  ( 19.20032618987594120, -285.7649251440257672, -35.11798626738899287 ) ) ;
#1490 = VECTOR ( 'NONE', #6748, 1000.000000000000114 ) ;
#1491 = DIRECTION ( 'NONE',  ( 0.000000000000000000, 0.000000000000000000, 1.000000000000000000 ) ) ;
#1492 = CYLINDRICAL_SURFACE ( 'NONE', #2477, 3.000000000000002665 ) ;
#1493 = FACE_OUTER_BOUND ( 'NONE', #4782, .T. ) ;
#1494 = CARTESIAN_POINT ( 'NONE',  ( 60.12703674673558396, -243.2573221026650856, -38.42832785970109910 ) ) ;
#1495 = PLANE ( 'NONE',  #785 ) ;
#1496 = VECTOR ( 'NONE', #6676, 1000.000000000000000 ) ;
#1497 = ORIENTED_EDGE ( 'NONE', *, *, #8909, .T. ) ;
#1498 = VECTOR ( 'NONE', #3232, 1000.000000000000000 ) ;
#1499 = EDGE_LOOP ( 'NONE', ( #4863, #5657, #3668, #5526 ) ) ;
#1500 = CARTESIAN_POINT ( 'NONE',  ( 20.90588215633500369, -315.3820313402289912, -38.11798626738899998 ) ) ;
#1501 = DIRECTION ( 'NONE',  ( 0.000000000000000000, 1.000000000000000000, 0.000000000000000000 ) ) ;
#1502 = DIRECTION ( 'NONE',  ( 0.000000000000000000, 0.000000000000000000, 1.000000000000000000 ) ) ;
#1503 = CARTESIAN_POINT ( 'NONE',  ( 44.93088215633500226, -285.8570313402290139, -26.81798626738900282 ) ) ;
#1504 = CARTESIAN_POINT ( 'NONE',  ( 27.90588215633500369, -305.2570313402290481, -23.81798626738900282 ) ) ;
#1505 = PRODUCT_DEFINITION_FORMATION_WITH_SPECIFIED_SOURCE ( 'ANY', '', #3505, .NOT_KNOWN. ) ;
#1506 = DIRECTION ( 'NONE',  ( 0.000000000000000000, -1.000000000000000000, 0.000000000000000000 ) ) ;
#1507 = CIRCLE ( 'NONE', #2054, 4.249999999999996447 ) ;
#1508 = ADVANCED_FACE ( 'NONE', ( #2303 ), #10978, .F. ) ;
#1509 = CARTESIAN_POINT ( 'NONE',  ( 61.42941576101878098, -292.7059394831304076, -39.70114985180155998 ) ) ;
#1510 = ORIENTED_EDGE ( 'NONE', *, *, #4552, .F. ) ;
#1511 = EDGE_LOOP ( 'NONE', ( #2138, #6026, #3920, #4538 ) ) ;
#1512 = ORIENTED_EDGE ( 'NONE', *, *, #8635, .F. ) ;
#1513 = VERTEX_POINT ( 'NONE', #6646 ) ;
#1514 = CARTESIAN_POINT ( 'NONE',  ( 61.58233022588985506, -238.2104714916085300, -39.29181821862048452 ) ) ;
#1515 = ORIENTED_EDGE ( 'NONE', *, *, #7536, .F. ) ;
#1516 = EDGE_CURVE ( 'NONE', #711, #6694, #1461, .T. ) ;
#1517 = DIRECTION ( 'NONE',  ( 0.000000000000000000, 0.000000000000000000, 1.000000000000000000 ) ) ;
#1518 = DIRECTION ( 'NONE',  ( -1.000000000000000000, 0.000000000000000000, 0.000000000000000000 ) ) ;
#1519 = CYLINDRICAL_SURFACE ( 'NONE', #5528, 2.999999999999999112 ) ;
#1520 = LINE ( 'NONE', #4952, #9518 ) ;
#1521 = DIRECTION ( 'NONE',  ( 0.000000000000000000, 0.000000000000000000, -1.000000000000000000 ) ) ;
#1522 = CARTESIAN_POINT ( 'NONE',  ( 57.44588215633498862, -237.2108035506304873, -23.81798626738900282 ) ) ;
#1523 = ORIENTED_EDGE ( 'NONE', *, *, #9994, .T. ) ;
#1524 = VERTEX_POINT ( 'NONE', #10867 ) ;
#1525 = EDGE_LOOP ( 'NONE', ( #9640, #10253, #3933, #4099 ) ) ;
#1526 = ADVANCED_FACE ( 'NONE', ( #8287 ), #2656, .F. ) ;
#1527 = EDGE_CURVE ( 'NONE', #10954, #10036, #4810, .T. ) ;
#1528 = ADVANCED_FACE ( 'NONE', ( #4737 ), #9017, .T. ) ;
#1529 = CARTESIAN_POINT ( 'NONE',  ( 17.04510420232282542, -240.1591304856088129, -36.54529178815258916 ) ) ;
#1530 = CARTESIAN_POINT ( 'NONE',  ( 18.82853326151840889, -293.9414717978437466, -35.17105183668236634 ) ) ;
#1531 = DIRECTION ( 'NONE',  ( -0.7071067811865230368, 0.000000000000000000, -0.7071067811865721087 ) ) ;
#1532 = CARTESIAN_POINT ( 'NONE',  ( 52.28088215633500369, -215.3820313402289912, 223.6996348679430184 ) ) ;
#1533 = EDGE_CURVE ( 'NONE', #2308, #6254, #6081, .T. ) ;
#1534 = CARTESIAN_POINT ( 'NONE',  ( 20.90588215633500369, -230.0039734568930214, -35.11798626738899998 ) ) ;
#1535 = CARTESIAN_POINT ( 'NONE',  ( 45.43088215633500937, -266.1320313402289912, -23.81798626738900282 ) ) ;
#1536 = CARTESIAN_POINT ( 'NONE',  ( 32.63088215633499800, -293.2570313402289912, -23.81798626738900282 ) ) ;
#1537 = ORIENTED_EDGE ( 'NONE', *, *, #6624, .T. ) ;
#1538 = EDGE_LOOP ( 'NONE', ( #7674, #669, #10194, #8431 ) ) ;
#1539 = ORIENTED_EDGE ( 'NONE', *, *, #1312, .F. ) ;
#1540 = FACE_OUTER_BOUND ( 'NONE', #8867, .T. ) ;
#1541 = EDGE_CURVE ( 'NONE', #9747, #7336, #1297, .T. ) ;
#1542 = CARTESIAN_POINT ( 'NONE',  ( 50.78088215633499658, -318.3820313402290481, -35.11798626738899998 ) ) ;
#1543 = CARTESIAN_POINT ( 'NONE',  ( 23.78088215633500369, -197.8820313402289912, 105.9245421747346825 ) ) ;
#1544 = CARTESIAN_POINT ( 'NONE',  ( 61.28976910695050151, -239.0375894795655256, -38.14464173871078145 ) ) ;
#1545 = DIRECTION ( 'NONE',  ( 0.000000000000000000, -1.000000000000000000, 0.000000000000000000 ) ) ;
#1546 = EDGE_CURVE ( 'NONE', #404, #6218, #1042, .T. ) ;
#1547 = DIRECTION ( 'NONE',  ( 0.000000000000000000, 0.000000000000000000, -1.000000000000000000 ) ) ;
#1548 = PRESENTATION_STYLE_ASSIGNMENT (( #2276 ) ) ;
#1549 = AXIS2_PLACEMENT_3D ( 'NONE', #1105, #1049, #6182 ) ;
#1550 = LINE ( 'NONE', #5837, #1496 ) ;
#1551 = EDGE_LOOP ( 'NONE', ( #1483, #1795, #10500, #5349 ) ) ;
#1552 = EDGE_LOOP ( 'NONE', ( #1414, #10574, #4745, #2097 ) ) ;
#1553 = DIRECTION ( 'NONE',  ( 0.9829004132435492647, 0.1841379310344840314, 0.000000000000000000 ) ) ;
#1554 = DIRECTION ( 'NONE',  ( 0.000000000000000000, 0.000000000000000000, -1.000000000000000000 ) ) ;
#1555 = AXIS2_PLACEMENT_3D ( 'NONE', #6953, #10993, #84 ) ;
#1556 = DIRECTION ( 'NONE',  ( 0.000000000000000000, 0.000000000000000000, 1.000000000000000000 ) ) ;
#1557 = CARTESIAN_POINT ( 'NONE',  ( 38.78088215633501079, -279.5760313402290080, -26.81798626738900282 ) ) ;
#1558 = DIRECTION ( 'NONE',  ( 0.000000000000000000, 0.000000000000000000, -1.000000000000000000 ) ) ;
#1559 = CARTESIAN_POINT ( 'NONE',  ( 38.84338215633500369, -213.8820313402290196, -23.81798626738900282 ) ) ;
#1560 = ORIENTED_EDGE ( 'NONE', *, *, #5309, .T. ) ;
#1561 = VECTOR ( 'NONE', #9086, 1000.000000000000114 ) ;
#1562 = ORIENTED_EDGE ( 'NONE', *, *, #439, .F. ) ;
#1563 = EDGE_LOOP ( 'NONE', ( #5458, #1117, #8275, #2334 ) ) ;
#1564 = ORIENTED_EDGE ( 'NONE', *, *, #10823, .T. ) ;
#1565 = CARTESIAN_POINT ( 'NONE',  ( 23.78088215633500369, -331.3820313402290481, -38.11798626738899998 ) ) ;
#1566 = ORIENTED_EDGE ( 'NONE', *, *, #3929, .F. ) ;
#1567 = CARTESIAN_POINT ( 'NONE',  ( 23.78088215633500369, -205.8820313402289912, -38.11798626738899287 ) ) ;
#1568 = DIRECTION ( 'NONE',  ( 0.000000000000000000, 0.000000000000000000, -1.000000000000000000 ) ) ;
#1569 = AXIS2_PLACEMENT_3D ( 'NONE', #10649, #3094, #4000 ) ;
#1570 = CARTESIAN_POINT ( 'NONE',  ( 61.02682439517056423, -234.9116716471416169, -37.46818708846010537 ) ) ;
#1571 = FACE_BOUND ( 'NONE', #846, .T. ) ;
#1572 = CARTESIAN_POINT ( 'NONE',  ( 23.90588215633500369, -216.8820313402289912, -33.11798626738899998 ) ) ;
#1573 = EDGE_CURVE ( 'NONE', #603, #274, #1210, .T. ) ;
#1574 = CARTESIAN_POINT ( 'NONE',  ( 32.63088215633499800, -289.5570313402290594, -24.31798626738900282 ) ) ;
#1575 = ORIENTED_EDGE ( 'NONE', *, *, #5530, .F. ) ;
#1576 = ORIENTED_EDGE ( 'NONE', *, *, #7052, .T. ) ;
#1577 = VERTEX_POINT ( 'NONE', #2357 ) ;
#1578 = AXIS2_PLACEMENT_3D ( 'NONE', #939, #3634, #10508 ) ;
#1579 = CARTESIAN_POINT ( 'NONE',  ( 16.17768901610174481, -238.8237637100008044, -38.44960386161910293 ) ) ;
#1580 = DIRECTION ( 'NONE',  ( 0.000000000000000000, -1.000000000000000000, 0.000000000000000000 ) ) ;
#1581 = CARTESIAN_POINT ( 'NONE',  ( 17.54604274159547828, -286.4418039178488584, -38.16083194796429012 ) ) ;
#1582 = LINE ( 'NONE', #2370, #2834 ) ;
#1583 = VECTOR ( 'NONE', #3325, 1000.000000000000000 ) ;
#1584 = LINE ( 'NONE', #5023, #611 ) ;
#1585 = VECTOR ( 'NONE', #4580, 1000.000000000000000 ) ;
#1586 = LINE ( 'NONE', #9088, #9864 ) ;
#1587 = EDGE_CURVE ( 'NONE', #4400, #2308, #4988, .T. ) ;
#1588 = CARTESIAN_POINT ( 'NONE',  ( 16.28088215633494684, -326.3820313402290481, -44.11798626738900708 ) ) ;
#1589 = EDGE_CURVE ( 'NONE', #613, #3655, #4275, .T. ) ;
#1590 = EDGE_CURVE ( 'NONE', #4700, #11062, #5712, .T. ) ;
#1591 = DIRECTION ( 'NONE',  ( 0.000000000000000000, 0.000000000000000000, -1.000000000000000000 ) ) ;
#1592 = ORIENTED_EDGE ( 'NONE', *, *, #10066, .T. ) ;
#1593 = VERTEX_POINT ( 'NONE', #7781 ) ;
#1594 = AXIS2_PLACEMENT_3D ( 'NONE', #6682, #10114, #9271 ) ;
#1596 = EDGE_CURVE ( 'NONE', #630, #9976, #10208, .T. ) ;
#1595 = ORIENTED_EDGE ( 'NONE', *, *, #10052, .T. ) ;
#1597 = LINE ( 'NONE', #5031, #3408 ) ;
#1598 = TOROIDAL_SURFACE ( 'NONE', #6106, 7.250000000000009770, 3.000000000000000000 ) ;
#1599 = CARTESIAN_POINT ( 'NONE',  ( 16.15559522291255945, -238.7662133117227370, -38.53025631370847037 ) ) ;
#1600 = CYLINDRICAL_SURFACE ( 'NONE', #385, 3.000000000000002665 ) ;
#1601 = CARTESIAN_POINT ( 'NONE',  ( 59.84218513830878550, -240.7231909761275404, -35.78280889625560235 ) ) ;
#1602 = CARTESIAN_POINT ( 'NONE',  ( 16.05126895697544498, -287.5308318809457546, -39.86683523882677349 ) ) ;
#1603 = DIRECTION ( 'NONE',  ( 1.000000000000000000, 2.478176394252580155E-16, 0.000000000000000000 ) ) ;
#1604 = EDGE_CURVE ( 'NONE', #3813, #4240, #674, .T. ) ;
#1605 = PLANE ( 'NONE',  #575 ) ;
#1607 = EDGE_CURVE ( 'NONE', #6754, #1221, #2112, .T. ) ;
#1606 = VECTOR ( 'NONE', #8589, 1000.000000000000000 ) ;
#1608 = EDGE_CURVE ( 'NONE', #8921, #10355, #5566, .T. ) ;
#1609 = PRODUCT_CONTEXT ( 'NONE', #8866, 'mechanical' ) ;
#1610 = ORIENTED_EDGE ( 'NONE', *, *, #5246, .F. ) ;
#1611 = ORIENTED_EDGE ( 'NONE', *, *, #1590, .T. ) ;
#1612 = CARTESIAN_POINT ( 'NONE',  ( 53.78088215633500369, -326.3820313402290481, -41.11798626738899287 ) ) ;
#1613 = CARTESIAN_POINT ( 'NONE',  ( 44.93088215633500226, -224.8520313402290185, -23.81798626738900282 ) ) ;
#1614 = CARTESIAN_POINT ( 'NONE',  ( 20.60588215633500297, -294.1321670455920980, -24.51798626738895592 ) ) ;
#1615 = CIRCLE ( 'NONE', #2877, 3.000000000000002665 ) ;
#1616 = AXIS2_PLACEMENT_3D ( 'NONE', #911, #11089, #8517 ) ;
#1617 = CARTESIAN_POINT ( 'NONE',  ( 20.90588215633500369, -297.1171293569119030, -35.11798626738899998 ) ) ;
#1618 = CYLINDRICAL_SURFACE ( 'NONE', #3976, 1.000000000000000888 ) ;
#1619 = CARTESIAN_POINT ( 'NONE',  ( 22.50663963675688350, -232.9894778552488219, -25.05067121960527032 ) ) ;
#1620 = LINE ( 'NONE', #4387, #8514 ) ;
#1621 = DIRECTION ( 'NONE',  ( 0.000000000000000000, -1.000000000000000000, 0.000000000000000000 ) ) ;
#1622 = EDGE_CURVE ( 'NONE', #8233, #5509, #2529, .T. ) ;
#1623 = DIRECTION ( 'NONE',  ( 0.000000000000000000, 0.000000000000000000, 1.000000000000000000 ) ) ;
#1624 = AXIS2_PLACEMENT_3D ( 'NONE', #6626, #3079, #9957 ) ;
#1625 = ORIENTED_EDGE ( 'NONE', *, *, #562, .F. ) ;
#1626 = ORIENTED_EDGE ( 'NONE', *, *, #8622, .F. ) ;
#1627 = ORIENTED_EDGE ( 'NONE', *, *, #3942, .F. ) ;
#1628 = VERTEX_POINT ( 'NONE', #8513 ) ;
#1629 = CARTESIAN_POINT ( 'NONE',  ( 24.60588215633500297, -266.1320313402289912, -23.81798626738900282 ) ) ;
#1630 = ORIENTED_EDGE ( 'NONE', *, *, #7460, .F. ) ;
#1631 = CARTESIAN_POINT ( 'NONE',  ( 21.46854212052623723, -241.4768853742164083, -24.70169920528865148 ) ) ;
#1632 = VECTOR ( 'NONE', #6667, 1000.000000000000000 ) ;
#1633 = DIRECTION ( 'NONE',  ( 1.000000000000000000, 0.000000000000000000, 0.000000000000000000 ) ) ;
#1634 = FACE_OUTER_BOUND ( 'NONE', #9371, .T. ) ;
#1635 = CARTESIAN_POINT ( 'NONE',  ( 59.46121154660234964, -286.1950919959236899, -35.51200308828495622 ) ) ;
#1636 = DIRECTION ( 'NONE',  ( 1.000000000000000000, 0.000000000000000000, 0.000000000000000000 ) ) ;
#1637 = LINE ( 'NONE', #5132, #2512 ) ;
#1638 = ORIENTED_EDGE ( 'NONE', *, *, #10152, .F. ) ;
#1639 = EDGE_LOOP ( 'NONE', ( #5312, #26, #1769, #5060 ) ) ;
#1640 =( GEOMETRIC_REPRESENTATION_CONTEXT ( 3 ) GLOBAL_UNCERTAINTY_ASSIGNED_CONTEXT ( ( #2193 ) ) GLOBAL_UNIT_ASSIGNED_CONTEXT ( ( #8226, #6373, #1353 ) ) REPRESENTATION_CONTEXT ( 'NONE', 'WORKASPACE' ) );
#1641 = ORIENTED_EDGE ( 'NONE', *, *, #8270, .F. ) ;
#1642 = CARTESIAN_POINT ( 'NONE',  ( 16.05671890521669098, -235.8692589765048240, -39.76528504865532909 ) ) ;
#1643 = CARTESIAN_POINT ( 'NONE',  ( 52.28088215633500369, -316.8820313402290481, -33.11798626738899998 ) ) ;
#1644 = CARTESIAN_POINT ( 'NONE',  ( 16.25501517230702220, -288.2606437562446899, -38.28431343671242360 ) ) ;
#1645 = CARTESIAN_POINT ( 'NONE',  ( 29.65588215633500369, -249.2370313402290094, -26.81798626738900282 ) ) ;
#1646 = AXIS2_PLACEMENT_3D ( 'NONE', #2172, #3009, #1953 ) ;
#1647 = CARTESIAN_POINT ( 'NONE',  ( 50.78088215633499658, -321.3820313402290481, -35.11798626738899998 ) ) ;
#1648 = CARTESIAN_POINT ( 'NONE',  ( 52.28088215633500369, -215.3820313402289912, -33.11798626738899998 ) ) ;
#1649 = DIRECTION ( 'NONE',  ( 0.000000000000000000, -1.000000000000000000, 0.000000000000000000 ) ) ;
#1650 = DIRECTION ( 'NONE',  ( 0.000000000000000000, 0.000000000000000000, 1.000000000000000000 ) ) ;
#1651 = VERTEX_POINT ( 'NONE', #3432 ) ;
#1652 = ORIENTED_EDGE ( 'NONE', *, *, #4972, .T. ) ;
#1653 = VECTOR ( 'NONE', #1381, 1000.000000000000000 ) ;
#1654 = VECTOR ( 'NONE', #8062, 1000.000000000000000 ) ;
#1655 = EDGE_LOOP ( 'NONE', ( #2244, #2473, #2965, #8009 ) ) ;
#1656 = DIRECTION ( 'NONE',  ( 0.000000000000000000, 0.000000000000000000, 1.000000000000000000 ) ) ;
#1657 = DIRECTION ( 'NONE',  ( 0.000000000000000000, 0.000000000000000000, -1.000000000000000000 ) ) ;
#1658 = EDGE_CURVE ( 'NONE', #9705, #3952, #8453, .T. ) ;
#1659 = DIRECTION ( 'NONE',  ( 0.000000000000000000, 0.7071067811865474617, 0.7071067811865474617 ) ) ;
#1660 = LINE ( 'NONE', #4532, #3177 ) ;
#1661 = CARTESIAN_POINT ( 'NONE',  ( 15.85603828506165769, -289.5453696676188429, -40.45068662440429819 ) ) ;
#1662 = DIRECTION ( 'NONE',  ( 1.000000000000000000, 0.000000000000000000, 0.000000000000000000 ) ) ;
#1663 = VECTOR ( 'NONE', #4019, 1000.000000000000000 ) ;
#1664 = LINE ( 'NONE', #2621, #10469 ) ;
#1665 = AXIS2_PLACEMENT_3D ( 'NONE', #1354, #3998, #1518 ) ;
#1666 = SHAPE_REPRESENTATION ( 'Limit Breakout Case.STEP_lid_Standard', ( #9418 ), #2581 ) ;
#1667 = ORIENTED_EDGE ( 'NONE', *, *, #9396, .T. ) ;
#1668 = EDGE_LOOP ( 'NONE', ( #195, #10431, #1120, #4662 ) ) ;
#1669 = CARTESIAN_POINT ( 'NONE',  ( 57.51088215633501477, -289.9034704378889273, -45.13880154756031970 ) ) ;
#1670 = VECTOR ( 'NONE', #1636, 1000.000000000000000 ) ;
#1671 = EDGE_CURVE ( 'NONE', #6053, #7323, #2282, .T. ) ;
#1672 = LINE ( 'NONE', #1613, #7133 ) ;
#1673 = AXIS2_PLACEMENT_3D ( 'NONE', #6925, #893, #4325 ) ;
#1674 = FACE_OUTER_BOUND ( 'NONE', #753, .T. ) ;
#1675 = EDGE_CURVE ( 'NONE', #9849, #8980, #735, .T. ) ;
#1676 = ADVANCED_FACE ( 'NONE', ( #1634 ), #6818, .F. ) ;
#1677 = DIRECTION ( 'NONE',  ( -0.000000000000000000, -1.000000000000000000, -0.000000000000000000 ) ) ;
#1678 = DIRECTION ( 'NONE',  ( 0.000000000000000000, 1.000000000000000000, 0.000000000000000000 ) ) ;
#1679 = DIRECTION ( 'NONE',  ( 0.000000000000000000, 0.000000000000000000, -1.000000000000000000 ) ) ;
#1680 = DIRECTION ( 'NONE',  ( 0.000000000000000000, -1.000000000000000000, 0.000000000000000000 ) ) ;
#1681 = CARTESIAN_POINT ( 'NONE',  ( 27.90588215633500369, -305.2570313402290481, -23.81798626738900282 ) ) ;
#1682 = DIRECTION ( 'NONE',  ( 1.000000000000000000, 0.000000000000000000, 0.000000000000000000 ) ) ;
#1683 = AXIS2_PLACEMENT_3D ( 'NONE', #9160, #1437, #5614 ) ;
#1684 = VECTOR ( 'NONE', #9831, 1000.000000000000000 ) ;
#1685 = ORIENTED_EDGE ( 'NONE', *, *, #8902, .F. ) ;
#1686 = ORIENTED_EDGE ( 'NONE', *, *, #2412, .F. ) ;
#1687 = ORIENTED_EDGE ( 'NONE', *, *, #9523, .T. ) ;
#1688 = EDGE_LOOP ( 'NONE', ( #2033, #5445, #10014, #4045 ) ) ;
#1689 = CARTESIAN_POINT ( 'NONE',  ( 30.70588215633500440, -301.4000313402290203, -24.31798626738900282 ) ) ;
#1690 = ORIENTED_EDGE ( 'NONE', *, *, #3257, .F. ) ;
#1691 = CYLINDRICAL_SURFACE ( 'NONE', #10602, 1.700000000000000178 ) ;
#1692 = EDGE_CURVE ( 'NONE', #7122, #6204, #5914, .T. ) ;
#1693 = LINE ( 'NONE', #5128, #11005 ) ;
#1694 = DIRECTION ( 'NONE',  ( -0.000000000000000000, -0.000000000000000000, -1.000000000000000000 ) ) ;
#1695 = DIRECTION ( 'NONE',  ( 0.000000000000000000, 0.000000000000000000, 1.000000000000000000 ) ) ;
#1696 = CARTESIAN_POINT ( 'NONE',  ( 20.90588215633500369, -297.1171293569119030, -35.11798626738899998 ) ) ;
#1697 = DIRECTION ( 'NONE',  ( -0.000000000000000000, -0.000000000000000000, 1.000000000000000000 ) ) ;
#1698 = ORIENTED_EDGE ( 'NONE', *, *, #2706, .F. ) ;
#1699 = ORIENTED_EDGE ( 'NONE', *, *, #7060, .T. ) ;
#1700 = VERTEX_POINT ( 'NONE', #3374 ) ;
#1701 = CARTESIAN_POINT ( 'NONE',  ( 16.69378733391532421, -241.9403472154851045, -38.95561711118039483 ) ) ;
#1702 = CARTESIAN_POINT ( 'NONE',  ( 22.14875131045895884, -285.4254185698771948, -25.15828385974764814 ) ) ;
#1703 = CARTESIAN_POINT ( 'NONE',  ( 15.96373392584913731, -289.3607822222469963, -39.55672376675083513 ) ) ;
#1704 = LINE ( 'NONE', #2482, #7150 ) ;
#1705 = DIRECTION ( 'NONE',  ( 0.000000000000000000, 1.000000000000000000, 0.000000000000000000 ) ) ;
#1706 = DIRECTION ( 'NONE',  ( 0.000000000000000000, 1.000000000000000000, 0.000000000000000000 ) ) ;
#1707 = DIRECTION ( 'NONE',  ( 1.000000000000000000, 0.000000000000000000, 0.000000000000000000 ) ) ;
#1708 = PLANE ( 'NONE',  #8982 ) ;
#1709 = LINE ( 'NONE', #5995, #660 ) ;
#1710 = ORIENTED_EDGE ( 'NONE', *, *, #6217, .T. ) ;
#1711 = EDGE_LOOP ( 'NONE', ( #8839, #6137 ) ) ;
#1712 = VERTEX_POINT ( 'NONE', #5975 ) ;
#1713 = CARTESIAN_POINT ( 'NONE',  ( 28.40588215633500369, -283.4665313402289826, -29.11798626738898577 ) ) ;
#1714 = CARTESIAN_POINT ( 'NONE',  ( 19.33329594943844754, -233.0334767943454040, -35.11798626738899998 ) ) ;
#1715 = ADVANCED_FACE ( 'NONE', ( #9410 ), #7255, .T. ) ;
#1716 = LINE ( 'NONE', #5095, #8307 ) ;
#1717 = CARTESIAN_POINT ( 'NONE',  ( 16.33010240428284732, -288.0937012035857947, -38.05721542421632364 ) ) ;
#1718 = DIRECTION ( 'NONE',  ( 0.000000000000000000, -1.000000000000000000, 0.000000000000000000 ) ) ;
#1719 = LINE ( 'NONE', #37, #3739 ) ;
#1720 = CARTESIAN_POINT ( 'NONE',  ( 38.78088215633500369, -217.4520313402290128, -26.81798626738900282 ) ) ;
#1721 = DIRECTION ( 'NONE',  ( 1.000000000000000000, 0.000000000000000000, 0.000000000000000000 ) ) ;
#1722 = EDGE_CURVE ( 'NONE', #8081, #6694, #5609, .T. ) ;
#1723 = VERTEX_POINT ( 'NONE', #3914 ) ;
#1724 = ORIENTED_EDGE ( 'NONE', *, *, #10888, .T. ) ;
#1725 = DIRECTION ( 'NONE',  ( 1.000000000000000000, 0.000000000000000000, 0.000000000000000000 ) ) ;
#1726 = DIRECTION ( 'NONE',  ( -0.1841379310344839759, 0.9829004132435490426, 0.000000000000000000 ) ) ;
#1727 = CARTESIAN_POINT ( 'NONE',  ( 57.05605457012809723, -232.9787196132502061, -24.51798626738900921 ) ) ;
#1728 = DIRECTION ( 'NONE',  ( 1.000000000000000000, 0.000000000000000000, 0.000000000000000000 ) ) ;
#1729 = FACE_OUTER_BOUND ( 'NONE', #10641, .T. ) ;
#1730 = CARTESIAN_POINT ( 'NONE',  ( 57.44588215633498862, -237.2108035506304873, -45.13880154756031970 ) ) ;
#1731 = CARTESIAN_POINT ( 'NONE',  ( 38.78088215633500369, -231.1330313402289960, -23.81798626738900282 ) ) ;
#1732 = CARTESIAN_POINT ( 'NONE',  ( 32.63088215633499800, -244.8140313402290076, -26.81798626738900282 ) ) ;
#1733 = CARTESIAN_POINT ( 'NONE',  ( 61.78088215633500369, -205.8820313402289912, -43.61798626738902840 ) ) ;
#1734 = EDGE_CURVE ( 'NONE', #10179, #5983, #2117, .T. ) ;
#1735 = EDGE_CURVE ( 'NONE', #9747, #8703, #3381, .T. ) ;
#1736 = ORIENTED_EDGE ( 'NONE', *, *, #3450, .T. ) ;
#1737 = ADVANCED_FACE ( 'NONE', ( #478 ), #8993, .F. ) ;
#1738 = ORIENTED_EDGE ( 'NONE', *, *, #4426, .F. ) ;
#1739 = ORIENTED_EDGE ( 'NONE', *, *, #7396, .T. ) ;
#1740 = ORIENTED_EDGE ( 'NONE', *, *, #4422, .T. ) ;
#1741 = CARTESIAN_POINT ( 'NONE',  ( 57.38088215633500511, -289.9034704378889273, -33.11798626738899998 ) ) ;
#1742 = VECTOR ( 'NONE', #7651, 1000.000000000000000 ) ;
#1743 = VERTEX_POINT ( 'NONE', #10678 ) ;
#1744 = DIRECTION ( 'NONE',  ( 0.000000000000000000, 0.000000000000000000, 1.000000000000000000 ) ) ;
#1745 = EDGE_CURVE ( 'NONE', #335, #5707, #6090, .T. ) ;
#1746 = DIRECTION ( 'NONE',  ( 1.000000000000000000, 0.000000000000000000, 0.000000000000000000 ) ) ;
#1747 = CARTESIAN_POINT ( 'NONE',  ( 61.67929008465280560, -236.8303893195467253, -39.95615216938566761 ) ) ;
#1748 = AXIS2_PLACEMENT_3D ( 'NONE', #2429, #580, #4015 ) ;
#1749 = CARTESIAN_POINT ( 'NONE',  ( 32.63088215633499800, -221.1520313402290014, -24.31798626738900282 ) ) ;
#1750 = DIRECTION ( 'NONE',  ( 1.000000000000000000, 0.000000000000000000, 0.000000000000000000 ) ) ;
#1751 = ORIENTED_EDGE ( 'NONE', *, *, #1692, .F. ) ;
#1752 = EDGE_CURVE ( 'NONE', #2434, #6197, #4654, .T. ) ;
#1753 = ORIENTED_EDGE ( 'NONE', *, *, #5951, .F. ) ;
#1754 = VERTEX_POINT ( 'NONE', #9580 ) ;
#1755 = ORIENTED_EDGE ( 'NONE', *, *, #5261, .T. ) ;
#1756 = VECTOR ( 'NONE', #10728, 1000.000000000000000 ) ;
#1757 = CARTESIAN_POINT ( 'NONE',  ( 15.82995186857280245, -237.6621990465637282, -40.57738967060127067 ) ) ;
#1758 = DIRECTION ( 'NONE',  ( -0.000000000000000000, -0.000000000000000000, 1.000000000000000000 ) ) ;
#1759 = CARTESIAN_POINT ( 'NONE',  ( 16.28657745864672890, -288.1347452991401497, -39.33727234736902290 ) ) ;
#1760 = LINE ( 'NONE', #9595, #8587 ) ;
#1761 = DIRECTION ( 'NONE',  ( 1.000000000000000000, 0.000000000000000000, 0.000000000000000000 ) ) ;
#1762 = CARTESIAN_POINT ( 'NONE',  ( 36.84338215633500369, -218.8820313402289912, -34.71798626738900140 ) ) ;
#1763 = DIRECTION ( 'NONE',  ( 0.000000000000000000, 0.000000000000000000, 1.000000000000000000 ) ) ;
#1764 = LINE ( 'NONE', #6675, #8348 ) ;
#1765 = CIRCLE ( 'NONE', #8241, 3.000000000000002665 ) ;
#1766 = DIRECTION ( 'NONE',  ( 0.000000000000000000, 0.000000000000000000, -1.000000000000000000 ) ) ;
#1767 = EDGE_LOOP ( 'NONE', ( #1575, #4497, #643, #6856 ) ) ;
#1768 = ORIENTED_EDGE ( 'NONE', *, *, #9921, .T. ) ;
#1769 = ORIENTED_EDGE ( 'NONE', *, *, #6491, .F. ) ;
#1770 = CARTESIAN_POINT ( 'NONE',  ( 17.54884897273810296, -240.6005716658956715, -35.94323743778592473 ) ) ;
#1771 = AXIS2_PLACEMENT_3D ( 'NONE', #10261, #8526, #8750 ) ;
#1772 = FACE_OUTER_BOUND ( 'NONE', #5642, .T. ) ;
#1773 = CARTESIAN_POINT ( 'NONE',  ( 17.95866525374427169, -286.2713773168442799, -35.59966252568014511 ) ) ;
#1774 = CARTESIAN_POINT ( 'NONE',  ( 16.93326252963922229, -295.0769581116229574, -38.74749843639357039 ) ) ;
#1775 = CARTESIAN_POINT ( 'NONE',  ( 57.51088215633501477, -289.9034704378889273, -27.21798626738900140 ) ) ;
#1776 = FACE_BOUND ( 'NONE', #10982, .T. ) ;
#1777 = AXIS2_PLACEMENT_3D ( 'NONE', #485, #1338, #5617 ) ;
#1778 = VECTOR ( 'NONE', #377, 1000.000000000000000 ) ;
#1779 = VERTEX_POINT ( 'NONE', #4711 ) ;
#1780 = ORIENTED_EDGE ( 'NONE', *, *, #3727, .T. ) ;
#1781 = CARTESIAN_POINT ( 'NONE',  ( 57.44588215633498862, -237.2108035506304873, -43.11798626738900708 ) ) ;
#1782 = DIRECTION ( 'NONE',  ( 0.000000000000000000, -1.000000000000000000, 0.000000000000000000 ) ) ;
#1783 = DIRECTION ( 'NONE',  ( 0.000000000000000000, 0.000000000000000000, -1.000000000000000000 ) ) ;
#1784 = LINE ( 'NONE', #6922, #4198 ) ;
#1785 = CARTESIAN_POINT ( 'NONE',  ( 46.85588215633499942, -309.9910313402289717, -33.11798626738899998 ) ) ;
#1786 = CARTESIAN_POINT ( 'NONE',  ( 60.86797697875506685, -232.4812598857758985, -38.95561711118081405 ) ) ;
#1787 = EDGE_CURVE ( 'NONE', #641, #1022, #173, .T. ) ;
#1788 = VECTOR ( 'NONE', #7926, 1000.000000000000000 ) ;
#1789 = LINE ( 'NONE', #5227, #6725 ) ;
#1790 = AXIS2_PLACEMENT_3D ( 'NONE', #6807, #109, #7771 ) ;
#1791 = LINE ( 'NONE', #5228, #7112 ) ;
#1792 = CARTESIAN_POINT ( 'NONE',  ( 28.90588215633500013, -228.7425313402290215, -33.11798626738899998 ) ) ;
#1793 = PRODUCT_DEFINITION_SHAPE ( 'NONE', 'NONE',  #11139 ) ;
#1794 = EDGE_CURVE ( 'NONE', #7546, #9904, #1765, .T. ) ;
#1795 = ORIENTED_EDGE ( 'NONE', *, *, #5742, .T. ) ;
#1796 = ORIENTED_EDGE ( 'NONE', *, *, #9041, .F. ) ;
#1797 = CIRCLE ( 'NONE', #6647, 4.250000000000003553 ) ;
#1798 = ORIENTED_EDGE ( 'NONE', *, *, #2726, .F. ) ;
#1799 = CARTESIAN_POINT ( 'NONE',  ( 57.51088215633501477, -289.9034704378889273, -23.81798626738900282 ) ) ;
#1800 = B_SPLINE_CURVE_WITH_KNOTS ( 'NONE', 3,
 ( #582, #10829, #3109, #6551, #9929, #4016 ),
 .UNSPECIFIED., .F., .F.,
 ( 4, 2, 4 ),
 ( -0.0001792516568342146857, 0.001010581022267052764, 0.002200413701368320214 ),
 .UNSPECIFIED. ) ;
#1801 = ORIENTED_EDGE ( 'NONE', *, *, #5848, .F. ) ;
#1802 = CARTESIAN_POINT ( 'NONE',  ( 32.63088215633499800, -272.1760313402289739, -23.81798626738900282 ) ) ;
#1803 = EDGE_CURVE ( 'NONE', #5983, #1219, #6397, .T. ) ;
#1804 =( BOUNDED_CURVE ( )  B_SPLINE_CURVE ( 3, ( #5861, #737, #10923, #6764 ),
 .UNSPECIFIED., .F., .F. ) 
 B_SPLINE_CURVE_WITH_KNOTS ( ( 4, 4 ),
 ( 5.363472764386489899, 6.283185307179586232 ),
 .UNSPECIFIED. ) 
 CURVE ( )  GEOMETRIC_REPRESENTATION_ITEM ( )  RATIONAL_B_SPLINE_CURVE ( ( 1.000000000000000000, 0.9307441975409587176, 0.9307441975409587176, 1.000000000000000000 ) ) 
 REPRESENTATION_ITEM ( '' )  );
#1805 = LINE ( 'NONE', #3431, #7253 ) ;
#1806 = CARTESIAN_POINT ( 'NONE',  ( 58.39381274781089104, -233.0644526414144764, -35.11798626738900708 ) ) ;
#1807 = VECTOR ( 'NONE', #102, 1000.000000000000000 ) ;
#1808 = CARTESIAN_POINT ( 'NONE',  ( 59.22763461775119964, -286.0734121632544884, -35.37510562006129078 ) ) ;
#1809 = FACE_OUTER_BOUND ( 'NONE', #4391, .T. ) ;
#1810 = FACE_OUTER_BOUND ( 'NONE', #1525, .T. ) ;
#1811 = VERTEX_POINT ( 'NONE', #2961 ) ;
#1812 = EDGE_CURVE ( 'NONE', #10803, #11075, #3070, .T. ) ;
#1813 = ORIENTED_EDGE ( 'NONE', *, *, #9523, .F. ) ;
#1814 = ORIENTED_EDGE ( 'NONE', *, *, #924, .F. ) ;
#1815 = ORIENTED_EDGE ( 'NONE', *, *, #4188, .T. ) ;
#1816 = CIRCLE ( 'NONE', #2714, 1.300000000000002487 ) ;
#1817 = EDGE_CURVE ( 'NONE', #3425, #988, #9995, .T. ) ;
#1818 = CARTESIAN_POINT ( 'NONE',  ( 17.40447667173116741, -231.2190838243404016, -38.45039758216075398 ) ) ;
#1819 = EDGE_CURVE ( 'NONE', #6334, #3490, #9050, .T. ) ;
#1820 = DIRECTION ( 'NONE',  ( 1.000000000000000000, 2.478176394252580155E-16, 0.000000000000000000 ) ) ;
#1821 = ADVANCED_FACE ( 'NONE', ( #1332 ), #7710, .T. ) ;
#1822 = DIRECTION ( 'NONE',  ( -0.000000000000000000, -0.000000000000000000, 1.000000000000000000 ) ) ;
#1823 = APPLICATION_CONTEXT ( 'automotive_design' ) ;
#1824 = FACE_OUTER_BOUND ( 'NONE', #8069, .T. ) ;
#1825 = CARTESIAN_POINT ( 'NONE',  ( 44.93088215633500226, -285.8570313402290139, -24.31798626738900282 ) ) ;
#1826 = CARTESIAN_POINT ( 'NONE',  ( 53.78088215633500369, -266.1320313402289912, -33.11798626738899998 ) ) ;
#1827 = CARTESIAN_POINT ( 'NONE',  ( 53.52088215633504120, -289.9034704378889273, -24.25798626738903607 ) ) ;
#1828 = ORIENTED_EDGE ( 'NONE', *, *, #6770, .F. ) ;
#1829 = ORIENTED_EDGE ( 'NONE', *, *, #10009, .T. ) ;
#1830 = EDGE_LOOP ( 'NONE', ( #7377, #6474 ) ) ;
#1831 = CARTESIAN_POINT ( 'NONE',  ( 20.60588215633500297, -294.1321670455920980, -33.11798626738899998 ) ) ;
#1832 = CIRCLE ( 'NONE', #9383, 1.299999999999999156 ) ;
#1833 = EDGE_CURVE ( 'NONE', #6982, #613, #536, .T. ) ;
#1834 = CARTESIAN_POINT ( 'NONE',  ( 29.78088215633500369, -284.1820313402290026, -38.11798626738899287 ) ) ;
#1835 = CARTESIAN_POINT ( 'NONE',  ( 17.33074865386654650, -293.0646342396109389, -36.20456015225464341 ) ) ;
#1836 = CARTESIAN_POINT ( 'NONE',  ( 45.43088215633500937, -271.6760313402289739, -23.81798626738900282 ) ) ;
#1837 = CARTESIAN_POINT ( 'NONE',  ( 15.78088215633500013, -205.8820313402289912, 105.9245421747346825 ) ) ;
#1838 = CARTESIAN_POINT ( 'NONE',  ( 38.84338215633500369, -266.1320313402289912, -38.11798626738899998 ) ) ;
#1839 = VECTOR ( 'NONE', #9594, 1000.000000000000000 ) ;
#1840 = ORIENTED_EDGE ( 'NONE', *, *, #852, .F. ) ;
#1841 = ORIENTED_EDGE ( 'NONE', *, *, #2536, .F. ) ;
#1842 = DIRECTION ( 'NONE',  ( -2.478176394252580155E-16, 1.000000000000000000, 0.000000000000000000 ) ) ;
#1843 = DIRECTION ( 'NONE',  ( 0.000000000000000000, 0.000000000000000000, 1.000000000000000000 ) ) ;
#1844 = CARTESIAN_POINT ( 'NONE',  ( 21.98724361291796470, -294.3126751380186761, -25.03062945352577984 ) ) ;
#1845 = CARTESIAN_POINT ( 'NONE',  ( 53.78088215633500369, -311.3820313402289912, -24.51798626738900211 ) ) ;
#1846 = FACE_OUTER_BOUND ( 'NONE', #5218, .T. ) ;
#1847 = CARTESIAN_POINT ( 'NONE',  ( 53.70250843859665224, -291.6601187465661269, -24.43961254965066132 ) ) ;
#1848 = AXIS2_PLACEMENT_3D ( 'NONE', #10363, #6817, #11083 ) ;
#1849 = CARTESIAN_POINT ( 'NONE',  ( 48.78088215633500369, -223.3820313402289912, -34.71798626738900140 ) ) ;
#1850 = CARTESIAN_POINT ( 'NONE',  ( 26.90588215633500369, -216.8820313402289912, -24.51798626738900211 ) ) ;
#1851 = FACE_OUTER_BOUND ( 'NONE', #1469, .T. ) ;
#1852 = AXIS2_PLACEMENT_3D ( 'NONE', #9985, #2163, #8304 ) ;
#1853 = ORIENTED_EDGE ( 'NONE', *, *, #8985, .F. ) ;
#1854 = EDGE_LOOP ( 'NONE', ( #9135, #8125, #10776, #9344, #8953, #5187 ) ) ;
#1855 = CIRCLE ( 'NONE', #10488, 1.700000000000000178 ) ;
#1856 = ORIENTED_EDGE ( 'NONE', *, *, #2270, .F. ) ;
#1857 = DIRECTION ( 'NONE',  ( -1.000000000000000000, 0.000000000000000000, 0.000000000000000000 ) ) ;
#1858 = ORIENTED_EDGE ( 'NONE', *, *, #6002, .T. ) ;
#1859 = PLANE ( 'NONE',  #2511 ) ;
#1860 = EDGE_CURVE ( 'NONE', #4242, #8445, #8095, .T. ) ;
#1861 = DIRECTION ( 'NONE',  ( 0.000000000000000000, 0.000000000000000000, -1.000000000000000000 ) ) ;
#1862 = AXIS2_PLACEMENT_3D ( 'NONE', #6263, #9701, #4523 ) ;
#1863 = DIRECTION ( 'NONE',  ( 0.000000000000000000, 0.000000000000000000, -1.000000000000000000 ) ) ;
#1864 = AXIS2_PLACEMENT_3D ( 'NONE', #7314, #1393, #10738 ) ;
#1865 = DIRECTION ( 'NONE',  ( 1.000000000000000000, 0.000000000000000000, 0.000000000000000000 ) ) ;
#1866 = FACE_OUTER_BOUND ( 'NONE', #7010, .T. ) ;
#1867 = ORIENTED_EDGE ( 'NONE', *, *, #7360, .T. ) ;
#1868 = ORIENTED_EDGE ( 'NONE', *, *, #2624, .F. ) ;
#1869 = ORIENTED_EDGE ( 'NONE', *, *, #1607, .F. ) ;
#1870 = EDGE_CURVE ( 'NONE', #6653, #2495, #8423, .T. ) ;
#1871 = ORIENTED_EDGE ( 'NONE', *, *, #6766, .T. ) ;
#1872 = VECTOR ( 'NONE', #3302, 1000.000000000000000 ) ;
#1873 = CIRCLE ( 'NONE', #8885, 4.250000000000000000 ) ;
#1874 = CARTESIAN_POINT ( 'NONE',  ( 17.68650851390589906, -230.8706680042769790, -38.32266938942043311 ) ) ;
#1875 = CARTESIAN_POINT ( 'NONE',  ( 22.58419393626487448, -285.1816253929952154, -25.56581793972197048 ) ) ;
#1876 = CARTESIAN_POINT ( 'NONE',  ( 24.60588215633500297, -266.1320313402289912, -23.81798626738900282 ) ) ;
#1877 = LINE ( 'NONE', #8748, #9806 ) ;
#1878 = CARTESIAN_POINT ( 'NONE',  ( 32.40588215633500369, -269.7855313402289994, 223.6996348679430184 ) ) ;
#1879 = LINE ( 'NONE', #2828, #6181 ) ;
#1880 = CIRCLE ( 'NONE', #2590, 3.250000000000002665 ) ;
#1881 = CYLINDRICAL_SURFACE ( 'NONE', #3043, 1.300000000000002487 ) ;
#1882 = ADVANCED_FACE ( 'NONE', ( #10105 ), #6736, .T. ) ;
#1883 = EDGE_LOOP ( 'NONE', ( #6727, #3770, #7807, #6041 ) ) ;
#1884 = VERTEX_POINT ( 'NONE', #7578 ) ;
#1885 = EDGE_CURVE ( 'NONE', #586, #2293, #1405, .T. ) ;
#1886 = VECTOR ( 'NONE', #1506, 1000.000000000000000 ) ;
#1888 = EDGE_CURVE ( 'NONE', #10357, #10875, #7514, .T. ) ;
#1887 = ORIENTED_EDGE ( 'NONE', *, *, #4346, .F. ) ;
#1889 = LINE ( 'NONE', #4529, #9192 ) ;
#1890 = EDGE_CURVE ( 'NONE', #3003, #4253, #1943, .T. ) ;
#1891 = CARTESIAN_POINT ( 'NONE',  ( 18.78088215633500013, -297.0170138587166093, -38.11798626738899998 ) ) ;
#1892 = DIRECTION ( 'NONE',  ( -1.000000000000000000, 0.000000000000000000, 0.000000000000000000 ) ) ;
#1893 = DIRECTION ( 'NONE',  ( 0.000000000000000000, 0.000000000000000000, 1.000000000000000000 ) ) ;
#1894 = DIRECTION ( 'NONE',  ( -0.7071067811865475727, 0.000000000000000000, 0.7071067811865475727 ) ) ;
#1895 = DIRECTION ( 'NONE',  ( 0.000000000000000000, 1.000000000000000000, 0.000000000000000000 ) ) ;
#1896 = EDGE_CURVE ( 'NONE', #6884, #8600, #7891, .T. ) ;
#1897 = ORIENTED_EDGE ( 'NONE', *, *, #2155, .T. ) ;
#1898 = CARTESIAN_POINT ( 'NONE',  ( 23.87923872241686141, -292.0888514011639927, -24.54462970130715149 ) ) ;
#1899 = CARTESIAN_POINT ( 'NONE',  ( 32.40588215633500369, -283.4665313402289826, -26.81798626738900282 ) ) ;
#1900 = FACE_BOUND ( 'NONE', #7108, .T. ) ;
#1901 = CARTESIAN_POINT ( 'NONE',  ( 18.81037847969434296, -285.7948592643261918, -37.88903038158687053 ) ) ;
#1902 = DIRECTION ( 'NONE',  ( 0.000000000000000000, 0.000000000000000000, 1.000000000000000000 ) ) ;
#1903 = FACE_OUTER_BOUND ( 'NONE', #6839, .T. ) ;
#1904 = DIRECTION ( 'NONE',  ( 1.000000000000000000, 0.000000000000000000, 0.000000000000000000 ) ) ;
#1905 = DIRECTION ( 'NONE',  ( 0.000000000000000000, 0.000000000000000000, 1.000000000000000000 ) ) ;
#1906 = DIRECTION ( 'NONE',  ( 0.000000000000000000, 0.000000000000000000, 1.000000000000000000 ) ) ;
#1907 = ORIENTED_EDGE ( 'NONE', *, *, #2977, .T. ) ;
#1908 = ORIENTED_EDGE ( 'NONE', *, *, #4775, .T. ) ;
#1909 = ORIENTED_EDGE ( 'NONE', *, *, #10755, .T. ) ;
#1910 = DIRECTION ( 'NONE',  ( 1.000000000000000000, 0.000000000000000000, 0.000000000000000000 ) ) ;
#1911 = ORIENTED_EDGE ( 'NONE', *, *, #1114, .T. ) ;
#1912 = CARTESIAN_POINT ( 'NONE',  ( 60.76088215633501477, -289.9034704378889273, -23.81798626738900282 ) ) ;
#1913 = CARTESIAN_POINT ( 'NONE',  ( 32.40588215633500369, -281.9665313402289826, 223.6996348679430184 ) ) ;
#1914 = CARTESIAN_POINT ( 'NONE',  ( 60.69642011616286226, -284.8667904179297352, -38.80160582351800969 ) ) ;
#1915 = FACE_OUTER_BOUND ( 'NONE', #2490, .T. ) ;
#1916 = ORIENTED_EDGE ( 'NONE', *, *, #9855, .F. ) ;
#1917 = VECTOR ( 'NONE', #3243, 1000.000000000000000 ) ;
#1918 = ORIENTED_EDGE ( 'NONE', *, *, #2079, .T. ) ;
#1919 = ORIENTED_EDGE ( 'NONE', *, *, #2560, .T. ) ;
#1920 = ORIENTED_EDGE ( 'NONE', *, *, #8641, .F. ) ;
#1921 = CARTESIAN_POINT ( 'NONE',  ( 53.78088215633500369, -266.1320313402289912, -33.11798626738899998 ) ) ;
#1922 = CARTESIAN_POINT ( 'NONE',  ( 18.78088215633500013, -230.0847755546147653, -38.11798626738899998 ) ) ;
#1923 = CARTESIAN_POINT ( 'NONE',  ( 57.51088215633501477, -289.9034704378889273, -33.11798626738899998 ) ) ;
#1924 = DIRECTION ( 'NONE',  ( 0.000000000000000000, 0.000000000000000000, 1.000000000000000000 ) ) ;
#1925 = EDGE_CURVE ( 'NONE', #7288, #1977, #5902, .T. ) ;
#1926 = DIRECTION ( 'NONE',  ( 0.000000000000000000, 0.000000000000000000, 1.000000000000000000 ) ) ;
#1927 = DIRECTION ( 'NONE',  ( -0.7071067811865474617, 0.000000000000000000, 0.7071067811865474617 ) ) ;
#1928 = CARTESIAN_POINT ( 'NONE',  ( 23.78088215633500369, -205.8820313402289912, 105.9245421747346825 ) ) ;
#1929 = CARTESIAN_POINT ( 'NONE',  ( 44.93088215633500226, -238.5330313402290301, -24.31798626738900282 ) ) ;
#1930 = ORIENTED_EDGE ( 'NONE', *, *, #8553, .T. ) ;
#1931 = ORIENTED_EDGE ( 'NONE', *, *, #4012, .F. ) ;
#1932 = ORIENTED_EDGE ( 'NONE', *, *, #4696, .F. ) ;
#1933 = AXIS2_PLACEMENT_3D ( 'NONE', #6549, #9981, #2261 ) ;
#1934 = CARTESIAN_POINT ( 'NONE',  ( 29.78088215633500369, -281.5820313402290367, -34.71798626738900140 ) ) ;
#1935 = DIRECTION ( 'NONE',  ( 0.000000000000000000, 0.000000000000000000, 1.000000000000000000 ) ) ;
#1936 = CARTESIAN_POINT ( 'NONE',  ( 24.23306226485747317, -220.8957185445660798, -24.19077817352471627 ) ) ;
#1937 = EDGE_CURVE ( 'NONE', #2966, #11122, #8314, .T. ) ;
#1938 = CARTESIAN_POINT ( 'NONE',  ( 43.78088215633500369, -218.8820313402289912, -38.11798626738899998 ) ) ;
#1939 = EDGE_CURVE ( 'NONE', #2180, #711, #4641, .T. ) ;
#1940 = CIRCLE ( 'NONE', #8236, 3.000000000000002665 ) ;
#1941 = CARTESIAN_POINT ( 'NONE',  ( 29.65588215633500369, -250.7370313402290094, -26.81798626738900282 ) ) ;
#1942 = CARTESIAN_POINT ( 'NONE',  ( 47.78088215633500369, -220.3820313402289912, 220.0996348679430525 ) ) ;
#1943 = B_SPLINE_CURVE_WITH_KNOTS ( 'NONE', 3,
 ( #10164, #4871, #5834, #5099 ),
 .UNSPECIFIED., .F., .F.,
 ( 4, 4 ),
 ( 0.0009961979578718249250, 0.001855482871106041778 ),
 .UNSPECIFIED. ) ;
#1944 = ORIENTED_EDGE ( 'NONE', *, *, #422, .F. ) ;
#1945 = EDGE_CURVE ( 'NONE', #2188, #5147, #4078, .T. ) ;
#1946 = ORIENTED_EDGE ( 'NONE', *, *, #9591, .T. ) ;
#1947 = CARTESIAN_POINT ( 'NONE',  ( 47.78088215633500369, -257.3820313402290481, -34.71798626738900140 ) ) ;
#1948 = AXIS2_PLACEMENT_3D ( 'NONE', #3576, #7918, #7074 ) ;
#1949 = PLANE ( 'NONE',  #10719 ) ;
#1950 = CARTESIAN_POINT ( 'NONE',  ( 56.78822619679689154, -232.9942048653852567, -24.53366067470945211 ) ) ;
#1951 = CARTESIAN_POINT ( 'NONE',  ( 19.08871907338141938, -285.7868902820517860, -35.11798627177265786 ) ) ;
#1952 = EDGE_CURVE ( 'NONE', #7732, #7122, #7410, .T. ) ;
#1953 = DIRECTION ( 'NONE',  ( 0.000000000000000000, 0.000000000000000000, -1.000000000000000000 ) ) ;
#1954 = CARTESIAN_POINT ( 'NONE',  ( 59.27719387811802676, -233.3732601574523926, -35.38686133812691281 ) ) ;
#1955 = ADVANCED_FACE ( 'NONE', ( #8481 ), #4981, .T. ) ;
#1956 = DIRECTION ( 'NONE',  ( 0.000000000000000000, -1.000000000000000000, 0.000000000000000000 ) ) ;
#1957 = EDGE_CURVE ( 'NONE', #8785, #3004, #10046, .T. ) ;
#1958 = DIRECTION ( 'NONE',  ( 1.000000000000000000, 0.000000000000000000, 0.000000000000000000 ) ) ;
#1959 = VECTOR ( 'NONE', #794, 1000.000000000000000 ) ;
#1960 = AXIS2_PLACEMENT_3D ( 'NONE', #2147, #9700, #8064 ) ;
#1961 = CARTESIAN_POINT ( 'NONE',  ( 53.08088215633500084, -220.8820313402289912, -23.81798626738900282 ) ) ;
#1962 = B_SPLINE_CURVE_WITH_KNOTS ( 'NONE', 3,
 ( #3860, #7300, #10782, #10723, #3008, #2171, #9045, #1325, #473, #9421 ),
 .UNSPECIFIED., .F., .F.,
 ( 4, 2, 2, 2, 4 ),
 ( -0.003243424843772108566, -0.001912671853748394799, -0.0005819188637246810319, 0.0007488341262990331690, 0.002079587116322746503 ),
 .UNSPECIFIED. ) ;
#1963 = ORIENTED_EDGE ( 'NONE', *, *, #5848, .T. ) ;
#1964 = ORIENTED_EDGE ( 'NONE', *, *, #2219, .F. ) ;
#1965 = ORIENTED_EDGE ( 'NONE', *, *, #1658, .F. ) ;
#1966 = DIRECTION ( 'NONE',  ( 0.000000000000000000, -1.000000000000000000, 0.000000000000000000 ) ) ;
#1967 = ORIENTED_EDGE ( 'NONE', *, *, #10473, .T. ) ;
#1968 = CARTESIAN_POINT ( 'NONE',  ( 20.18088215633500226, -289.9034704378889273, -43.11798626738900708 ) ) ;
#1969 = CIRCLE ( 'NONE', #3031, 3.250000000000002665 ) ;
#1970 = AXIS2_PLACEMENT_3D ( 'NONE', #1356, #3150, #9077 ) ;
#1971 = DIRECTION ( 'NONE',  ( 0.000000000000000000, 0.000000000000000000, 1.000000000000000000 ) ) ;
#1972 = EDGE_CURVE ( 'NONE', #6544, #3840, #10220, .T. ) ;
#1973 = CARTESIAN_POINT ( 'NONE',  ( 61.62359692689285140, -289.6457269323290120, -39.73116821468052962 ) ) ;
#1974 = VECTOR ( 'NONE', #6229, 1000.000000000000000 ) ;
#1975 = ORIENTED_EDGE ( 'NONE', *, *, #9014, .F. ) ;
#1976 = AXIS2_PLACEMENT_3D ( 'NONE', #8181, #2045, #9812 ) ;
#1977 = VERTEX_POINT ( 'NONE', #4194 ) ;
#1978 = ORIENTED_EDGE ( 'NONE', *, *, #4903, .F. ) ;
#1979 = ORIENTED_EDGE ( 'NONE', *, *, #3665, .F. ) ;
#1980 = VERTEX_POINT ( 'NONE', #10844 ) ;
#1981 = DIRECTION ( 'NONE',  ( 0.000000000000000000, -1.000000000000000000, 0.000000000000000000 ) ) ;
#1982 = CARTESIAN_POINT ( 'NONE',  ( 16.39584136386212876, -235.0608783962966015, -39.16253244305897852 ) ) ;
#1983 = AXIS2_PLACEMENT_3D ( 'NONE', #5411, #7161, #8857 ) ;
#1984 = CARTESIAN_POINT ( 'NONE',  ( 23.90674146324221638, -239.4059572997533394, -24.51712696048179652 ) ) ;
#1985 = AXIS2_PLACEMENT_3D ( 'NONE', #10251, #67, #5186 ) ;
#1986 = LINE ( 'NONE', #6210, #4631 ) ;
#1987 = DIRECTION ( 'NONE',  ( 0.000000000000000000, 0.000000000000000000, 1.000000000000000000 ) ) ;
#1988 = DIRECTION ( 'NONE',  ( 1.000000000000000000, 0.000000000000000000, 0.000000000000000000 ) ) ;
#1989 = FACE_OUTER_BOUND ( 'NONE', #4986, .T. ) ;
#1990 = ORIENTED_EDGE ( 'NONE', *, *, #5933, .F. ) ;
#1991 = ORIENTED_EDGE ( 'NONE', *, *, #7471, .F. ) ;
#1992 = VECTOR ( 'NONE', #7476, 1000.000000000000000 ) ;
#1993 = ORIENTED_EDGE ( 'NONE', *, *, #3876, .F. ) ;
#1994 = CARTESIAN_POINT ( 'NONE',  ( 20.90588215633500369, -230.0039734568930214, -38.11798626738899998 ) ) ;
#1995 = EDGE_CURVE ( 'NONE', #10312, #10360, #7640, .T. ) ;
#1996 = DIRECTION ( 'NONE',  ( 1.000000000000000000, 0.000000000000000000, 0.000000000000000000 ) ) ;
#1997 = DIRECTION ( 'NONE',  ( 0.000000000000000000, -1.000000000000000000, 0.000000000000000000 ) ) ;
#1998 = VECTOR ( 'NONE', #4866, 1000.000000000000000 ) ;
#1999 = ADVANCED_FACE ( 'NONE', ( #3347 ), #1492, .T. ) ;
#2000 = CARTESIAN_POINT ( 'NONE',  ( 29.65588215633500369, -223.3820313402289912, -23.81798626738900282 ) ) ;
#2001 = CARTESIAN_POINT ( 'NONE',  ( 15.83958256520378072, -236.5041767208648764, -40.52642174164782318 ) ) ;
#2002 = LINE ( 'NONE', #6177, #230 ) ;
#2003 = CONTEXT_DEPENDENT_SHAPE_REPRESENTATION ( #10872, #5477 ) ;
#2004 = ORIENTED_EDGE ( 'NONE', *, *, #1546, .T. ) ;
#2006 = EDGE_CURVE ( 'NONE', #10470, #217, #2275, .T. ) ;
#2005 = AXIS2_PLACEMENT_3D ( 'NONE', #977, #9126, #3303 ) ;
#2007 = ORIENTED_EDGE ( 'NONE', *, *, #7169, .F. ) ;
#2008 = FACE_OUTER_BOUND ( 'NONE', #6308, .T. ) ;
#2009 = DIRECTION ( 'NONE',  ( -0.000000000000000000, -0.000000000000000000, 1.000000000000000000 ) ) ;
#2010 = CARTESIAN_POINT ( 'NONE',  ( 38.78088215633500369, -244.8140313402290076, -23.81798626738900282 ) ) ;
#2011 = FACE_OUTER_BOUND ( 'NONE', #6529, .T. ) ;
#2012 = CARTESIAN_POINT ( 'NONE',  ( 61.61619032668138374, -236.3481705591968876, -40.07117664586760242 ) ) ;
#2013 = CYLINDRICAL_SURFACE ( 'NONE', #9419, 1.700000000000000178 ) ;
#2014 = DIRECTION ( 'NONE',  ( 0.000000000000000000, 0.000000000000000000, 1.000000000000000000 ) ) ;
#2015 = DIRECTION ( 'NONE',  ( 0.000000000000000000, 0.000000000000000000, 1.000000000000000000 ) ) ;
#2016 = EDGE_CURVE ( 'NONE', #10413, #5324, #10949, .T. ) ;
#2017 = EDGE_LOOP ( 'NONE', ( #3787, #2036, #5146, #739 ) ) ;
#2018 = ORIENTED_EDGE ( 'NONE', *, *, #8396, .F. ) ;
#2019 = ADVANCED_FACE ( 'NONE', ( #7758 ), #7865, .T. ) ;
#2020 = VERTEX_POINT ( 'NONE', #7017 ) ;
#2021 = ADVANCED_FACE ( 'NONE', ( #95 ), #1043, .F. ) ;
#2022 = CARTESIAN_POINT ( 'NONE',  ( 61.57534167363120758, -289.2094555732690537, -39.41755749526526387 ) ) ;
#2023 = VECTOR ( 'NONE', #765, 1000.000000000000000 ) ;
#2024 = LINE ( 'NONE', #8787, #8756 ) ;
#2025 = TOROIDAL_SURFACE ( 'NONE', #10108, 7.249999999999999112, 3.000000000000000000 ) ;
#2026 = DIRECTION ( 'NONE',  ( 2.478176394252580155E-16, -1.000000000000000000, 0.000000000000000000 ) ) ;
#2027 = LINE ( 'NONE', #8848, #7806 ) ;
#2028 = CARTESIAN_POINT ( 'NONE',  ( 61.60134791485407391, -289.3868493240196358, -39.57809018382977229 ) ) ;
#2029 = AXIS2_PLACEMENT_3D ( 'NONE', #7980, #4643, #7018 ) ;
#2030 = CIRCLE ( 'NONE', #9935, 3.000000000000002665 ) ;
#2031 = ORIENTED_EDGE ( 'NONE', *, *, #7733, .F. ) ;
#2032 = ORIENTED_EDGE ( 'NONE', *, *, #3603, .T. ) ;
#2033 = ORIENTED_EDGE ( 'NONE', *, *, #5180, .T. ) ;
#2034 = VERTEX_POINT ( 'NONE', #5155 ) ;
#2035 = EDGE_CURVE ( 'NONE', #6714, #6918, #2848, .T. ) ;
#2036 = ORIENTED_EDGE ( 'NONE', *, *, #1896, .T. ) ;
#2037 = CARTESIAN_POINT ( 'NONE',  ( 45.43088215633500937, -252.2140313402290133, -23.81798626738900282 ) ) ;
#2038 = VECTOR ( 'NONE', #296, 1000.000000000000000 ) ;
#2039 = DIRECTION ( 'NONE',  ( 1.000000000000000000, 0.000000000000000000, 0.000000000000000000 ) ) ;
#2040 = AXIS2_PLACEMENT_3D ( 'NONE', #1176, #6200, #3710 ) ;
#2041 = DIRECTION ( 'NONE',  ( 0.000000000000000000, -1.000000000000000000, 0.000000000000000000 ) ) ;
#2042 = FACE_OUTER_BOUND ( 'NONE', #4779, .T. ) ;
#2043 = LINE ( 'NONE', #4738, #1585 ) ;
#2044 = FACE_OUTER_BOUND ( 'NONE', #4282, .T. ) ;
#2045 = DIRECTION ( 'NONE',  ( 0.000000000000000000, 0.000000000000000000, -1.000000000000000000 ) ) ;
#2046 = AXIS2_PLACEMENT_3D ( 'NONE', #5272, #144, #1721 ) ;
#2047 = ORIENTED_EDGE ( 'NONE', *, *, #3716, .T. ) ;
#2048 = ORIENTED_EDGE ( 'NONE', *, *, #9251, .T. ) ;
#2049 = VECTOR ( 'NONE', #11059, 1000.000000000000000 ) ;
#2050 = ORIENTED_EDGE ( 'NONE', *, *, #2690, .T. ) ;
#2051 = CARTESIAN_POINT ( 'NONE',  ( 38.84338215633501079, -280.0760313402290080, -23.81798626738900282 ) ) ;
#2052 = CARTESIAN_POINT ( 'NONE',  ( 53.78088215633500369, -326.3820313402290481, 105.9245421747346825 ) ) ;
#2053 = CARTESIAN_POINT ( 'NONE',  ( 28.90588215633500013, -249.3820313402290196, 220.0996348679430525 ) ) ;
#2054 = AXIS2_PLACEMENT_3D ( 'NONE', #5252, #10740, #2186 ) ;
#2055 = DIRECTION ( 'NONE',  ( 0.000000000000000000, 0.000000000000000000, -1.000000000000000000 ) ) ;
#2056 = LINE ( 'NONE', #8134, #9148 ) ;
#2057 = LINE ( 'NONE', #10611, #6706 ) ;
#2058 = EDGE_LOOP ( 'NONE', ( #193, #6515, #9920, #4660, #365 ) ) ;
#2059 = EDGE_LOOP ( 'NONE', ( #218, #665, #858, #1699 ) ) ;
#2060 = CARTESIAN_POINT ( 'NONE',  ( 57.03088215633500369, -326.3820313402290481, -38.11798626738899287 ) ) ;
#2061 = CARTESIAN_POINT ( 'NONE',  ( 55.81237754547522911, -232.8392267963244251, -24.93222972812078808 ) ) ;
#2062 = DIRECTION ( 'NONE',  ( 0.000000000000000000, -1.000000000000000000, 0.000000000000000000 ) ) ;
#2063 = CYLINDRICAL_SURFACE ( 'NONE', #942, 3.249999999999999556 ) ;
#2064 = CARTESIAN_POINT ( 'NONE',  ( 61.66335824103232710, -237.7504048928006739, -39.82295022920419569 ) ) ;
#2065 = LINE ( 'NONE', #7142, #4020 ) ;
#2066 = CARTESIAN_POINT ( 'NONE',  ( 54.97505738546489340, -285.0859361456485317, -25.71216149651889182 ) ) ;
#2067 = CYLINDRICAL_SURFACE ( 'NONE', #2189, 2.999999999999999112 ) ;
#2068 = EDGE_CURVE ( 'NONE', #6808, #1178, #5179, .T. ) ;
#2069 = DIRECTION ( 'NONE',  ( 0.000000000000000000, 0.000000000000000000, 1.000000000000000000 ) ) ;
#2070 = AXIS2_PLACEMENT_3D ( 'NONE', #5563, #8106, #9844 ) ;
#2071 = VERTEX_POINT ( 'NONE', #8659 ) ;
#2072 = ORIENTED_EDGE ( 'NONE', *, *, #3935, .F. ) ;
#2073 = ORIENTED_EDGE ( 'NONE', *, *, #5993, .T. ) ;
#2074 = CARTESIAN_POINT ( 'NONE',  ( 58.36129101650875839, -285.7648961923786146, -35.11798626738900708 ) ) ;
#2075 = CARTESIAN_POINT ( 'NONE',  ( 61.62844453593130112, -290.0660784407689903, -39.76627588006999048 ) ) ;
#2076 = CARTESIAN_POINT ( 'NONE',  ( 42.71854882300168299, -260.7073646735623242, -26.53031960072230078 ) ) ;
#2077 = CARTESIAN_POINT ( 'NONE',  ( 29.78088215633500369, -282.8820313402289912, 220.0996348679430525 ) ) ;
#2078 = EDGE_CURVE ( 'NONE', #10902, #460, #2794, .T. ) ;
#2079 = EDGE_CURVE ( 'NONE', #146, #394, #6806, .T. ) ;
#2080 = ADVANCED_FACE ( 'NONE', ( #5268 ), #6224, .F. ) ;
#2081 = CARTESIAN_POINT ( 'NONE',  ( 61.35825843829837822, -286.7819990832484791, -39.57409126882054551 ) ) ;
#2082 = ORIENTED_EDGE ( 'NONE', *, *, #10552, .T. ) ;
#2083 = VERTEX_POINT ( 'NONE', #201 ) ;
#2084 = ORIENTED_EDGE ( 'NONE', *, *, #10739, .F. ) ;
#2085 = EDGE_CURVE ( 'NONE', #860, #7912, #3016, .T. ) ;
#2086 = ORIENTED_EDGE ( 'NONE', *, *, #9432, .F. ) ;
#2087 = ORIENTED_EDGE ( 'NONE', *, *, #1188, .T. ) ;
#2088 = CARTESIAN_POINT ( 'NONE',  ( 53.78088215633500369, -218.8820313402289912, -38.11798626738899998 ) ) ;
#2089 = LINE ( 'NONE', #2935, #6345 ) ;
#2090 = CARTESIAN_POINT ( 'NONE',  ( 56.78088215633500369, -244.4302408555732882, -33.11798626738899998 ) ) ;
#2091 = EDGE_CURVE ( 'NONE', #795, #4889, #9141, .T. ) ;
#2092 = VECTOR ( 'NONE', #1501, 1000.000000000000000 ) ;
#2093 = DIRECTION ( 'NONE',  ( 2.478176394252580155E-16, -1.000000000000000000, 0.000000000000000000 ) ) ;
#2094 = LINE ( 'NONE', #7332, #9054 ) ;
#2095 = CARTESIAN_POINT ( 'NONE',  ( 56.78088215633500369, -297.1166250875550645, -45.13880154756031970 ) ) ;
#2096 = ORIENTED_EDGE ( 'NONE', *, *, #4714, .F. ) ;
#2097 = ORIENTED_EDGE ( 'NONE', *, *, #7360, .F. ) ;
#2098 = ADVANCED_FACE ( 'NONE', ( #4371 ), #10450, .F. ) ;
#2099 = ORIENTED_EDGE ( 'NONE', *, *, #1671, .F. ) ;
#2100 = CIRCLE ( 'NONE', #10376, 3.000000000000002665 ) ;
#2101 = DIRECTION ( 'NONE',  ( -0.000000000000000000, -1.000000000000000000, -0.000000000000000000 ) ) ;
#2102 = CARTESIAN_POINT ( 'NONE',  ( 53.78088215633500369, -266.1320313402289912, -24.51798626738900921 ) ) ;
#2103 = CARTESIAN_POINT ( 'NONE',  ( 32.63088215633499800, -217.4520313402290128, -23.81798626738900282 ) ) ;
#2104 = DIRECTION ( 'NONE',  ( 0.000000000000000000, 0.000000000000000000, 1.000000000000000000 ) ) ;
#2105 = CARTESIAN_POINT ( 'NONE',  ( 50.78088215633499658, -216.8820313402289912, -24.51798626738900211 ) ) ;
#2106 = CARTESIAN_POINT ( 'NONE',  ( 51.03088215633499658, -315.6320313402289912, -33.11798626738899998 ) ) ;
#2107 = VECTOR ( 'NONE', #2160, 1000.000000000000000 ) ;
#2108 = EDGE_LOOP ( 'NONE', ( #5450, #4482, #668, #2638, #6255 ) ) ;
#2109 = EDGE_LOOP ( 'NONE', ( #7885, #219, #10252, #10510 ) ) ;
#2110 = CARTESIAN_POINT ( 'NONE',  ( 23.11102822523410438, -294.0268776761702725, -25.31284019848990496 ) ) ;
#2111 = CYLINDRICAL_SURFACE ( 'NONE', #8837, 3.000000000000002665 ) ;
#2112 = CIRCLE ( 'NONE', #2291, 3.000000000000002665 ) ;
#2113 = DIRECTION ( 'NONE',  ( 1.000000000000000000, 0.000000000000000000, 0.000000000000000000 ) ) ;
#2114 = CARTESIAN_POINT ( 'NONE',  ( 57.08295112185224696, -285.6750694363605021, -24.51798626738906606 ) ) ;
#2115 = CARTESIAN_POINT ( 'NONE',  ( 61.52551848075387397, -238.4221539713734046, -39.00510882478616992 ) ) ;
#2116 = DIRECTION ( 'NONE',  ( 0.000000000000000000, 0.000000000000000000, -1.000000000000000000 ) ) ;
#2117 = LINE ( 'NONE', #7892, #8419 ) ;
#2118 = CARTESIAN_POINT ( 'NONE',  ( 45.43088215633500937, -266.1320313402289912, -23.81798626738900282 ) ) ;
#2119 = DIRECTION ( 'NONE',  ( -0.000000000000000000, -0.000000000000000000, 1.000000000000000000 ) ) ;
#2120 = VECTOR ( 'NONE', #9210, 1000.000000000000000 ) ;
#2121 = VERTEX_POINT ( 'NONE', #7695 ) ;
#2122 = EDGE_LOOP ( 'NONE', ( #2952, #4156, #790, #8850 ) ) ;
#2123 = ORIENTED_EDGE ( 'NONE', *, *, #10561, .F. ) ;
#2124 = CARTESIAN_POINT ( 'NONE',  ( 61.61438431363320234, -289.5235002882080835, -39.66600241808639993 ) ) ;
#2125 = DIRECTION ( 'NONE',  ( 0.000000000000000000, 0.000000000000000000, 1.000000000000000000 ) ) ;
#2126 = EDGE_CURVE ( 'NONE', #7657, #4083, #6061, .T. ) ;
#2127 = FACE_OUTER_BOUND ( 'NONE', #4504, .T. ) ;
#2128 = DIRECTION ( 'NONE',  ( 0.000000000000000000, -1.000000000000000000, 0.000000000000000000 ) ) ;
#2129 = CIRCLE ( 'NONE', #159, 1.500000000000001332 ) ;
#2130 = CARTESIAN_POINT ( 'NONE',  ( 50.78088215633499658, -318.3820313402290481, -23.81798626738900282 ) ) ;
#2131 = CARTESIAN_POINT ( 'NONE',  ( 61.63125396928176514, -289.8319755663076194, -40.12348886837624917 ) ) ;
#2132 = ORIENTED_EDGE ( 'NONE', *, *, #4129, .T. ) ;
#2133 = ORIENTED_EDGE ( 'NONE', *, *, #10957, .F. ) ;
#2134 = ORIENTED_EDGE ( 'NONE', *, *, #10348, .F. ) ;
#2135 = CIRCLE ( 'NONE', #1411, 8.000000000000007105 ) ;
#2136 = ORIENTED_EDGE ( 'NONE', *, *, #6747, .T. ) ;
#2137 = AXIS2_PLACEMENT_3D ( 'NONE', #854, #9581, #7724 ) ;
#2138 = ORIENTED_EDGE ( 'NONE', *, *, #10961, .T. ) ;
#2139 = EDGE_CURVE ( 'NONE', #7686, #6334, #1719, .T. ) ;
#2140 = DIRECTION ( 'NONE',  ( 0.000000000000000000, 0.000000000000000000, -1.000000000000000000 ) ) ;
#2141 = DIRECTION ( 'NONE',  ( 0.000000000000000000, -1.000000000000000000, 0.000000000000000000 ) ) ;
#2142 = CARTESIAN_POINT ( 'NONE',  ( 24.16224105003026423, -238.1055184868944821, -24.26162737369374867 ) ) ;
#2143 = DIRECTION ( 'NONE',  ( 1.000000000000000000, 0.000000000000000000, 0.000000000000000000 ) ) ;
#2144 = CIRCLE ( 'NONE', #4489, 7.249999999999999112 ) ;
#2145 = EDGE_CURVE ( 'NONE', #2166, #5537, #4285, .T. ) ;
#2146 = AXIS2_PLACEMENT_3D ( 'NONE', #869, #2663, #191 ) ;
#2147 = CARTESIAN_POINT ( 'NONE',  ( 29.65588215633500369, -264.5070313402289912, -23.81798626738900282 ) ) ;
#2148 = DIRECTION ( 'NONE',  ( 0.000000000000000000, -1.000000000000000000, 0.000000000000000000 ) ) ;
#2149 = CARTESIAN_POINT ( 'NONE',  ( 29.90588215633500369, -312.3820313402289912, -34.71798626738900140 ) ) ;
#2150 = ORIENTED_EDGE ( 'NONE', *, *, #2400, .F. ) ;
#2151 = ORIENTED_EDGE ( 'NONE', *, *, #2287, .T. ) ;
#2152 = ORIENTED_EDGE ( 'NONE', *, *, #1394, .T. ) ;
#2153 = ADVANCED_FACE ( 'NONE', ( #6852 ), #10276, .F. ) ;
#2155 = EDGE_CURVE ( 'NONE', #3814, #5174, #6912, .T. ) ;
#2154 = CIRCLE ( 'NONE', #7196, 3.250000000000002665 ) ;
#2157 = EDGE_CURVE ( 'NONE', #10036, #460, #8593, .T. ) ;
#2156 = AXIS2_PLACEMENT_3D ( 'NONE', #10142, #2419, #5919 ) ;
#2158 = CARTESIAN_POINT ( 'NONE',  ( 19.01236748266026311, -241.3669524021892983, -37.94623168458817020 ) ) ;
#2159 = CARTESIAN_POINT ( 'NONE',  ( 18.19309928133649024, -293.7828330698121704, -37.92870566753973094 ) ) ;
#2160 = DIRECTION ( 'NONE',  ( 0.000000000000000000, 0.000000000000000000, 1.000000000000000000 ) ) ;
#2161 = FACE_OUTER_BOUND ( 'NONE', #3939, .T. ) ;
#2162 = CARTESIAN_POINT ( 'NONE',  ( 15.88605142255396885, -235.8256427594885736, -40.32333505409594920 ) ) ;
#2163 = DIRECTION ( 'NONE',  ( 0.000000000000000000, 0.000000000000000000, -1.000000000000000000 ) ) ;
#2164 = AXIS2_PLACEMENT_3D ( 'NONE', #7531, #5728, #9166 ) ;
#2165 = ORIENTED_EDGE ( 'NONE', *, *, #1995, .T. ) ;
#2166 = VERTEX_POINT ( 'NONE', #3902 ) ;
#2167 = CARTESIAN_POINT ( 'NONE',  ( 61.69321799383208571, -289.2072509278934831, -40.39237112518175365 ) ) ;
#2168 = EDGE_CURVE ( 'NONE', #10484, #7940, #11120, .T. ) ;
#2169 = DIRECTION ( 'NONE',  ( 0.000000000000000000, 0.000000000000000000, 1.000000000000000000 ) ) ;
#2170 = VECTOR ( 'NONE', #3684, 1000.000000000000000 ) ;
#2171 = CARTESIAN_POINT ( 'NONE',  ( 23.87963606651958770, -287.7194909406374563, -24.54423235720441809 ) ) ;
#2172 = CARTESIAN_POINT ( 'NONE',  ( 20.90588215633500369, -282.6898115188659517, -35.11798626738899998 ) ) ;
#2173 = CARTESIAN_POINT ( 'NONE',  ( 61.17452831846716776, -235.0768621023131288, -39.17466442138077554 ) ) ;
#2174 = FACE_OUTER_BOUND ( 'NONE', #4036, .T. ) ;
#2175 = CARTESIAN_POINT ( 'NONE',  ( 53.80971253023125200, -287.7186036874088018, -24.54681664128524687 ) ) ;
#2176 = CYLINDRICAL_SURFACE ( 'NONE', #7783, 1.000000000000000888 ) ;
#2177 = CARTESIAN_POINT ( 'NONE',  ( 61.67571289011603852, -238.5959643417723726, -40.32333505409598473 ) ) ;
#2178 = AXIS2_PLACEMENT_3D ( 'NONE', #6233, #10515, #2958 ) ;
#2179 = ORIENTED_EDGE ( 'NONE', *, *, #6014, .F. ) ;
#2180 = VERTEX_POINT ( 'NONE', #2840 ) ;
#2181 = FACE_BOUND ( 'NONE', #7685, .T. ) ;
#2182 = CARTESIAN_POINT ( 'NONE',  ( 53.78088215633500369, -266.1320313402289912, -33.11798626738899998 ) ) ;
#2183 = LINE ( 'NONE', #7152, #10069 ) ;
#2184 = AXIS2_PLACEMENT_3D ( 'NONE', #10446, #4190, #7637 ) ;
#2185 = DIRECTION ( 'NONE',  ( 0.000000000000000000, 0.000000000000000000, 1.000000000000000000 ) ) ;
#2186 = DIRECTION ( 'NONE',  ( 1.000000000000000000, 0.000000000000000000, 0.000000000000000000 ) ) ;
#2187 = CARTESIAN_POINT ( 'NONE',  ( 61.60383313050011367, -291.6223937402886008, -40.10022585959283958 ) ) ;
#2188 = VERTEX_POINT ( 'NONE', #8191 ) ;
#2189 = AXIS2_PLACEMENT_3D ( 'NONE', #10518, #5492, #2806 ) ;
#2190 = VERTEX_POINT ( 'NONE', #309 ) ;
#2191 = ORIENTED_EDGE ( 'NONE', *, *, #1885, .F. ) ;
#2192 = AXIS2_PLACEMENT_3D ( 'NONE', #9883, #7250, #2957 ) ;
#2193 = UNCERTAINTY_MEASURE_WITH_UNIT (LENGTH_MEASURE( 1.000000000000000082E-05 ), #8226, 'distance_accuracy_value', 'NONE');
#2194 = ORIENTED_EDGE ( 'NONE', *, *, #2345, .F. ) ;
#2195 = ORIENTED_EDGE ( 'NONE', *, *, #10396, .T. ) ;
#2196 = DIRECTION ( 'NONE',  ( 0.000000000000000000, 0.000000000000000000, 1.000000000000000000 ) ) ;
#2197 = EDGE_CURVE ( 'NONE', #3099, #8099, #1413, .T. ) ;
#2198 = LINE ( 'NONE', #6535, #9197 ) ;
#2199 = DIRECTION ( 'NONE',  ( 0.000000000000000000, -1.000000000000000000, 0.000000000000000000 ) ) ;
#2200 = CIRCLE ( 'NONE', #3095, 1.000000000000000888 ) ;
#2201 = CARTESIAN_POINT ( 'NONE',  ( 38.78088215633501079, -279.5760313402290080, -24.31798626738900282 ) ) ;
#2202 = DIRECTION ( 'NONE',  ( 0.000000000000000000, 0.000000000000000000, 1.000000000000000000 ) ) ;
#2203 = ADVANCED_FACE ( 'NONE', ( #3689 ), #414, .T. ) ;
#2204 = CYLINDRICAL_SURFACE ( 'NONE', #1976, 0.7500000000000006661 ) ;
#2205 = ORIENTED_EDGE ( 'NONE', *, *, #1596, .T. ) ;
#2206 = VERTEX_POINT ( 'NONE', #8978 ) ;
#2207 = VERTEX_POINT ( 'NONE', #6440 ) ;
#2208 = VECTOR ( 'NONE', #5131, 1000.000000000000114 ) ;
#2209 = CARTESIAN_POINT ( 'NONE',  ( 50.78088215633499658, -318.3820313402290481, -33.11798626738899998 ) ) ;
#2210 = CARTESIAN_POINT ( 'NONE',  ( 16.27701716242239272, -291.6495233431449492, -39.35271135918105756 ) ) ;
#2211 = CARTESIAN_POINT ( 'NONE',  ( 53.78088215633500369, -220.8820313402289912, -24.51798626738900211 ) ) ;
#2212 = FACE_BOUND ( 'NONE', #6739, .T. ) ;
#2213 = CARTESIAN_POINT ( 'NONE',  ( 32.63088215633499800, -285.8570313402290139, -23.81798626738900282 ) ) ;
#2214 = VECTOR ( 'NONE', #10349, 1000.000000000000000 ) ;
#2215 = PRODUCT_RELATED_PRODUCT_CATEGORY ( 'part', '', ( #10605 ) ) ;
#2216 = DIRECTION ( 'NONE',  ( -1.000000000000000000, 0.000000000000000000, 0.000000000000000000 ) ) ;
#2217 = CIRCLE ( 'NONE', #1148, 8.000000000000007105 ) ;
#2218 = EDGE_CURVE ( 'NONE', #4805, #2537, #8079, .T. ) ;
#2219 = EDGE_CURVE ( 'NONE', #9586, #5777, #883, .T. ) ;
#2220 = ORIENTED_EDGE ( 'NONE', *, *, #1127, .F. ) ;
#2222 = EDGE_CURVE ( 'NONE', #9230, #4592, #6271, .T. ) ;
#2221 = EDGE_LOOP ( 'NONE', ( #261, #2376, #1092 ) ) ;
#2223 = DIRECTION ( 'NONE',  ( -0.7071067811865475727, 0.000000000000000000, -0.7071067811865475727 ) ) ;
#2224 = DIRECTION ( 'NONE',  ( 0.000000000000000000, -1.000000000000000000, 0.000000000000000000 ) ) ;
#2225 = DIRECTION ( 'NONE',  ( 0.000000000000000000, -1.000000000000000000, 0.000000000000000000 ) ) ;
#2226 = CARTESIAN_POINT ( 'NONE',  ( 19.33329594943844754, -233.0334767943454040, -35.11798626738899998 ) ) ;
#2227 = CARTESIAN_POINT ( 'NONE',  ( 60.14602036143452324, -240.4952658476962597, -36.08416255212863888 ) ) ;
#2228 = LINE ( 'NONE', #8313, #3842 ) ;
#2229 = DIRECTION ( 'NONE',  ( -1.000000000000000000, 0.000000000000000000, 0.000000000000000000 ) ) ;
#2230 = CARTESIAN_POINT ( 'NONE',  ( 20.57898560461087456, -232.9861100474050772, -33.11798626738899998 ) ) ;
#2231 = EDGE_CURVE ( 'NONE', #2495, #1398, #2056, .T. ) ;
#2232 = CARTESIAN_POINT ( 'NONE',  ( 61.73835317475018769, -237.3912625738606721, -40.61463231170645827 ) ) ;
#2233 = CARTESIAN_POINT ( 'NONE',  ( 44.93088215633500226, -234.8330313402290130, -23.81798626738900282 ) ) ;
#2234 = VERTEX_POINT ( 'NONE', #5652 ) ;
#2235 = VERTEX_POINT ( 'NONE', #258 ) ;
#2236 = CARTESIAN_POINT ( 'NONE',  ( 32.63088215633499800, -224.8520313402290185, -24.31798626738900282 ) ) ;
#2237 = DIRECTION ( 'NONE',  ( 0.000000000000000000, 0.000000000000000000, -1.000000000000000000 ) ) ;
#2238 = DIRECTION ( 'NONE',  ( 0.000000000000000000, -1.000000000000000000, 0.000000000000000000 ) ) ;
#2239 = CARTESIAN_POINT ( 'NONE',  ( 57.44588215633498862, -237.2108035506304873, -23.81798626738900282 ) ) ;
#2240 = CARTESIAN_POINT ( 'NONE',  ( 20.60588215633500653, -294.1321670455920980, -35.11798626738899998 ) ) ;
#2241 = CARTESIAN_POINT ( 'NONE',  ( 60.17950896830199525, -293.1041674958439103, -36.15316790841634997 ) ) ;
#2242 = EDGE_LOOP ( 'NONE', ( #9163, #6111, #1815, #311, #2087, #9892, #250, #6868, #973, #6205, #7954, #8810, #5797, #8112, #2832, #8796, #8276, #6228, #7883, #8740, #275, #5392, #6250, #8851 ) ) ;
#2243 = ORIENTED_EDGE ( 'NONE', *, *, #94, .F. ) ;
#2244 = ORIENTED_EDGE ( 'NONE', *, *, #9311, .T. ) ;
#2245 = VERTEX_POINT ( 'NONE', #6276 ) ;
#2246 = ORIENTED_EDGE ( 'NONE', *, *, #4012, .T. ) ;
#2247 = CYLINDRICAL_SURFACE ( 'NONE', #6, 1.699999999999996625 ) ;
#2248 = CIRCLE ( 'NONE', #8749, 3.000000000000002665 ) ;
#2249 = DIRECTION ( 'NONE',  ( 0.000000000000000000, 0.000000000000000000, 1.000000000000000000 ) ) ;
#2250 = DIRECTION ( 'NONE',  ( 0.000000000000000000, 0.000000000000000000, 1.000000000000000000 ) ) ;
#2251 = DIRECTION ( 'NONE',  ( 1.000000000000000000, 0.000000000000000000, 0.000000000000000000 ) ) ;
#2252 = DIRECTION ( 'NONE',  ( 1.000000000000000000, 2.915501640297150339E-16, 0.000000000000000000 ) ) ;
#2253 = DIRECTION ( 'NONE',  ( 0.000000000000000000, -1.000000000000000000, 0.000000000000000000 ) ) ;
#2254 = CARTESIAN_POINT ( 'NONE',  ( 44.78088215633500369, -219.8820313402289912, -34.71798626738900140 ) ) ;
#2255 = ORIENTED_EDGE ( 'NONE', *, *, #5182, .F. ) ;
#2256 = EDGE_LOOP ( 'NONE', ( #4377, #6138, #3269, #6637 ) ) ;
#2257 = EDGE_LOOP ( 'NONE', ( #3627, #10914 ) ) ;
#2258 = CARTESIAN_POINT ( 'NONE',  ( 44.78088215633500369, -219.6320313402290196, -38.11798626738899998 ) ) ;
#2259 = EDGE_CURVE ( 'NONE', #5792, #6858, #1586, .T. ) ;
#2260 = CARTESIAN_POINT ( 'NONE',  ( 15.93816738577715952, -290.1612139434488427, -39.73116821468088489 ) ) ;
#2261 = DIRECTION ( 'NONE',  ( 0.000000000000000000, -1.000000000000000000, 0.000000000000000000 ) ) ;
#2262 = CARTESIAN_POINT ( 'NONE',  ( 20.90588215633500369, -282.6898115188659517, -35.11798626738899998 ) ) ;
#2263 = DIRECTION ( 'NONE',  ( 0.000000000000000000, 0.000000000000000000, -1.000000000000000000 ) ) ;
#2264 = FACE_OUTER_BOUND ( 'NONE', #9511, .T. ) ;
#2265 = ORIENTED_EDGE ( 'NONE', *, *, #3603, .F. ) ;
#2266 = VECTOR ( 'NONE', #6781, 1000.000000000000000 ) ;
#2267 = ORIENTED_EDGE ( 'NONE', *, *, #5314, .F. ) ;
#2268 = CARTESIAN_POINT ( 'NONE',  ( 26.90588215633500369, -213.8820313402290196, -33.11798626738899998 ) ) ;
#2269 = CARTESIAN_POINT ( 'NONE',  ( 30.70588215633500440, -317.8820313402290481, -33.11798626738899998 ) ) ;
#2270 = EDGE_CURVE ( 'NONE', #10076, #1779, #748, .T. ) ;
#2271 = CARTESIAN_POINT ( 'NONE',  ( 20.60588215633500297, -294.1321670455920980, -24.51798626738895592 ) ) ;
#2272 = CARTESIAN_POINT ( 'NONE',  ( 38.84338215633500369, -318.3820313402290481, -33.11798626738899998 ) ) ;
#2273 = CARTESIAN_POINT ( 'NONE',  ( 61.07658595784278077, -239.4312998070975027, -37.58149004381398584 ) ) ;
#2274 = DIRECTION ( 'NONE',  ( 0.000000000000000000, 0.000000000000000000, 1.000000000000000000 ) ) ;
#2275 = LINE ( 'NONE', #4134, #3566 ) ;
#2276 = SURFACE_STYLE_USAGE ( .BOTH. , #10896 ) ;
#2277 = EDGE_CURVE ( 'NONE', #7511, #2765, #10055, .T. ) ;
#2278 = CARTESIAN_POINT ( 'NONE',  ( 61.67592603372651894, -235.8276134343562660, -40.32409495089189022 ) ) ;
#2279 = VERTEX_POINT ( 'NONE', #4802 ) ;
#2280 = VERTEX_POINT ( 'NONE', #5875 ) ;
#2281 = DIRECTION ( 'NONE',  ( 0.000000000000000000, 0.000000000000000000, 1.000000000000000000 ) ) ;
#2282 = CIRCLE ( 'NONE', #8595, 1.300000000000023359 ) ;
#2283 = EDGE_CURVE ( 'NONE', #4137, #70, #688, .T. ) ;
#2284 = CARTESIAN_POINT ( 'NONE',  ( 60.54825192927417277, -292.7465511427839147, -36.63469766682454321 ) ) ;
#2285 = FACE_OUTER_BOUND ( 'NONE', #3977, .T. ) ;
#2286 = EDGE_CURVE ( 'NONE', #8099, #10299, #7506, .T. ) ;
#2287 = EDGE_CURVE ( 'NONE', #9628, #10001, #2856, .T. ) ;
#2288 = CARTESIAN_POINT ( 'NONE',  ( 25.40588215633500369, -275.8760313402289626, -33.11798626738899998 ) ) ;
#2289 = DIRECTION ( 'NONE',  ( 0.000000000000000000, 0.000000000000000000, 1.000000000000000000 ) ) ;
#2290 = CARTESIAN_POINT ( 'NONE',  ( 56.05425157699511374, -285.6068787353506195, -24.80243319197990814 ) ) ;
#2291 = AXIS2_PLACEMENT_3D ( 'NONE', #10188, #1694, #9290 ) ;
#2292 = CARTESIAN_POINT ( 'NONE',  ( 61.52484735092576074, -292.1738064106148727, -39.90299905272662784 ) ) ;
#2293 = VERTEX_POINT ( 'NONE', #8303 ) ;
#2294 = ORIENTED_EDGE ( 'NONE', *, *, #10930, .F. ) ;
#2295 = ORIENTED_EDGE ( 'NONE', *, *, #10836, .F. ) ;
#2296 = ORIENTED_EDGE ( 'NONE', *, *, #301, .T. ) ;
#2297 = CARTESIAN_POINT ( 'NONE',  ( 61.32092894698924823, -238.9681611069435405, -38.24340411098489767 ) ) ;
#2298 = ORIENTED_EDGE ( 'NONE', *, *, #5452, .T. ) ;
#2299 = CARTESIAN_POINT ( 'NONE',  ( 28.90588215633500013, -254.6045313402289878, -26.81798626738900282 ) ) ;
#2301 = ADVANCED_FACE ( 'NONE', ( #5704 ), #8621, .F. ) ;
#2300 = VECTOR ( 'NONE', #9832, 1000.000000000000000 ) ;
#2302 = FACE_OUTER_BOUND ( 'NONE', #5971, .T. ) ;
#2303 = FACE_OUTER_BOUND ( 'NONE', #8633, .T. ) ;
#2304 = FACE_BOUND ( 'NONE', #7958, .T. ) ;
#2305 = PLANE ( 'NONE',  #4189 ) ;
#2306 = CIRCLE ( 'NONE', #6270, 1.300000000000002487 ) ;
#2307 = LINE ( 'NONE', #511, #1583 ) ;
#2308 = VERTEX_POINT ( 'NONE', #9199 ) ;
#2309 = VERTEX_POINT ( 'NONE', #10153 ) ;
#2310 = ORIENTED_EDGE ( 'NONE', *, *, #2426, .F. ) ;
#2311 = DIRECTION ( 'NONE',  ( 1.000000000000000000, 0.000000000000000000, 0.000000000000000000 ) ) ;
#2312 = VECTOR ( 'NONE', #5766, 1000.000000000000000 ) ;
#2313 = AXIS2_PLACEMENT_3D ( 'NONE', #4209, #6078, #7655 ) ;
#2314 = CARTESIAN_POINT ( 'NONE',  ( 18.96913063277904143, -294.0377856116336943, -37.92394827998032980 ) ) ;
#2315 = LINE ( 'NONE', #10091, #9839 ) ;
#2316 = CARTESIAN_POINT ( 'NONE',  ( 54.63642719844567353, -233.4547750092185368, -24.95264418900861969 ) ) ;
#2317 = DIRECTION ( 'NONE',  ( 1.000000000000000000, 0.000000000000000000, 0.000000000000000000 ) ) ;
#2318 = LINE ( 'NONE', #8361, #1663 ) ;
#2319 = ORIENTED_EDGE ( 'NONE', *, *, #2259, .T. ) ;
#2320 = CIRCLE ( 'NONE', #1252, 1.500000000000001332 ) ;
#2321 = VERTEX_POINT ( 'NONE', #6602 ) ;
#2322 = ORIENTED_EDGE ( 'NONE', *, *, #5169, .F. ) ;
#2323 = CARTESIAN_POINT ( 'NONE',  ( 60.10573672186806959, -283.8722090521281416, -38.41803489126657922 ) ) ;
#2324 = FACE_OUTER_BOUND ( 'NONE', #3652, .T. ) ;
#2325 = EDGE_CURVE ( 'NONE', #4769, #957, #3219, .T. ) ;
#2326 = CARTESIAN_POINT ( 'NONE',  ( 59.56724779210913567, -243.8562379045212083, -38.22075644454682930 ) ) ;
#2327 = AXIS2_PLACEMENT_3D ( 'NONE', #1209, #2009, #2801 ) ;
#2328 = CARTESIAN_POINT ( 'NONE',  ( 61.76088215633501477, -289.9034704378889273, -45.13880154756031970 ) ) ;
#2329 = DIRECTION ( 'NONE',  ( 0.9811784028727734697, -0.1931034482758758608, 0.000000000000000000 ) ) ;
#2330 =( NAMED_UNIT ( * ) SI_UNIT ( $, .STERADIAN. ) SOLID_ANGLE_UNIT ( ) );
#2331 = CARTESIAN_POINT ( 'NONE',  ( 60.65526520980346703, -242.3957765777965392, -38.76832039222527726 ) ) ;
#2332 = DIRECTION ( 'NONE',  ( 0.000000000000000000, 0.000000000000000000, 1.000000000000000000 ) ) ;
#2333 = EDGE_CURVE ( 'NONE', #5707, #5133, #4965, .T. ) ;
#2334 = ORIENTED_EDGE ( 'NONE', *, *, #8366, .T. ) ;
#2335 = AXIS2_PLACEMENT_3D ( 'NONE', #6001, #10998, #7809 ) ;
#2336 = EDGE_LOOP ( 'NONE', ( #5671, #8235, #8561, #619 ) ) ;
#2337 = LINE ( 'NONE', #1441, #7357 ) ;
#2338 = CARTESIAN_POINT ( 'NONE',  ( 57.44588215633498862, -237.2108035506304873, -23.81798626738900282 ) ) ;
#2339 = CARTESIAN_POINT ( 'NONE',  ( 15.78088215633500013, -326.3820313402290481, -41.11798626738899287 ) ) ;
#2340 = CARTESIAN_POINT ( 'NONE',  ( 28.90588215633500013, -219.8820313402289912, -34.71798626738900140 ) ) ;
#2341 = DIRECTION ( 'NONE',  ( 1.000000000000000000, 0.000000000000000000, 0.000000000000000000 ) ) ;
#2342 = CARTESIAN_POINT ( 'NONE',  ( 23.90588215633500369, -218.8820313402289912, -38.11798626738899998 ) ) ;
#2343 = VECTOR ( 'NONE', #950, 1000.000000000000000 ) ;
#2344 = CARTESIAN_POINT ( 'NONE',  ( 61.45205655380790688, -291.1285133542459675, -38.82165362423538824 ) ) ;
#2345 = EDGE_CURVE ( 'NONE', #9055, #6809, #7177, .T. ) ;
#2346 = EDGE_CURVE ( 'NONE', #5996, #2188, #8429, .T. ) ;
#2347 = ORIENTED_EDGE ( 'NONE', *, *, #6991, .T. ) ;
#2348 = ADVANCED_FACE ( 'NONE', ( #9305 ), #3110, .F. ) ;
#2349 = ORIENTED_EDGE ( 'NONE', *, *, #3048, .T. ) ;
#2350 = EDGE_LOOP ( 'NONE', ( #7274, #3785, #4347, #3075 ) ) ;
#2351 = VERTEX_POINT ( 'NONE', #3961 ) ;
#2352 = LINE ( 'NONE', #3258, #6815 ) ;
#2353 = ORIENTED_EDGE ( 'NONE', *, *, #616, .T. ) ;
#2354 = CIRCLE ( 'NONE', #3074, 2.999999999999988010 ) ;
#2355 = DIRECTION ( 'NONE',  ( 1.000000000000000000, 0.000000000000000000, 0.000000000000000000 ) ) ;
#2356 = CYLINDRICAL_SURFACE ( 'NONE', #4173, 0.7500000000000006661 ) ;
#2357 = CARTESIAN_POINT ( 'NONE',  ( 47.78088215633500369, -313.3820313402289912, -34.71798626738900140 ) ) ;
#2358 = DIRECTION ( 'NONE',  ( 0.000000000000000000, 0.000000000000000000, -1.000000000000000000 ) ) ;
#2359 = CARTESIAN_POINT ( 'NONE',  ( 48.78088215633500369, -261.3820313402290481, 220.0996348679430525 ) ) ;
#2360 = TOROIDAL_SURFACE ( 'NONE', #7956, 7.249999999999999112, 3.000000000000000000 ) ;
#2361 = DIRECTION ( 'NONE',  ( 0.000000000000000000, 0.000000000000000000, 1.000000000000000000 ) ) ;
#2362 = EDGE_CURVE ( 'NONE', #8305, #4929, #3163, .T. ) ;
#2363 = ORIENTED_EDGE ( 'NONE', *, *, #5247, .T. ) ;
#2364 = EDGE_LOOP ( 'NONE', ( #5615, #8897 ) ) ;
#2365 = EDGE_LOOP ( 'NONE', ( #1066, #10269, #10983, #9341 ) ) ;
#2366 = STYLED_ITEM ( 'NONE', ( #1548 ), #9736 ) ;
#2367 = CARTESIAN_POINT ( 'NONE',  ( 17.93269677879630208, -240.8595057600921052, -35.61035423231784591 ) ) ;
#2368 = TOROIDAL_SURFACE ( 'NONE', #7594, 7.250000000000009770, 3.000000000000000000 ) ;
#2369 = CARTESIAN_POINT ( 'NONE',  ( 18.00981861102764015, -296.5336005373735020, -38.21673696575952306 ) ) ;
#2370 = CARTESIAN_POINT ( 'NONE',  ( 48.78088215633500369, -253.3820313402290196, -34.71798626738900140 ) ) ;
#2371 = CARTESIAN_POINT ( 'NONE',  ( 56.14588215633498436, -237.2108035506304873, -33.11798626738899998 ) ) ;
#2372 = FACE_OUTER_BOUND ( 'NONE', #85, .T. ) ;
#2373 = CARTESIAN_POINT ( 'NONE',  ( 28.90588215633500013, -281.9665313402289826, -26.81798626738900282 ) ) ;
#2374 = CIRCLE ( 'NONE', #8870, 5.000000000000004441 ) ;
#2375 = CARTESIAN_POINT ( 'NONE',  ( 32.13088215633499800, -266.1320313402289912, -23.81798626738900282 ) ) ;
#2376 = ORIENTED_EDGE ( 'NONE', *, *, #3450, .F. ) ;
#2377 = TOROIDAL_SURFACE ( 'NONE', #7068, 5.000000000000003553, 3.000000000000000000 ) ;
#2378 = ORIENTED_EDGE ( 'NONE', *, *, #6305, .T. ) ;
#2379 = APPLICATION_CONTEXT ( 'automotive_design' ) ;
#2380 = ORIENTED_EDGE ( 'NONE', *, *, #1184, .F. ) ;
#2381 = CARTESIAN_POINT ( 'NONE',  ( 59.38961186501501999, -296.6713640642850009, -38.17676097748495323 ) ) ;
#2382 = CARTESIAN_POINT ( 'NONE',  ( 25.40588215633500369, -281.9665313402289826, -26.81798626738900282 ) ) ;
#2383 = AXIS2_PLACEMENT_3D ( 'NONE', #5255, #10495, #7966 ) ;
#2384 = CARTESIAN_POINT ( 'NONE',  ( 27.90588215633500369, -303.7570313402290481, -23.81798626738900282 ) ) ;
#2385 = CARTESIAN_POINT ( 'NONE',  ( 59.53056376373768188, -241.0344680130179995, -37.98131223786239730 ) ) ;
#2386 = AXIS2_PLACEMENT_3D ( 'NONE', #3247, #10065, #8380 ) ;
#2387 = CARTESIAN_POINT ( 'NONE',  ( 16.34114529438002705, -293.5462164428384426, -39.36470229641721374 ) ) ;
#2388 = DIRECTION ( 'NONE',  ( 1.000000000000000000, 0.000000000000000000, 0.000000000000000000 ) ) ;
#2389 = CARTESIAN_POINT ( 'NONE',  ( 23.78088215633500369, -326.3820313402290481, -44.11798626738900708 ) ) ;
#2390 = DIRECTION ( 'NONE',  ( -0.000000000000000000, -0.000000000000000000, -1.000000000000000000 ) ) ;
#2391 = CIRCLE ( 'NONE', #1145, 3.000000000000002665 ) ;
#2392 = ORIENTED_EDGE ( 'NONE', *, *, #5006, .T. ) ;
#2393 = CIRCLE ( 'NONE', #9613, 0.7500000000000006661 ) ;
#2394 = ORIENTED_EDGE ( 'NONE', *, *, #9918, .T. ) ;
#2395 = DIRECTION ( 'NONE',  ( -0.7071067811865474617, 0.000000000000000000, -0.7071067811865474617 ) ) ;
#2396 = CARTESIAN_POINT ( 'NONE',  ( 32.40588215633500369, -295.6475313402290226, -26.81798626738900282 ) ) ;
#2397 = CARTESIAN_POINT ( 'NONE',  ( 23.90588215633500369, -297.3820313402289912, -24.51798626738900211 ) ) ;
#2398 = LINE ( 'NONE', #4322, #7269 ) ;
#2399 = CARTESIAN_POINT ( 'NONE',  ( 57.03088215633500369, -205.8820313402289912, -44.11798626738900708 ) ) ;
#2400 = EDGE_CURVE ( 'NONE', #1651, #10127, #7627, .T. ) ;
#2401 = DIRECTION ( 'NONE',  ( 0.000000000000000000, 0.000000000000000000, 1.000000000000000000 ) ) ;
#2402 = LINE ( 'NONE', #4150, #6381 ) ;
#2403 = CIRCLE ( 'NONE', #3848, 3.000000000000002665 ) ;
#2404 = CARTESIAN_POINT ( 'NONE',  ( 60.87831637147474595, -292.3288495895997698, -37.21052044676217463 ) ) ;
#2405 = ORIENTED_EDGE ( 'NONE', *, *, #564, .T. ) ;
#2406 = VERTEX_POINT ( 'NONE', #9255 ) ;
#2407 = ORIENTED_EDGE ( 'NONE', *, *, #5819, .T. ) ;
#2408 = ORIENTED_EDGE ( 'NONE', *, *, #6329, .T. ) ;
#2409 = DIRECTION ( 'NONE',  ( 1.000000000000000000, 0.000000000000000000, 0.000000000000000000 ) ) ;
#2410 = ORIENTED_EDGE ( 'NONE', *, *, #3171, .F. ) ;
#2411 = DIRECTION ( 'NONE',  ( -0.000000000000000000, -0.000000000000000000, -1.000000000000000000 ) ) ;
#2412 = EDGE_CURVE ( 'NONE', #7337, #5507, #3572, .T. ) ;
#2413 = ADVANCED_FACE ( 'NONE', ( #2372 ), #3392, .F. ) ;
#2414 = DIRECTION ( 'NONE',  ( 0.000000000000000000, -0.000000000000000000, 1.000000000000000000 ) ) ;
#2415 = ADVANCED_FACE ( 'NONE', ( #8581 ), #7852, .F. ) ;
#2416 = CARTESIAN_POINT ( 'NONE',  ( 25.40588215633500369, -289.5570313402290594, -26.81798626738900282 ) ) ;
#2417 = CARTESIAN_POINT ( 'NONE',  ( 57.44588215633498862, -237.2108035506304873, -27.21798626738900140 ) ) ;
#2418 = DIRECTION ( 'NONE',  ( 0.000000000000000000, 0.000000000000000000, 1.000000000000000000 ) ) ;
#2419 = DIRECTION ( 'NONE',  ( 0.000000000000000000, 0.000000000000000000, -1.000000000000000000 ) ) ;
#2420 = EDGE_CURVE ( 'NONE', #5301, #1628, #4101, .T. ) ;
#2421 = ORIENTED_EDGE ( 'NONE', *, *, #5456, .F. ) ;
#2422 = EDGE_LOOP ( 'NONE', ( #2982, #6882, #4731, #380 ) ) ;
#2423 = ORIENTED_EDGE ( 'NONE', *, *, #8286, .F. ) ;
#2424 = EDGE_CURVE ( 'NONE', #7511, #8217, #4949, .T. ) ;
#2425 = CARTESIAN_POINT ( 'NONE',  ( 16.01544251212259695, -238.3788951547182933, -39.87717035470899418 ) ) ;
#2426 = EDGE_CURVE ( 'NONE', #3712, #9743, #2545, .T. ) ;
#2427 = EDGE_CURVE ( 'NONE', #4049, #9216, #6163, .T. ) ;
#2428 = CARTESIAN_POINT ( 'NONE',  ( 16.95314615669241931, -287.0246516481536787, -38.55492382107346572 ) ) ;
#2429 = CARTESIAN_POINT ( 'NONE',  ( 26.90588215633500369, -216.8820313402289912, -35.11798626738899998 ) ) ;
#2430 = LINE ( 'NONE', #2544, #7446 ) ;
#2431 = DIRECTION ( 'NONE',  ( 1.000000000000000000, 0.000000000000000000, 0.000000000000000000 ) ) ;
#2432 = PLANE ( 'NONE',  #5984 ) ;
#2433 = CARTESIAN_POINT ( 'NONE',  ( 38.84338215633500369, -216.6320313402290196, -34.71798626738900140 ) ) ;
#2434 = VERTEX_POINT ( 'NONE', #9425 ) ;
#2435 = ORIENTED_EDGE ( 'NONE', *, *, #7245, .T. ) ;
#2436 = ORIENTED_EDGE ( 'NONE', *, *, #2466, .T. ) ;
#2437 = FACE_OUTER_BOUND ( 'NONE', #8447, .T. ) ;
#2438 = CARTESIAN_POINT ( 'NONE',  ( 15.88545425584344706, -236.7988337831176580, -39.93064556615610883 ) ) ;
#2439 = CARTESIAN_POINT ( 'NONE',  ( 23.90588215633500369, -234.8820313402289912, -24.51798626738900211 ) ) ;
#2440 = PLANE ( 'NONE',  #5339 ) ;
#2441 = CARTESIAN_POINT ( 'NONE',  ( 15.86854631883791100, -290.5996899478842579, -40.39237112518172523 ) ) ;
#2442 = DIRECTION ( 'NONE',  ( 1.000000000000000000, 0.000000000000000000, 0.000000000000000000 ) ) ;
#2443 = LINE ( 'NONE', #96, #2550 ) ;
#2444 = APPLICATION_PROTOCOL_DEFINITION ( 'draft international standard', 'automotive_design', 1998, #1823 ) ;
#2445 = VERTEX_POINT ( 'NONE', #1648 ) ;
#2446 = ORIENTED_EDGE ( 'NONE', *, *, #7518, .T. ) ;
#2447 = DIRECTION ( 'NONE',  ( 1.000000000000000000, 0.000000000000000000, 0.000000000000000000 ) ) ;
#2448 = DIRECTION ( 'NONE',  ( -1.000000000000000000, 0.000000000000000000, 0.000000000000000000 ) ) ;
#2449 = FACE_OUTER_BOUND ( 'NONE', #1158, .T. ) ;
#2450 = VECTOR ( 'NONE', #1679, 1000.000000000000000 ) ;
#2451 = FACE_OUTER_BOUND ( 'NONE', #9905, .T. ) ;
#2452 = FACE_OUTER_BOUND ( 'NONE', #4743, .T. ) ;
#2453 = CARTESIAN_POINT ( 'NONE',  ( 54.77090114876896365, -294.3828303301136771, -25.50800525982297984 ) ) ;
#2454 = CARTESIAN_POINT ( 'NONE',  ( 48.78088215633500369, -261.3820313402290481, -38.11798626738899998 ) ) ;
#2455 = CARTESIAN_POINT ( 'NONE',  ( 44.93088215633500226, -248.5140313402289962, -23.81798626738900282 ) ) ;
#2456 = FACE_OUTER_BOUND ( 'NONE', #7569, .T. ) ;
#2457 = ORIENTED_EDGE ( 'NONE', *, *, #1130, .F. ) ;
#2458 = AXIS2_PLACEMENT_3D ( 'NONE', #8465, #8358, #520 ) ;
#2459 = ORIENTED_EDGE ( 'NONE', *, *, #10038, .F. ) ;
#2460 = ORIENTED_EDGE ( 'NONE', *, *, #7923, .T. ) ;
#2461 = ADVANCED_FACE ( 'NONE', ( #7743 ), #9541, .T. ) ;
#2462 = ORIENTED_EDGE ( 'NONE', *, *, #6568, .F. ) ;
#2463 = DIRECTION ( 'NONE',  ( 0.000000000000000000, 0.000000000000000000, -1.000000000000000000 ) ) ;
#2464 = ORIENTED_EDGE ( 'NONE', *, *, #9240, .F. ) ;
#2465 = DIRECTION ( 'NONE',  ( 1.000000000000000000, 0.000000000000000000, 0.000000000000000000 ) ) ;
#2466 = EDGE_CURVE ( 'NONE', #2321, #7747, #4236, .T. ) ;
#2467 = CARTESIAN_POINT ( 'NONE',  ( 32.63088215633499800, -265.8950313402290249, -24.31798626738900282 ) ) ;
#2468 = AXIS2_PLACEMENT_3D ( 'NONE', #8017, #8960, #344 ) ;
#2469 = CARTESIAN_POINT ( 'NONE',  ( 61.69331055132942510, -237.0454114546222115, -40.08539485886235809 ) ) ;
#2470 = CARTESIAN_POINT ( 'NONE',  ( 59.95061744510586266, -283.6884713709352468, -38.35358938329684264 ) ) ;
#2471 = LINE ( 'NONE', #8456, #2570 ) ;
#2472 = CARTESIAN_POINT ( 'NONE',  ( 32.40588215633500369, -269.7855313402289994, -26.81798626738900282 ) ) ;
#2473 = ORIENTED_EDGE ( 'NONE', *, *, #1573, .T. ) ;
#2474 = VERTEX_POINT ( 'NONE', #1825 ) ;
#2475 = ADVANCED_FACE ( 'NONE', ( #3511 ), #8697, .F. ) ;
#2476 = VERTEX_POINT ( 'NONE', #4462 ) ;
#2477 = AXIS2_PLACEMENT_3D ( 'NONE', #4925, #8372, #6793 ) ;
#2478 = CARTESIAN_POINT ( 'NONE',  ( 15.91536806669586390, -236.5538065471097866, -39.69549696098803793 ) ) ;
#2479 = EDGE_CURVE ( 'NONE', #7336, #1221, #10323, .T. ) ;
#2480 = DIRECTION ( 'NONE',  ( 0.000000000000000000, 0.000000000000000000, 1.000000000000000000 ) ) ;
#2481 = CARTESIAN_POINT ( 'NONE',  ( 17.76100530433125613, -286.2829691798858107, -38.06355604351943356 ) ) ;
#2482 = CARTESIAN_POINT ( 'NONE',  ( 30.70588215633500440, -317.6820313402290026, -23.81798626738900282 ) ) ;
#2483 = CIRCLE ( 'NONE', #9888, 3.000000000000012879 ) ;
#2484 = CARTESIAN_POINT ( 'NONE',  ( 44.93088215633500226, -252.2140313402290133, -23.81798626738900282 ) ) ;
#2485 = VECTOR ( 'NONE', #3678, 1000.000000000000000 ) ;
#2486 = CARTESIAN_POINT ( 'NONE',  ( 54.96361404422233221, -242.0432895345994666, -25.70071815527633774 ) ) ;
#2487 = CARTESIAN_POINT ( 'NONE',  ( 18.78088215633500013, -297.0170138587165525, -38.11798626738899998 ) ) ;
#2488 = EDGE_CURVE ( 'NONE', #7213, #5062, #189, .T. ) ;
#2489 = CARTESIAN_POINT ( 'NONE',  ( 38.84338215633500369, -266.1320313402289912, -38.11798626738899998 ) ) ;
#2490 = EDGE_LOOP ( 'NONE', ( #6095, #3965 ) ) ;
#2491 = EDGE_CURVE ( 'NONE', #9342, #10072, #3622, .T. ) ;
#2493 = EDGE_CURVE ( 'NONE', #4592, #9230, #10934, .T. ) ;
#2492 = ORIENTED_EDGE ( 'NONE', *, *, #6624, .F. ) ;
#2494 = VECTOR ( 'NONE', #9218, 1000.000000000000114 ) ;
#2495 = VERTEX_POINT ( 'NONE', #6047 ) ;
#2496 = DIRECTION ( 'NONE',  ( 0.000000000000000000, -1.000000000000000000, 0.000000000000000000 ) ) ;
#2497 = CARTESIAN_POINT ( 'NONE',  ( 16.43477811540906686, -235.0769250103222987, -37.70568013773493021 ) ) ;
#2498 = CARTESIAN_POINT ( 'NONE',  ( 23.90588215633500369, -311.3820313402289912, -24.51798626738900211 ) ) ;
#2499 = DIRECTION ( 'NONE',  ( 1.000000000000000000, 2.906342996400940115E-16, 0.000000000000000000 ) ) ;
#2500 = CARTESIAN_POINT ( 'NONE',  ( 20.90588215633500369, -218.8820313402289912, -35.11798626738899998 ) ) ;
#2501 = CARTESIAN_POINT ( 'NONE',  ( 23.90588215633500369, -230.0039734568930214, -33.11798626738899998 ) ) ;
#2502 = PLANE ( 'NONE',  #3989 ) ;
#2503 = CIRCLE ( 'NONE', #892, 3.000000000000002665 ) ;
#2504 = CIRCLE ( 'NONE', #708, 1.500000000000001332 ) ;
#2505 = EDGE_CURVE ( 'NONE', #2598, #11107, #9480, .T. ) ;
#2506 = ORIENTED_EDGE ( 'NONE', *, *, #3869, .F. ) ;
#2507 = EDGE_LOOP ( 'NONE', ( #1134, #10684, #4022, #3049 ) ) ;
#2508 = DIRECTION ( 'NONE',  ( -0.000000000000000000, -0.000000000000000000, -1.000000000000000000 ) ) ;
#2509 = FACE_OUTER_BOUND ( 'NONE', #5907, .T. ) ;
#2510 = CARTESIAN_POINT ( 'NONE',  ( 53.78088215633500369, -197.8820313402289912, 105.9245421747346825 ) ) ;
#2511 = AXIS2_PLACEMENT_3D ( 'NONE', #8788, #10418, #4272 ) ;
#2512 = VECTOR ( 'NONE', #5073, 1000.000000000000000 ) ;
#2513 = FACE_OUTER_BOUND ( 'NONE', #5763, .T. ) ;
#2514 = CARTESIAN_POINT ( 'NONE',  ( 20.18088215633500226, -289.9034704378889273, -23.81798626738900282 ) ) ;
#2515 = DIRECTION ( 'NONE',  ( 0.000000000000000000, -1.000000000000000000, 0.000000000000000000 ) ) ;
#2516 = FACE_OUTER_BOUND ( 'NONE', #7556, .T. ) ;
#2517 = CARTESIAN_POINT ( 'NONE',  ( 47.78088215633500369, -312.3820313402289912, -38.11798626738899998 ) ) ;
#2518 = CARTESIAN_POINT ( 'NONE',  ( 23.90588215633500369, -283.6488342463046592, -24.51798626738900211 ) ) ;
#2519 = CIRCLE ( 'NONE', #6479, 1.300000000000002487 ) ;
#2520 = ORIENTED_EDGE ( 'NONE', *, *, #6409, .T. ) ;
#2521 = ORIENTED_EDGE ( 'NONE', *, *, #7458, .T. ) ;
#2522 = ORIENTED_EDGE ( 'NONE', *, *, #6553, .F. ) ;
#2523 = ORIENTED_EDGE ( 'NONE', *, *, #7162, .F. ) ;
#2524 = FACE_OUTER_BOUND ( 'NONE', #1347, .T. ) ;
#2525 = ORIENTED_EDGE ( 'NONE', *, *, #8541, .F. ) ;
#2526 = DIRECTION ( 'NONE',  ( 0.000000000000000000, -1.000000000000000000, 0.000000000000000000 ) ) ;
#2527 = CIRCLE ( 'NONE', #1096, 3.000000000000002665 ) ;
#2528 = LINE ( 'NONE', #5238, #8693 ) ;
#2529 = LINE ( 'NONE', #5007, #5351 ) ;
#2530 = CARTESIAN_POINT ( 'NONE',  ( 60.22513170832023377, -284.0416712366626939, -38.48078579228528895 ) ) ;
#2531 = DIRECTION ( 'NONE',  ( 1.000000000000000000, 0.000000000000000000, 0.000000000000000000 ) ) ;
#2532 = DIRECTION ( 'NONE',  ( 0.000000000000000000, 1.000000000000000000, 0.000000000000000000 ) ) ;
#2533 = VERTEX_POINT ( 'NONE', #10381 ) ;
#2534 = ORIENTED_EDGE ( 'NONE', *, *, #10335, .T. ) ;
#2535 = COLOUR_RGB ( '',0.2862745098039215508, 0.6627450980392156632, 0.3294117647058823484 ) ;
#2536 = EDGE_CURVE ( 'NONE', #10002, #2476, #10763, .T. ) ;
#2537 = VERTEX_POINT ( 'NONE', #5469 ) ;
#2538 = CARTESIAN_POINT ( 'NONE',  ( 16.16486051029512083, -240.3063957312111540, -39.63995982442598631 ) ) ;
#2539 = CARTESIAN_POINT ( 'NONE',  ( 21.44668994705404685, -285.6478143516289379, -24.70372932882464312 ) ) ;
#2540 = CARTESIAN_POINT ( 'NONE',  ( 15.94627700755503596, -289.5185223952225897, -40.07349461074926467 ) ) ;
#2541 = CARTESIAN_POINT ( 'NONE',  ( 23.78088215633500369, -326.3820313402290481, -41.11798626738899287 ) ) ;
#2543 = EDGE_CURVE ( 'NONE', #6083, #1723, #2129, .T. ) ;
#2542 = AXIS2_PLACEMENT_3D ( 'NONE', #8146, #8888, #5488 ) ;
#2544 = CARTESIAN_POINT ( 'NONE',  ( 47.78088215633500369, -260.3820313402290481, 220.0996348679430525 ) ) ;
#2545 = LINE ( 'NONE', #1878, #7000 ) ;
#2546 = CARTESIAN_POINT ( 'NONE',  ( 25.40588215633500369, -295.6475313402290226, -33.11798626738899998 ) ) ;
#2547 = CARTESIAN_POINT ( 'NONE',  ( 18.78088215633500013, -230.0847755546147653, -38.11798626738899998 ) ) ;
#2548 = ORIENTED_EDGE ( 'NONE', *, *, #6885, .F. ) ;
#2549 = VERTEX_POINT ( 'NONE', #5579 ) ;
#2550 = VECTOR ( 'NONE', #9494, 1000.000000000000000 ) ;
#2551 = AXIS2_PLACEMENT_3D ( 'NONE', #8723, #1003, #10457 ) ;
#2552 = ORIENTED_EDGE ( 'NONE', *, *, #4607, .F. ) ;
#2553 = DIRECTION ( 'NONE',  ( -1.457750820148579853E-16, 1.000000000000000000, 0.000000000000000000 ) ) ;
#2554 = DIRECTION ( 'NONE',  ( -0.000000000000000000, -0.000000000000000000, -1.000000000000000000 ) ) ;
#2555 = EDGE_CURVE ( 'NONE', #53, #6204, #10541, .T. ) ;
#2556 = CARTESIAN_POINT ( 'NONE',  ( 20.60588215633500653, -294.1321670455920980, -43.11798626738900708 ) ) ;
#2557 = CARTESIAN_POINT ( 'NONE',  ( 16.88106800059973978, -287.2167150510608167, -36.84994122702637753 ) ) ;
#2558 = EDGE_CURVE ( 'NONE', #8919, #10238, #2043, .T. ) ;
#2559 = CARTESIAN_POINT ( 'NONE',  ( 15.86911816934344088, -289.1956919317615302, -40.39001320122277860 ) ) ;
#2560 = EDGE_CURVE ( 'NONE', #1980, #2863, #8807, .T. ) ;
#2561 = DIRECTION ( 'NONE',  ( -0.000000000000000000, -0.000000000000000000, 1.000000000000000000 ) ) ;
#2562 = AXIS2_PLACEMENT_3D ( 'NONE', #6895, #10324, #10382 ) ;
#2563 = FACE_OUTER_BOUND ( 'NONE', #8719, .T. ) ;
#2564 = VECTOR ( 'NONE', #6586, 1000.000000000000000 ) ;
#2565 = ITEM_DEFINED_TRANSFORMATION ( 'NONE', 'NONE', #8341,  #9418 ) ;
#2566 = EDGE_CURVE ( 'NONE', #2309, #5204, #1191, .T. ) ;
#2567 = ORIENTED_EDGE ( 'NONE', *, *, #3253, .T. ) ;
#2568 = VERTEX_POINT ( 'NONE', #4522 ) ;
#2569 = CARTESIAN_POINT ( 'NONE',  ( 50.78088215633499658, -321.3820313402290481, -38.11798626738899998 ) ) ;
#2570 = VECTOR ( 'NONE', #2418, 1000.000000000000000 ) ;
#2571 = LINE ( 'NONE', #8433, #6407 ) ;
#2572 = AXIS2_PLACEMENT_3D ( 'NONE', #5054, #5167, #6865 ) ;
#2573 = FACE_OUTER_BOUND ( 'NONE', #8044, .T. ) ;
#2574 = CARTESIAN_POINT ( 'NONE',  ( 30.70588215633500440, -317.8820313402290481, -23.81798626738900282 ) ) ;
#2575 = LINE ( 'NONE', #1785, #7225 ) ;
#2576 = CARTESIAN_POINT ( 'NONE',  ( 60.15819852420869296, -233.9296987246717663, -36.08714147191571442 ) ) ;
#2577 = DIRECTION ( 'NONE',  ( -1.000000000000000000, 0.000000000000000000, 0.000000000000000000 ) ) ;
#2578 = EDGE_CURVE ( 'NONE', #7732, #8795, #456, .T. ) ;
#2579 = DIRECTION ( 'NONE',  ( -1.000000000000000000, 0.000000000000000000, 0.000000000000000000 ) ) ;
#2580 = DIRECTION ( 'NONE',  ( 1.000000000000000000, 0.000000000000000000, 0.000000000000000000 ) ) ;
#2581 =( GEOMETRIC_REPRESENTATION_CONTEXT ( 3 ) GLOBAL_UNCERTAINTY_ASSIGNED_CONTEXT ( ( #3882 ) ) GLOBAL_UNIT_ASSIGNED_CONTEXT ( ( #5217, #4425, #9555 ) ) REPRESENTATION_CONTEXT ( 'NONE', 'WORKASPACE' ) );
#2582 = VECTOR ( 'NONE', #8925, 1000.000000000000000 ) ;
#2583 = ORIENTED_EDGE ( 'NONE', *, *, #8277, .F. ) ;
#2584 = ORIENTED_EDGE ( 'NONE', *, *, #3808, .F. ) ;
#2585 = ORIENTED_EDGE ( 'NONE', *, *, #4635, .F. ) ;
#2586 = ORIENTED_EDGE ( 'NONE', *, *, #7659, .F. ) ;
#2587 = DIRECTION ( 'NONE',  ( -0.000000000000000000, -0.000000000000000000, -1.000000000000000000 ) ) ;
#2588 = VERTEX_POINT ( 'NONE', #7965 ) ;
#2589 = CARTESIAN_POINT ( 'NONE',  ( 23.90588215633500369, -218.8820313402289912, -24.51798626738899500 ) ) ;
#2590 = AXIS2_PLACEMENT_3D ( 'NONE', #10772, #413, #521 ) ;
#2591 =( BOUNDED_CURVE ( )  B_SPLINE_CURVE ( 3, ( #673, #9127, #10866, #4161 ),
 .UNSPECIFIED., .F., .F. ) 
 B_SPLINE_CURVE_WITH_KNOTS ( ( 4, 4 ),
 ( 0.000000000000000000, 0.9248660148655890589 ),
 .UNSPECIFIED. ) 
 CURVE ( )  GEOMETRIC_REPRESENTATION_ITEM ( )  RATIONAL_B_SPLINE_CURVE ( ( 1.000000000000000000, 0.9299798116305315610, 0.9299798116305315610, 1.000000000000000000 ) ) 
 REPRESENTATION_ITEM ( '' )  );
#2592 = CARTESIAN_POINT ( 'NONE',  ( 50.78088215633499658, -315.3820313402289912, -23.81798626738900282 ) ) ;
#2593 = DIRECTION ( 'NONE',  ( 0.000000000000000000, 0.000000000000000000, 1.000000000000000000 ) ) ;
#2594 = DIRECTION ( 'NONE',  ( 0.000000000000000000, -1.000000000000000000, 0.000000000000000000 ) ) ;
#2595 = CARTESIAN_POINT ( 'NONE',  ( 30.70588215633500440, -313.4829779496357105, -20.32603965798229950 ) ) ;
#2596 = FACE_OUTER_BOUND ( 'NONE', #2058, .T. ) ;
#2597 = ORIENTED_EDGE ( 'NONE', *, *, #1262, .F. ) ;
#2598 = VERTEX_POINT ( 'NONE', #245 ) ;
#2599 = ORIENTED_EDGE ( 'NONE', *, *, #1329, .T. ) ;
#2600 = VERTEX_POINT ( 'NONE', #8916 ) ;
#2601 = CIRCLE ( 'NONE', #4932, 1.500000000000001332 ) ;
#2602 = CARTESIAN_POINT ( 'NONE',  ( 16.03601994872788694, -238.4064941023580957, -39.02408068449374667 ) ) ;
#2603 = CARTESIAN_POINT ( 'NONE',  ( 21.41588215633501591, -237.2108035506304873, -43.11798626738900708 ) ) ;
#2604 = CARTESIAN_POINT ( 'NONE',  ( 15.95793118216966988, -288.1845471354893107, -40.10022585959336539 ) ) ;
#2605 = DIRECTION ( 'NONE',  ( 0.000000000000000000, 0.000000000000000000, -1.000000000000000000 ) ) ;
#2606 = CARTESIAN_POINT ( 'NONE',  ( 23.90588215633500369, -216.8820313402289912, -24.51798626738900211 ) ) ;
#2607 = DIRECTION ( 'NONE',  ( 1.000000000000000000, 0.000000000000000000, 0.000000000000000000 ) ) ;
#2608 = DIRECTION ( 'NONE',  ( 0.000000000000000000, -1.000000000000000000, 0.000000000000000000 ) ) ;
#2609 = CARTESIAN_POINT ( 'NONE',  ( 57.44588215633498862, -237.2108035506304873, -43.11798626738900708 ) ) ;
#2610 = DIRECTION ( 'NONE',  ( -1.000000000000000000, 0.000000000000000000, 0.000000000000000000 ) ) ;
#2611 = ORIENTED_EDGE ( 'NONE', *, *, #10682, .F. ) ;
#2612 = ORIENTED_EDGE ( 'NONE', *, *, #2085, .T. ) ;
#2613 = EDGE_CURVE ( 'NONE', #5172, #7511, #5538, .T. ) ;
#2614 = ORIENTED_EDGE ( 'NONE', *, *, #6150, .F. ) ;
#2615 = FACE_BOUND ( 'NONE', #3098, .T. ) ;
#2616 = CARTESIAN_POINT ( 'NONE',  ( 15.89866054366255455, -237.7531889109429812, -39.82076273639874131 ) ) ;
#2617 = DIRECTION ( 'NONE',  ( 0.000000000000000000, 0.000000000000000000, 1.000000000000000000 ) ) ;
#2618 = CARTESIAN_POINT ( 'NONE',  ( 17.83710857591808363, -293.4511706761097116, -35.70584424847454130 ) ) ;
#2619 = CARTESIAN_POINT ( 'NONE',  ( 17.66346571616128003, -296.2009636561383559, -38.32161694067439583 ) ) ;
#2620 = CARTESIAN_POINT ( 'NONE',  ( 32.63088215633499800, -248.5140313402289962, -24.31798626738900282 ) ) ;
#2621 = CARTESIAN_POINT ( 'NONE',  ( 53.78088215633500369, -244.4302408555732882, -24.51798626738900921 ) ) ;
#2622 = CARTESIAN_POINT ( 'NONE',  ( 0.000000000000000000, 0.000000000000000000, 0.000000000000000000 ) ) ;
#2623 = EDGE_LOOP ( 'NONE', ( #3101, #3831, #5570, #5584, #4770, #7346, #1287, #5120, #8415, #9706, #7835, #4058 ) ) ;
#2624 = EDGE_CURVE ( 'NONE', #7868, #1440, #3025, .T. ) ;
#2625 = ORIENTED_EDGE ( 'NONE', *, *, #10362, .F. ) ;
#2626 = FACE_OUTER_BOUND ( 'NONE', #9193, .T. ) ;
#2627 = CARTESIAN_POINT ( 'NONE',  ( 56.78088215633500369, -229.9913662456876580, -38.11798626738899998 ) ) ;
#2628 = DIRECTION ( 'NONE',  ( 0.000000000000000000, 0.000000000000000000, -1.000000000000000000 ) ) ;
#2629 = DIRECTION ( 'NONE',  ( 0.000000000000000000, 0.000000000000000000, -1.000000000000000000 ) ) ;
#2630 = DIRECTION ( 'NONE',  ( 0.000000000000000000, 1.000000000000000000, 0.000000000000000000 ) ) ;
#2631 = CARTESIAN_POINT ( 'NONE',  ( 60.51666011034627957, -234.2624766156513374, -36.54529178815258206 ) ) ;
#2632 = CARTESIAN_POINT ( 'NONE',  ( 45.43088215633500937, -257.9950313402289908, -23.81798626738900282 ) ) ;
#2633 = EDGE_CURVE ( 'NONE', #7747, #2533, #9859, .T. ) ;
#2634 = CYLINDRICAL_SURFACE ( 'NONE', #7960, 1.500000000000001332 ) ;
#2635 = LINE ( 'NONE', #11133, #6281 ) ;
#2636 = ADVANCED_FACE ( 'NONE', ( #6262 ), #2989, .F. ) ;
#2637 = ORIENTED_EDGE ( 'NONE', *, *, #3727, .F. ) ;
#2638 = ORIENTED_EDGE ( 'NONE', *, *, #616, .F. ) ;
#2639 = EDGE_CURVE ( 'NONE', #10178, #6099, #5367, .T. ) ;
#2640 = ORIENTED_EDGE ( 'NONE', *, *, #8971, .T. ) ;
#2641 = EDGE_CURVE ( 'NONE', #2549, #9758, #295, .T. ) ;
#2642 = CARTESIAN_POINT ( 'NONE',  ( 33.86421548966834649, -273.4093646735623793, -25.55131960072230157 ) ) ;
#2643 = CONICAL_SURFACE ( 'NONE', #8393, 3.700000000000009059, 0.7853981633974501664 ) ;
#2644 = EDGE_LOOP ( 'NONE', ( #9572, #10926, #10532, #9385 ) ) ;
#2645 = CARTESIAN_POINT ( 'NONE',  ( 25.40588215633500369, -275.8760313402289626, -32.11798626738898577 ) ) ;
#2646 = CARTESIAN_POINT ( 'NONE',  ( 20.90588215633500369, -282.6898115188659517, -35.11798626738899998 ) ) ;
#2647 = CARTESIAN_POINT ( 'NONE',  ( 61.39975931768036332, -235.6393130443601649, -38.50757009450965995 ) ) ;
#2648 = LINE ( 'NONE', #5976, #6455 ) ;
#2649 = CARTESIAN_POINT ( 'NONE',  ( 19.36019250116254042, -294.0734786500982523, -35.11798626738899998 ) ) ;
#2650 = DIRECTION ( 'NONE',  ( -1.457750820148579853E-16, 1.000000000000000000, 0.000000000000000000 ) ) ;
#2651 = ORIENTED_EDGE ( 'NONE', *, *, #7854, .T. ) ;
#2652 = ORIENTED_EDGE ( 'NONE', *, *, #6412, .F. ) ;
#2653 = ORIENTED_EDGE ( 'NONE', *, *, #1607, .T. ) ;
#2654 = ORIENTED_EDGE ( 'NONE', *, *, #8843, .F. ) ;
#2655 = EDGE_CURVE ( 'NONE', #1022, #2071, #6212, .T. ) ;
#2656 = CONICAL_SURFACE ( 'NONE', #9677, 3.700000000000009059, 0.7853981633974503884 ) ;
#2657 = CARTESIAN_POINT ( 'NONE',  ( 15.91278820613442946, -237.8511871821711452, -39.71371604718223125 ) ) ;
#2658 = CARTESIAN_POINT ( 'NONE',  ( 57.44588215633498862, -237.2108035506304873, -35.11798626738899998 ) ) ;
#2659 = LINE ( 'NONE', #10436, #5706 ) ;
#2660 = DIRECTION ( 'NONE',  ( 1.000000000000000000, -0.000000000000000000, 0.000000000000000000 ) ) ;
#2661 = DIRECTION ( 'NONE',  ( 1.000000000000000000, 0.000000000000000000, 0.000000000000000000 ) ) ;
#2662 = CARTESIAN_POINT ( 'NONE',  ( 53.78088215633500369, -216.8820313402289912, -23.81798626738900282 ) ) ;
#2663 = DIRECTION ( 'NONE',  ( 1.000000000000000000, 0.000000000000000000, 0.000000000000000000 ) ) ;
#2664 = VECTOR ( 'NONE', #5889, 1000.000000000000000 ) ;
#2665 = ORIENTED_EDGE ( 'NONE', *, *, #6885, .T. ) ;
#2666 = EDGE_LOOP ( 'NONE', ( #6813, #7203, #8485, #2462 ) ) ;
#2667 = ORIENTED_EDGE ( 'NONE', *, *, #6461, .T. ) ;
#2668 = CARTESIAN_POINT ( 'NONE',  ( 25.40588215633500369, -297.1475313402289657, -33.11798626738899998 ) ) ;
#2669 = AXIS2_PLACEMENT_3D ( 'NONE', #5535, #4642, #6498 ) ;
#2670 = LINE ( 'NONE', #8655, #3811 ) ;
#2671 = LINE ( 'NONE', #6117, #3355 ) ;
#2672 = DIRECTION ( 'NONE',  ( 0.000000000000000000, 0.000000000000000000, -1.000000000000000000 ) ) ;
#2673 = DIRECTION ( 'NONE',  ( -0.000000000000000000, 0.000000000000000000, 1.000000000000000000 ) ) ;
#2674 = CARTESIAN_POINT ( 'NONE',  ( 28.90588215633500013, -295.6475313402290226, 223.6996348679430184 ) ) ;
#2675 = DIRECTION ( 'NONE',  ( 1.000000000000000000, 0.000000000000000000, 0.000000000000000000 ) ) ;
#2676 = AXIS2_PLACEMENT_3D ( 'NONE', #4104, #9292, #10140 ) ;
#2677 = ORIENTED_EDGE ( 'NONE', *, *, #4376, .T. ) ;
#2678 = EDGE_CURVE ( 'NONE', #3657, #5475, #9810, .T. ) ;
#2679 = ORIENTED_EDGE ( 'NONE', *, *, #7733, .T. ) ;
#2680 = FACE_OUTER_BOUND ( 'NONE', #8601, .T. ) ;
#2681 = DIRECTION ( 'NONE',  ( 0.000000000000000000, 0.000000000000000000, -1.000000000000000000 ) ) ;
#2682 = DIRECTION ( 'NONE',  ( -1.000000000000000000, 0.000000000000000000, 0.000000000000000000 ) ) ;
#2683 = CARTESIAN_POINT ( 'NONE',  ( 17.42856781675017430, -283.9233496944082731, -38.43817098009973421 ) ) ;
#2684 = DIRECTION ( 'NONE',  ( 0.000000000000000000, 0.000000000000000000, -1.000000000000000000 ) ) ;
#2685 = CARTESIAN_POINT ( 'NONE',  ( 23.90588215633500369, -244.4176336443679531, -33.11798626738899998 ) ) ;
#2686 = AXIS2_PLACEMENT_3D ( 'NONE', #4379, #3527, #7824 ) ;
#2687 = CARTESIAN_POINT ( 'NONE',  ( 30.70588215633500440, -316.8820313402290481, -26.81798626738900282 ) ) ;
#2688 = AXIS2_PLACEMENT_3D ( 'NONE', #1113, #3592, #6349 ) ;
#2689 = DIRECTION ( 'NONE',  ( 0.000000000000000000, 0.000000000000000000, -1.000000000000000000 ) ) ;
#2690 = EDGE_CURVE ( 'NONE', #3437, #8768, #5415, .T. ) ;
#2691 = CARTESIAN_POINT ( 'NONE',  ( 23.78088215633500369, -333.8820313402291049, -44.11798626738900708 ) ) ;
#2692 = PRODUCT_DEFINITION_SHAPE ( 'NONE', 'NONE',  #5378 ) ;
#2693 = ORIENTED_EDGE ( 'NONE', *, *, #4970, .T. ) ;
#2694 = EDGE_LOOP ( 'NONE', ( #3773, #3729, #1739, #8676 ) ) ;
#2695 = VECTOR ( 'NONE', #8161, 1000.000000000000000 ) ;
#2696 = ORIENTED_EDGE ( 'NONE', *, *, #7226, .F. ) ;
#2697 = AXIS2_PLACEMENT_3D ( 'NONE', #247, #7170, #9703 ) ;
#2698 = DIRECTION ( 'NONE',  ( -0.5773502691896260641, 0.5773502691896250649, 0.5773502691896260641 ) ) ;
#2699 = ORIENTED_EDGE ( 'NONE', *, *, #10884, .F. ) ;
#2700 = DIRECTION ( 'NONE',  ( -0.7071067811865474617, 0.000000000000000000, 0.7071067811865474617 ) ) ;
#2701 = CARTESIAN_POINT ( 'NONE',  ( 53.78088215633500369, -205.8820313402289912, -41.11798626738899287 ) ) ;
#2702 = EDGE_CURVE ( 'NONE', #1593, #2980, #1141, .T. ) ;
#2703 = CARTESIAN_POINT ( 'NONE',  ( 54.77092366217328134, -285.4240732533575056, -25.50802777322729753 ) ) ;
#2705 = ADVANCED_FACE ( 'NONE', ( #6318, #347, #7223, #4163, #1571, #8230, #1409, #10979, #3096, #3948, #2304, #7552, #6649, #4847 ), #4791, .F. ) ;
#2704 = AXIS2_PLACEMENT_3D ( 'NONE', #6743, #4934, #7421 ) ;
#2706 = EDGE_CURVE ( 'NONE', #5059, #7543, #7535, .T. ) ;
#2707 = CARTESIAN_POINT ( 'NONE',  ( 23.78088215633500369, -326.3820313402290481, -44.11798626738899998 ) ) ;
#2708 = FACE_OUTER_BOUND ( 'NONE', #2860, .T. ) ;
#2709 = ORIENTED_EDGE ( 'NONE', *, *, #6409, .F. ) ;
#2710 = EDGE_LOOP ( 'NONE', ( #10630, #8185, #3199, #3086 ) ) ;
#2711 = ORIENTED_EDGE ( 'NONE', *, *, #3087, .T. ) ;
#2712 = EDGE_CURVE ( 'NONE', #6067, #588, #5750, .T. ) ;
#2713 = ORIENTED_EDGE ( 'NONE', *, *, #89, .T. ) ;
#2714 = AXIS2_PLACEMENT_3D ( 'NONE', #8197, #5830, #9262 ) ;
#2715 = CARTESIAN_POINT ( 'NONE',  ( 17.31567582048054987, -231.3443619111001794, -38.49824026420892409 ) ) ;
#2716 = DIRECTION ( 'NONE',  ( 0.000000000000000000, 1.000000000000000000, 0.000000000000000000 ) ) ;
#2717 = CARTESIAN_POINT ( 'NONE',  ( 25.40588215633500369, -254.6045313402289878, 223.6996348679430184 ) ) ;
#2718 = CARTESIAN_POINT ( 'NONE',  ( 50.53088215633499658, -205.8820313402289912, 105.9245421747346825 ) ) ;
#2719 = EDGE_CURVE ( 'NONE', #394, #957, #7441, .T. ) ;
#2720 = CARTESIAN_POINT ( 'NONE',  ( 53.48838215633499260, -237.6628488042317713, -24.22548626738900168 ) ) ;
#2721 = CARTESIAN_POINT ( 'NONE',  ( 32.63088215633499800, -272.1760313402289739, -24.31798626738900282 ) ) ;
#2722 = AXIS2_PLACEMENT_3D ( 'NONE', #5544, #10675, #3749 ) ;
#2723 = DIRECTION ( 'NONE',  ( 0.000000000000000000, 0.000000000000000000, 1.000000000000000000 ) ) ;
#2724 = ORIENTED_EDGE ( 'NONE', *, *, #8541, .T. ) ;
#2725 = ORIENTED_EDGE ( 'NONE', *, *, #2712, .T. ) ;
#2726 = EDGE_CURVE ( 'NONE', #9544, #2279, #1464, .T. ) ;
#2727 = ORIENTED_EDGE ( 'NONE', *, *, #426, .T. ) ;
#2728 = CARTESIAN_POINT ( 'NONE',  ( 54.97505738546489340, -294.7210047301293798, -25.71216149651889538 ) ) ;
#2729 = VECTOR ( 'NONE', #10783, 1000.000000000000000 ) ;
#2730 = LINE ( 'NONE', #4308, #7402 ) ;
#2731 = CARTESIAN_POINT ( 'NONE',  ( 15.96386345570389587, -290.4492365890828296, -39.55563073749994629 ) ) ;
#2732 = CARTESIAN_POINT ( 'NONE',  ( 32.40588215633500369, -256.1045313402289594, 223.6996348679430184 ) ) ;
#2733 = DIRECTION ( 'NONE',  ( -0.7071067811865475727, -1.752335333352428643E-16, -0.7071067811865475727 ) ) ;
#2734 = CYLINDRICAL_SURFACE ( 'NONE', #2029, 1.300000000000002487 ) ;
#2735 = AXIS2_PLACEMENT_3D ( 'NONE', #6398, #213, #6295 ) ;
#2736 = AXIS2_PLACEMENT_3D ( 'NONE', #356, #3789, #8975 ) ;
#2737 = ORIENTED_EDGE ( 'NONE', *, *, #2505, .T. ) ;
#2738 = CARTESIAN_POINT ( 'NONE',  ( 44.93088215633500226, -234.8330313402290130, -26.81798626738900282 ) ) ;
#2739 = CARTESIAN_POINT ( 'NONE',  ( 45.43088215633500937, -266.1320313402289912, -23.81798626738900282 ) ) ;
#2740 = CARTESIAN_POINT ( 'NONE',  ( 38.84338215633500369, -200.8820313402289912, -38.11798626738899998 ) ) ;
#2741 = AXIS2_PLACEMENT_3D ( 'NONE', #8031, #4591, #310 ) ;
#2742 = CARTESIAN_POINT ( 'NONE',  ( 25.40588215633500369, -228.7425313402290215, -33.11798626738899998 ) ) ;
#2743 = LINE ( 'NONE', #3417, #9557 ) ;
#2744 = CARTESIAN_POINT ( 'NONE',  ( 58.54939683001054362, -233.0546546990715910, -37.94623168458816309 ) ) ;
#2745 = VECTOR ( 'NONE', #8959, 1000.000000000000000 ) ;
#2746 = DIRECTION ( 'NONE',  ( 0.000000000000000000, 0.000000000000000000, 1.000000000000000000 ) ) ;
#2747 = CARTESIAN_POINT ( 'NONE',  ( 44.93088215633500226, -275.8760313402289626, -26.81798626738900282 ) ) ;
#2748 = EDGE_CURVE ( 'NONE', #2071, #4400, #9242, .T. ) ;
#2749 = DIRECTION ( 'NONE',  ( 0.000000000000000000, -1.000000000000000000, 0.000000000000000000 ) ) ;
#2750 = AXIS2_PLACEMENT_3D ( 'NONE', #9822, #202, #8877 ) ;
#2751 = ORIENTED_EDGE ( 'NONE', *, *, #1596, .F. ) ;
#2752 = ORIENTED_EDGE ( 'NONE', *, *, #6018, .F. ) ;
#2753 = VECTOR ( 'NONE', #2577, 1000.000000000000000 ) ;
#2754 = VERTEX_POINT ( 'NONE', #9972 ) ;
#2755 = CARTESIAN_POINT ( 'NONE',  ( 53.78088215633500369, -216.8820313402289912, -33.11798626738899998 ) ) ;
#2756 = VERTEX_POINT ( 'NONE', #8394 ) ;
#2757 = EDGE_CURVE ( 'NONE', #217, #7064, #10759, .T. ) ;
#2758 = CARTESIAN_POINT ( 'NONE',  ( 34.36838215633500226, -246.5515313402289905, -26.05548626738900353 ) ) ;
#2759 = DIRECTION ( 'NONE',  ( -0.000000000000000000, -1.000000000000000000, -0.000000000000000000 ) ) ;
#2760 = VECTOR ( 'NONE', #5357, 1000.000000000000000 ) ;
#2761 = VECTOR ( 'NONE', #10555, 1000.000000000000000 ) ;
#2762 = CARTESIAN_POINT ( 'NONE',  ( 61.62720317543261217, -290.1076569072719167, -40.11024704748854219 ) ) ;
#2763 = DIRECTION ( 'NONE',  ( -0.5773502691896260641, 0.5773502691896250649, 0.5773502691896260641 ) ) ;
#2764 = ORIENTED_EDGE ( 'NONE', *, *, #7123, .T. ) ;
#2765 = VERTEX_POINT ( 'NONE', #4002 ) ;
#2766 = EDGE_LOOP ( 'NONE', ( #7618, #7634, #5106, #740 ) ) ;
#2767 = ORIENTED_EDGE ( 'NONE', *, *, #2491, .T. ) ;
#2768 = VECTOR ( 'NONE', #1677, 1000.000000000000000 ) ;
#2769 = EDGE_CURVE ( 'NONE', #4097, #9417, #5806, .T. ) ;
#2770 = CIRCLE ( 'NONE', #5463, 3.250000000000002665 ) ;
#2771 = ADVANCED_FACE ( 'NONE', ( #5692 ), #10868, .T. ) ;
#2772 = EDGE_CURVE ( 'NONE', #711, #2293, #1520, .T. ) ;
#2773 = CARTESIAN_POINT ( 'NONE',  ( 18.54441277006693412, -230.1733765648855581, -38.11798626738899998 ) ) ;
#2774 = DIRECTION ( 'NONE',  ( 1.000000000000000000, 0.000000000000000000, 0.000000000000000000 ) ) ;
#2775 = CARTESIAN_POINT ( 'NONE',  ( 57.38088215633500511, -289.9034704378889273, -33.11798626738899998 ) ) ;
#2776 = CARTESIAN_POINT ( 'NONE',  ( 20.90588215633500369, -216.8820313402289912, -35.11798626738899998 ) ) ;
#2777 = EDGE_CURVE ( 'NONE', #5172, #5241, #676, .T. ) ;
#2778 = CARTESIAN_POINT ( 'NONE',  ( 38.78088215633501079, -265.8950313402290249, -24.31798626738900282 ) ) ;
#2779 = CYLINDRICAL_SURFACE ( 'NONE', #5444, 3.000000000000002665 ) ;
#2780 = DIRECTION ( 'NONE',  ( -0.000000000000000000, -0.000000000000000000, 1.000000000000000000 ) ) ;
#2781 = ORIENTED_EDGE ( 'NONE', *, *, #6591, .T. ) ;
#2782 = ORIENTED_EDGE ( 'NONE', *, *, #278, .F. ) ;
#2783 = ORIENTED_EDGE ( 'NONE', *, *, #278, .T. ) ;
#2784 = AXIS2_PLACEMENT_3D ( 'NONE', #7315, #2660, #4461 ) ;
#2785 = EDGE_CURVE ( 'NONE', #6929, #5287, #9699, .T. ) ;
#2786 = ADVANCED_FACE ( 'NONE', ( #3204 ), #3044, .F. ) ;
#2787 = EDGE_CURVE ( 'NONE', #6544, #6998, #697, .T. ) ;
#2788 = DIRECTION ( 'NONE',  ( 1.000000000000000000, 0.000000000000000000, 0.000000000000000000 ) ) ;
#2789 = B_SPLINE_CURVE_WITH_KNOTS ( 'NONE', 3,
 ( #5619, #9059, #10004, #1391, #2969, #383, #7311, #9840, #7265, #2284, #5727, #10796, #5557, #9165, #1442, #10736, #4879, #3922, #9001, #1339, #4773, #2075, #8210, #7364 ),
 .UNSPECIFIED., .F., .F.,
 ( 4, 2, 2, 2, 2, 2, 2, 2, 2, 2, 2, 4 ),
 ( 0.000000000000000000, 0.0004812774782535449007, 0.0009625549565070898013, 0.001925109913014171580, 0.002887664869521253466, 0.003850219826028335353, 0.004812774782535417240, 0.005775329739042499994, 0.006737884695549581880, 0.007219162173803063409, 0.007459800912929806342, 0.007700439652056547540 ),
 .UNSPECIFIED. ) ;
#2790 = CARTESIAN_POINT ( 'NONE',  ( 23.90588215633500369, -218.8820313402289912, -33.11798626738899998 ) ) ;
#2791 = CARTESIAN_POINT ( 'NONE',  ( 24.09847054331600447, -220.9078359723120002, -24.32529546974871337 ) ) ;
#2792 = CARTESIAN_POINT ( 'NONE',  ( 20.53088215633500013, -205.8820313402289912, 105.9245421747346825 ) ) ;
#2793 = CIRCLE ( 'NONE', #4222, 3.000000000000002665 ) ;
#2794 = LINE ( 'NONE', #6962, #4820 ) ;
#2795 = CARTESIAN_POINT ( 'NONE',  ( 45.43088215633500937, -252.7140313402290133, -23.81798626738900282 ) ) ;
#2796 = ORIENTED_EDGE ( 'NONE', *, *, #6336, .F. ) ;
#2797 = EDGE_LOOP ( 'NONE', ( #1840, #9232, #6194, #2944, #3653 ) ) ;
#2798 = DIRECTION ( 'NONE',  ( 1.000000000000000000, 0.000000000000000000, 0.000000000000000000 ) ) ;
#2799 = EDGE_CURVE ( 'NONE', #10733, #4661, #10595, .T. ) ;
#2800 = CARTESIAN_POINT ( 'NONE',  ( 23.90588215633500369, -218.8820313402289912, -35.11798626738899998 ) ) ;
#2801 = DIRECTION ( 'NONE',  ( 1.000000000000000000, 0.000000000000000000, 0.000000000000000000 ) ) ;
#2802 = LINE ( 'NONE', #6232, #8685 ) ;
#2803 = LINE ( 'NONE', #10724, #10642 ) ;
#2804 = CARTESIAN_POINT ( 'NONE',  ( 59.95675129287018024, -233.7720041957232127, -35.87603205153694574 ) ) ;
#2805 = CARTESIAN_POINT ( 'NONE',  ( 57.51088215633501477, -289.9034704378889273, -24.51798626738906606 ) ) ;
#2806 = DIRECTION ( 'NONE',  ( 0.000000000000000000, 0.000000000000000000, 1.000000000000000000 ) ) ;
#2807 = CARTESIAN_POINT ( 'NONE',  ( 57.08295112185224696, -294.1318714394173526, -45.13880154756031970 ) ) ;
#2808 = ORIENTED_EDGE ( 'NONE', *, *, #4481, .T. ) ;
#2809 = VERTEX_POINT ( 'NONE', #3375 ) ;
#2810 = ORIENTED_EDGE ( 'NONE', *, *, #3743, .F. ) ;
#2811 = CARTESIAN_POINT ( 'NONE',  ( 24.60588215633500297, -315.3820313402289912, -23.81798626738900282 ) ) ;
#2812 = CARTESIAN_POINT ( 'NONE',  ( 55.74588215633499289, -237.2108035506304873, -33.11798626738899998 ) ) ;
#2813 = DIRECTION ( 'NONE',  ( -1.000000000000000000, 0.000000000000000000, 0.000000000000000000 ) ) ;
#2814 = DIRECTION ( 'NONE',  ( 0.000000000000000000, 0.000000000000000000, -1.000000000000000000 ) ) ;
#2815 = CARTESIAN_POINT ( 'NONE',  ( 61.62180729992183359, -290.1890726493210764, -39.71832724624871247 ) ) ;
#2816 = ORIENTED_EDGE ( 'NONE', *, *, #1184, .T. ) ;
#2817 = AXIS2_PLACEMENT_3D ( 'NONE', #4824, #2125, #9109 ) ;
#2818 = ORIENTED_EDGE ( 'NONE', *, *, #5323, .T. ) ;
#2819 = ORIENTED_EDGE ( 'NONE', *, *, #5677, .T. ) ;
#2820 = ORIENTED_EDGE ( 'NONE', *, *, #8758, .T. ) ;
#2821 = ORIENTED_EDGE ( 'NONE', *, *, #497, .T. ) ;
#2822 = CARTESIAN_POINT ( 'NONE',  ( 29.65588215633500369, -279.7770313402290299, -23.81798626738900282 ) ) ;
#2823 = CARTESIAN_POINT ( 'NONE',  ( 23.78088215633500369, -326.3820313402290481, -38.11798626738899287 ) ) ;
#2824 = CARTESIAN_POINT ( 'NONE',  ( 53.78088215633500369, -229.9913662456876580, -33.11798626738899998 ) ) ;
#2825 = VECTOR ( 'NONE', #10231, 1000.000000000000000 ) ;
#2826 = DIRECTION ( 'NONE',  ( 0.000000000000000000, 0.000000000000000000, -1.000000000000000000 ) ) ;
#2827 = CARTESIAN_POINT ( 'NONE',  ( 32.40588215633500369, -242.4235313402290046, 223.6996348679430184 ) ) ;
#2828 = CARTESIAN_POINT ( 'NONE',  ( 53.78088215633500369, -315.3820313402289912, -24.51798626738900211 ) ) ;
#2829 = ADVANCED_FACE ( 'NONE', ( #3323 ), #6994, .F. ) ;
#2830 = DIRECTION ( 'NONE',  ( -0.7071067811865470176, -1.752335333352429876E-16, -0.7071067811865480168 ) ) ;
#2831 = ORIENTED_EDGE ( 'NONE', *, *, #3241, .F. ) ;
#2832 = ORIENTED_EDGE ( 'NONE', *, *, #1533, .T. ) ;
#2833 = VERTEX_POINT ( 'NONE', #7614 ) ;
#2834 = VECTOR ( 'NONE', #10771, 1000.000000000000000 ) ;
#2835 = DIRECTION ( 'NONE',  ( 0.000000000000000000, 0.000000000000000000, -1.000000000000000000 ) ) ;
#2836 = LINE ( 'NONE', #2790, #6501 ) ;
#2837 = LINE ( 'NONE', #4692, #6792 ) ;
#2838 = DIRECTION ( 'NONE',  ( 0.9811784028727742468, -0.1931034482758711979, 1.303700627393313809E-15 ) ) ;
#2839 = AXIS2_PLACEMENT_3D ( 'NONE', #3889, #6538, #9971 ) ;
#2840 = CARTESIAN_POINT ( 'NONE',  ( 20.57898560461087456, -241.4354970538558973, -33.11798626738899998 ) ) ;
#2841 = EDGE_CURVE ( 'NONE', #6653, #2280, #2648, .T. ) ;
#2842 = FACE_OUTER_BOUND ( 'NONE', #1668, .T. ) ;
#2843 = EDGE_CURVE ( 'NONE', #4230, #6379, #11037, .T. ) ;
#2844 = ADVANCED_FACE ( 'NONE', ( #9353 ), #8259, .T. ) ;
#2845 = VERTEX_POINT ( 'NONE', #4277 ) ;
#2846 = ORIENTED_EDGE ( 'NONE', *, *, #3116, .T. ) ;
#2847 = DIRECTION ( 'NONE',  ( 0.000000000000000000, 1.000000000000000000, 0.000000000000000000 ) ) ;
#2848 = CIRCLE ( 'NONE', #1578, 1.500000000000001332 ) ;
#2849 = DIRECTION ( 'NONE',  ( 0.000000000000000000, 0.000000000000000000, 1.000000000000000000 ) ) ;
#2850 = CARTESIAN_POINT ( 'NONE',  ( 19.36019250116258661, -285.7334622256796592, -38.11798626738899998 ) ) ;
#2851 = CARTESIAN_POINT ( 'NONE',  ( 38.78088215633501079, -238.5330313402290301, -24.31798626738900282 ) ) ;
#2852 = CARTESIAN_POINT ( 'NONE',  ( 61.02925581255987453, -234.8252887302988654, -38.98285229893652826 ) ) ;
#2853 = DIRECTION ( 'NONE',  ( 0.000000000000000000, -1.000000000000000000, 0.000000000000000000 ) ) ;
#2854 = DIRECTION ( 'NONE',  ( 2.478176394252580155E-16, -1.000000000000000000, 0.000000000000000000 ) ) ;
#2855 = AXIS2_PLACEMENT_3D ( 'NONE', #5125, #4270, #7716 ) ;
#2857 = ADVANCED_FACE ( 'NONE', ( #6147 ), #5296, .F. ) ;
#2856 = CIRCLE ( 'NONE', #4295, 5.999999999999998224 ) ;
#2858 = FACE_OUTER_BOUND ( 'NONE', #6931, .T. ) ;
#2859 = EDGE_LOOP ( 'NONE', ( #4541, #2548, #4185, #5855 ) ) ;
#2860 = EDGE_LOOP ( 'NONE', ( #1090, #2917, #9530, #2640, #7214, #2151, #2195, #2004, #1234, #5497, #8244, #6486 ) ) ;
#2861 = ORIENTED_EDGE ( 'NONE', *, *, #3685, .F. ) ;
#2862 = CARTESIAN_POINT ( 'NONE',  ( 60.03552252685533119, -286.5744217559144431, -35.98196221745713075 ) ) ;
#2863 = VERTEX_POINT ( 'NONE', #4224 ) ;
#2864 = DIRECTION ( 'NONE',  ( 0.000000000000000000, -1.000000000000000000, 0.000000000000000000 ) ) ;
#2865 = CIRCLE ( 'NONE', #6463, 1.500000000000001332 ) ;
#2866 = AXIS2_PLACEMENT_3D ( 'NONE', #8682, #9412, #4398 ) ;
#2867 = DIRECTION ( 'NONE',  ( 0.000000000000000000, -1.000000000000000000, 0.000000000000000000 ) ) ;
#2868 = CARTESIAN_POINT ( 'NONE',  ( 59.80682928704776913, -286.2869576379511614, -38.06580358938661135 ) ) ;
#2869 = EDGE_LOOP ( 'NONE', ( #9231, #3453, #8928, #134 ) ) ;
#2870 = AXIS2_PLACEMENT_3D ( 'NONE', #2149, #6264, #6431 ) ;
#2871 = VERTEX_POINT ( 'NONE', #8737 ) ;
#2872 = ORIENTED_EDGE ( 'NONE', *, *, #5599, .T. ) ;
#2873 = EDGE_LOOP ( 'NONE', ( #9605, #8430, #9431, #9987 ) ) ;
#2874 = ORIENTED_EDGE ( 'NONE', *, *, #9161, .T. ) ;
#2875 = CARTESIAN_POINT ( 'NONE',  ( 29.65588215633500369, -250.7370313402290094, -23.81798626738900282 ) ) ;
#2876 = CARTESIAN_POINT ( 'NONE',  ( 19.20925320589816110, -233.0371306451272631, -38.01625464451468872 ) ) ;
#2877 = AXIS2_PLACEMENT_3D ( 'NONE', #6814, #10243, #5127 ) ;
#2878 = PLANE ( 'NONE',  #9039 ) ;
#2879 = CARTESIAN_POINT ( 'NONE',  ( 46.85588215633499942, -318.3820313402290481, -24.51798626738900211 ) ) ;
#2880 = CARTESIAN_POINT ( 'NONE',  ( 25.40588215633500369, -248.5140313402289962, -26.81798626738900282 ) ) ;
#2881 = DIRECTION ( 'NONE',  ( 0.000000000000000000, 0.000000000000000000, -1.000000000000000000 ) ) ;
#2882 = CARTESIAN_POINT ( 'NONE',  ( 26.90588215633500369, -315.3820313402289912, -35.11798626738899998 ) ) ;
#2883 = ORIENTED_EDGE ( 'NONE', *, *, #807, .T. ) ;
#2884 = ORIENTED_EDGE ( 'NONE', *, *, #4220, .F. ) ;
#2885 = AXIS2_PLACEMENT_3D ( 'NONE', #8142, #8771, #2849 ) ;
#2886 = ORIENTED_EDGE ( 'NONE', *, *, #10491, .F. ) ;
#2887 = CARTESIAN_POINT ( 'NONE',  ( 38.78088215633501079, -238.5330313402290301, -26.81798626738900282 ) ) ;
#2888 = ADVANCED_FACE ( 'NONE', ( #909 ), #10248, .T. ) ;
#2889 = DIRECTION ( 'NONE',  ( -0.000000000000000000, -0.000000000000000000, 1.000000000000000000 ) ) ;
#2890 = CARTESIAN_POINT ( 'NONE',  ( 53.78088215633500369, -216.8820313402289912, -38.11798626738899998 ) ) ;
#2891 = AXIS2_PLACEMENT_3D ( 'NONE', #5422, #2835, #5315 ) ;
#2892 = FACE_OUTER_BOUND ( 'NONE', #5765, .T. ) ;
#2893 = CARTESIAN_POINT ( 'NONE',  ( 17.43497216903209335, -243.2577424027329300, -38.42816019637984226 ) ) ;
#2894 = DIRECTION ( 'NONE',  ( 0.7071067811865435759, 8.659560562354884787E-17, -0.7071067811865514585 ) ) ;
#2895 = ORIENTED_EDGE ( 'NONE', *, *, #6644, .T. ) ;
#2896 = AXIS2_PLACEMENT_3D ( 'NONE', #1004, #1902, #5329 ) ;
#2897 = ORIENTED_EDGE ( 'NONE', *, *, #8491, .T. ) ;
#2898 = CARTESIAN_POINT ( 'NONE',  ( 32.13088215633499800, -280.0760313402290080, -23.81798626738900282 ) ) ;
#2899 = ADVANCED_FACE ( 'NONE', ( #6092 ), #4305, .T. ) ;
#2900 = DIRECTION ( 'NONE',  ( 1.288481862759139274E-16, -0.7071067811865480168, -0.7071067811865470176 ) ) ;
#2901 = ADVANCED_FACE ( 'NONE', ( #3433 ), #8281, .F. ) ;
#2902 = EDGE_CURVE ( 'NONE', #9133, #7845, #6467, .T. ) ;
#2903 = CARTESIAN_POINT ( 'NONE',  ( 17.34008299567283373, -284.0489573266090702, -38.48482586984827947 ) ) ;
#2904 = DIRECTION ( 'NONE',  ( 1.000000000000000000, 0.000000000000000000, 0.000000000000000000 ) ) ;
#2905 = CARTESIAN_POINT ( 'NONE',  ( 61.46793619840980227, -239.9840562128736678, -39.77477561765374503 ) ) ;
#2906 = CARTESIAN_POINT ( 'NONE',  ( 20.90588215633500369, -218.8820313402289912, -35.11798626738899998 ) ) ;
#2907 = DIRECTION ( 'NONE',  ( 0.000000000000000000, -1.000000000000000000, 0.000000000000000000 ) ) ;
#2908 = CARTESIAN_POINT ( 'NONE',  ( 32.63088215633499800, -275.8760313402289626, -26.81798626738900282 ) ) ;
#2909 = VECTOR ( 'NONE', #5714, 1000.000000000000000 ) ;
#2910 = EDGE_CURVE ( 'NONE', #10238, #4593, #493, .T. ) ;
#2911 = DIRECTION ( 'NONE',  ( 0.000000000000000000, -1.000000000000000000, 0.000000000000000000 ) ) ;
#2912 = ORIENTED_EDGE ( 'NONE', *, *, #4850, .F. ) ;
#2913 = ORIENTED_EDGE ( 'NONE', *, *, #6693, .F. ) ;
#2914 = ORIENTED_EDGE ( 'NONE', *, *, #2841, .F. ) ;
#2915 = CARTESIAN_POINT ( 'NONE',  ( 60.94184163054021042, -287.5737526811593057, -37.34294371619880337 ) ) ;
#2916 = AXIS2_PLACEMENT_3D ( 'NONE', #6453, #10729, #7412 ) ;
#2917 = ORIENTED_EDGE ( 'NONE', *, *, #4495, .T. ) ;
#2918 = CIRCLE ( 'NONE', #4365, 1.000000000000000888 ) ;
#2919 = CARTESIAN_POINT ( 'NONE',  ( 46.85588215633499942, -300.9000313402290203, -23.81798626738900282 ) ) ;
#2920 = ADVANCED_FACE ( 'NONE', ( #2456 ), #9510, .T. ) ;
#2921 = FACE_OUTER_BOUND ( 'NONE', #2017, .T. ) ;
#2922 = CARTESIAN_POINT ( 'NONE',  ( 61.57519657765549681, -290.6340345161697201, -39.95520064570916219 ) ) ;
#2923 = VECTOR ( 'NONE', #21, 1000.000000000000114 ) ;
#2924 = VECTOR ( 'NONE', #10421, 1000.000000000000000 ) ;
#2925 = ORIENTED_EDGE ( 'NONE', *, *, #8881, .F. ) ;
#2926 = ORIENTED_EDGE ( 'NONE', *, *, #7654, .T. ) ;
#2927 = ORIENTED_EDGE ( 'NONE', *, *, #10489, .F. ) ;
#2928 = VERTEX_POINT ( 'NONE', #9278 ) ;
#2929 = EDGE_LOOP ( 'NONE', ( #2597, #5527, #7435, #1078, #1348, #7324 ) ) ;
#2930 = CARTESIAN_POINT ( 'NONE',  ( 22.71258879559084320, -294.7221740087542230, -25.71127962813316259 ) ) ;
#2932 = CIRCLE ( 'NONE', #10320, 3.250000000000002665 ) ;
#2931 = AXIS2_PLACEMENT_3D ( 'NONE', #5916, #8626, #4165 ) ;
#2933 = CARTESIAN_POINT ( 'NONE',  ( 19.01356018582767504, -233.0545167595395526, -37.94657866482334185 ) ) ;
#2934 = AXIS2_PLACEMENT_3D ( 'NONE', #1071, #1284, #4506 ) ;
#2935 = CARTESIAN_POINT ( 'NONE',  ( 32.63088215633499800, -217.4520313402290128, -24.31798626738900282 ) ) ;
#2936 = DIRECTION ( 'NONE',  ( -1.000000000000000000, 0.000000000000000000, 0.000000000000000000 ) ) ;
#2937 = CARTESIAN_POINT ( 'NONE',  ( 20.24588215633502131, -237.2108035506304873, -23.81798626738900282 ) ) ;
#2938 = DIRECTION ( 'NONE',  ( 0.000000000000000000, 0.000000000000000000, -1.000000000000000000 ) ) ;
#2939 = CARTESIAN_POINT ( 'NONE',  ( 23.90588215633500369, -220.9327681779809893, -36.11798626738900708 ) ) ;
#2940 = CIRCLE ( 'NONE', #6534, 1.700000000000000178 ) ;
#2941 = EDGE_LOOP ( 'NONE', ( #7448, #4891, #284, #2298 ) ) ;
#2942 = ORIENTED_EDGE ( 'NONE', *, *, #2578, .T. ) ;
#2943 = AXIS2_PLACEMENT_3D ( 'NONE', #6961, #2838, #7977 ) ;
#2944 = ORIENTED_EDGE ( 'NONE', *, *, #10547, .T. ) ;
#2945 = LINE ( 'NONE', #2887, #10976 ) ;
#2946 = LINE ( 'NONE', #6384, #9916 ) ;
#2947 = CARTESIAN_POINT ( 'NONE',  ( 48.78088215633500369, -238.8820313402290196, -34.71798626738900140 ) ) ;
#2948 = VECTOR ( 'NONE', #5355, 1000.000000000000000 ) ;
#2949 = CARTESIAN_POINT ( 'NONE',  ( 57.44588215633498862, -237.2108035506304873, -33.11798626738899998 ) ) ;
#2950 = CARTESIAN_POINT ( 'NONE',  ( 17.43472756593440920, -231.1642849985958321, -38.42832785970108489 ) ) ;
#2951 = CARTESIAN_POINT ( 'NONE',  ( 58.78088215633499658, -297.0170138587166093, -38.11798626738899998 ) ) ;
#2952 = ORIENTED_EDGE ( 'NONE', *, *, #4685, .T. ) ;
#2953 = EDGE_CURVE ( 'NONE', #4671, #7243, #5741, .T. ) ;
#2954 = ORIENTED_EDGE ( 'NONE', *, *, #2748, .F. ) ;
#2955 = FACE_OUTER_BOUND ( 'NONE', #1103, .T. ) ;
#2956 = PLANE ( 'NONE',  #2885 ) ;
#2957 = DIRECTION ( 'NONE',  ( 0.000000000000000000, -1.000000000000000000, 0.000000000000000000 ) ) ;
#2958 = DIRECTION ( 'NONE',  ( 0.000000000000000000, -1.000000000000000000, 0.000000000000000000 ) ) ;
#2959 = CARTESIAN_POINT ( 'NONE',  ( 61.59307196200369816, -239.2772248565715358, -40.06154754626705028 ) ) ;
#2960 = DIRECTION ( 'NONE',  ( -2.478176394252585085E-16, 1.000000000000000000, 0.000000000000000000 ) ) ;
#2961 = CARTESIAN_POINT ( 'NONE',  ( 26.90588215633500369, -214.5820313402290083, -23.81798626738900282 ) ) ;
#2962 = CARTESIAN_POINT ( 'NONE',  ( 38.84338215633500369, -266.1320313402289912, -38.11798626738899998 ) ) ;
#2963 = CARTESIAN_POINT ( 'NONE',  ( 19.36019250116259016, -285.7334622256796592, -35.11798626738899998 ) ) ;
#2964 = ADVANCED_FACE ( 'NONE', ( #9339 ), #1598, .F. ) ;
#2965 = ORIENTED_EDGE ( 'NONE', *, *, #3328, .T. ) ;
#2966 = VERTEX_POINT ( 'NONE', #5903 ) ;
#2967 = ORIENTED_EDGE ( 'NONE', *, *, #6482, .T. ) ;
#2968 = DIRECTION ( 'NONE',  ( 1.000000000000000000, 0.000000000000000000, 0.000000000000000000 ) ) ;
#2969 = CARTESIAN_POINT ( 'NONE',  ( 58.96210065970520020, -293.8512103628075351, -35.25495296798544587 ) ) ;
#2970 = DIRECTION ( 'NONE',  ( 1.000000000000000000, 0.000000000000000000, 0.000000000000000000 ) ) ;
#2971 = EDGE_CURVE ( 'NONE', #6053, #8600, #7711, .T. ) ;
#2972 = DIRECTION ( 'NONE',  ( 1.000000000000000000, 0.000000000000000000, 0.000000000000000000 ) ) ;
#2973 = VECTOR ( 'NONE', #4208, 1000.000000000000000 ) ;
#2974 = CARTESIAN_POINT ( 'NONE',  ( 21.94588215633502060, -237.2108035506304873, -33.11798626738899998 ) ) ;
#2975 = CARTESIAN_POINT ( 'NONE',  ( 61.28474715024800901, -288.1574175326330192, -39.35271135917947305 ) ) ;
#2976 = EDGE_CURVE ( 'NONE', #7147, #1398, #3309, .T. ) ;
#2977 = EDGE_CURVE ( 'NONE', #6811, #4769, #894, .T. ) ;
#2978 = ORIENTED_EDGE ( 'NONE', *, *, #6329, .F. ) ;
#2979 = EDGE_CURVE ( 'NONE', #4974, #932, #2635, .T. ) ;
#2980 = VERTEX_POINT ( 'NONE', #1733 ) ;
#2981 = VERTEX_POINT ( 'NONE', #5058 ) ;
#2982 = ORIENTED_EDGE ( 'NONE', *, *, #9301, .T. ) ;
#2983 = EDGE_LOOP ( 'NONE', ( #7660, #2886, #11108, #10911 ) ) ;
#2984 = DIRECTION ( 'NONE',  ( 0.000000000000000000, 1.000000000000000000, 0.000000000000000000 ) ) ;
#2985 = DIRECTION ( 'NONE',  ( 0.000000000000000000, 0.000000000000000000, 1.000000000000000000 ) ) ;
#2986 = CARTESIAN_POINT ( 'NONE',  ( 24.20088215633501250, -237.2108035506304873, -24.22298626738899330 ) ) ;
#2987 = DIRECTION ( 'NONE',  ( 0.000000000000000000, 0.000000000000000000, 1.000000000000000000 ) ) ;
#2988 = CIRCLE ( 'NONE', #5150, 1.300000000000002487 ) ;
#2989 = CYLINDRICAL_SURFACE ( 'NONE', #1960, 1.500000000000001332 ) ;
#2990 = DIRECTION ( 'NONE',  ( 0.000000000000000000, -1.000000000000000000, 0.000000000000000000 ) ) ;
#2991 = CYLINDRICAL_SURFACE ( 'NONE', #4124, 1.300000000000006040 ) ;
#2992 = EDGE_CURVE ( 'NONE', #4592, #5740, #3421, .T. ) ;
#2993 = ORIENTED_EDGE ( 'NONE', *, *, #1590, .F. ) ;
#2994 = ORIENTED_EDGE ( 'NONE', *, *, #5950, .F. ) ;
#2995 = ORIENTED_EDGE ( 'NONE', *, *, #8189, .T. ) ;
#2996 = CIRCLE ( 'NONE', #10558, 1.299999999999999156 ) ;
#2997 = FACE_OUTER_BOUND ( 'NONE', #3841, .T. ) ;
#2998 = CARTESIAN_POINT ( 'NONE',  ( 33.56954882300166787, -304.2636980068956518, -27.18165293405570182 ) ) ;
#2999 = CARTESIAN_POINT ( 'NONE',  ( 44.93088215633500226, -244.8140313402290076, -24.31798626738900282 ) ) ;
#3000 = DIRECTION ( 'NONE',  ( -0.000000000000000000, -0.000000000000000000, -1.000000000000000000 ) ) ;
#3001 = CARTESIAN_POINT ( 'NONE',  ( 53.08088215633500084, -216.8820313402289912, -23.81798626738900282 ) ) ;
#3002 = AXIS2_PLACEMENT_3D ( 'NONE', #9363, #9423, #10321 ) ;
#3003 = VERTEX_POINT ( 'NONE', #5170 ) ;
#3004 = VERTEX_POINT ( 'NONE', #955 ) ;
#3005 = DIRECTION ( 'NONE',  ( 0.000000000000000000, 0.000000000000000000, 1.000000000000000000 ) ) ;
#3006 = DIRECTION ( 'NONE',  ( 0.000000000000000000, 0.000000000000000000, 1.000000000000000000 ) ) ;
#3007 = VECTOR ( 'NONE', #2826, 1000.000000000000000 ) ;
#3008 = CARTESIAN_POINT ( 'NONE',  ( 23.61645652764084602, -286.9088953278723579, -24.80741189608317043 ) ) ;
#3009 = DIRECTION ( 'NONE',  ( 0.000000000000000000, -1.000000000000000000, 0.000000000000000000 ) ) ;
#3010 = CARTESIAN_POINT ( 'NONE',  ( 61.68220060717582953, -237.6020938591462937, -40.30369281104511003 ) ) ;
#3011 = CARTESIAN_POINT ( 'NONE',  ( 26.65588215633500369, -216.6320313402290196, -34.71798626738900140 ) ) ;
#3012 = DIRECTION ( 'NONE',  ( 1.000000000000000000, 0.000000000000000000, 0.000000000000000000 ) ) ;
#3013 = DIRECTION ( 'NONE',  ( 1.000000000000000000, 0.000000000000000000, 0.000000000000000000 ) ) ;
#3014 = CARTESIAN_POINT ( 'NONE',  ( 58.78088215633499658, -230.0847755546147653, -38.11798626738899998 ) ) ;
#3015 = EDGE_CURVE ( 'NONE', #11075, #1398, #7188, .T. ) ;
#3016 = CIRCLE ( 'NONE', #504, 3.250000000000002665 ) ;
#3017 = ORIENTED_EDGE ( 'NONE', *, *, #4376, .F. ) ;
#3018 = ORIENTED_EDGE ( 'NONE', *, *, #7124, .F. ) ;
#3019 = CARTESIAN_POINT ( 'NONE',  ( 38.84338215633500369, -266.1320313402289912, -23.81798626738900282 ) ) ;
#3020 = DIRECTION ( 'NONE',  ( -0.000000000000000000, -0.000000000000000000, 1.000000000000000000 ) ) ;
#3021 = DIRECTION ( 'NONE',  ( 0.000000000000000000, 0.000000000000000000, 1.000000000000000000 ) ) ;
#3022 = EDGE_CURVE ( 'NONE', #9759, #5881, #3362, .T. ) ;
#3023 = VECTOR ( 'NONE', #6530, 1000.000000000000000 ) ;
#3024 = CARTESIAN_POINT ( 'NONE',  ( 47.78088215633500369, -254.3820313402290196, 220.0996348679430525 ) ) ;
#3025 = CIRCLE ( 'NONE', #4472, 3.250000000000002665 ) ;
#3026 = CARTESIAN_POINT ( 'NONE',  ( 23.78088215633500369, -198.3820313402289344, -44.11798626738900708 ) ) ;
#3027 = CARTESIAN_POINT ( 'NONE',  ( 58.20157181150742076, -294.0734786500982523, -38.11798626738899998 ) ) ;
#3028 = ORIENTED_EDGE ( 'NONE', *, *, #4972, .F. ) ;
#3029 = ORIENTED_EDGE ( 'NONE', *, *, #3106, .F. ) ;
#3030 = ORIENTED_EDGE ( 'NONE', *, *, #6986, .T. ) ;
#3031 = AXIS2_PLACEMENT_3D ( 'NONE', #1799, #8560, #6933 ) ;
#3032 = ORIENTED_EDGE ( 'NONE', *, *, #9568, .T. ) ;
#3033 = AXIS2_PLACEMENT_3D ( 'NONE', #2707, #801, #118 ) ;
#3034 = VERTEX_POINT ( 'NONE', #5229 ) ;
#3035 = CARTESIAN_POINT ( 'NONE',  ( 28.40588215633500369, -281.9665313402289826, -29.11798626738900353 ) ) ;
#3036 = EDGE_CURVE ( 'NONE', #8085, #5626, #6065, .T. ) ;
#3037 = SURFACE_STYLE_USAGE ( .BOTH. , #10173 ) ;
#3038 = ADVANCED_FACE ( 'NONE', ( #10296 ), #9453, .T. ) ;
#3039 = DIRECTION ( 'NONE',  ( 0.000000000000000000, 1.000000000000000000, 0.000000000000000000 ) ) ;
#3040 = EDGE_CURVE ( 'NONE', #4456, #5616, #5208, .T. ) ;
#3041 = DIRECTION ( 'NONE',  ( 1.000000000000000000, 0.000000000000000000, 0.000000000000000000 ) ) ;
#3042 = AXIS2_PLACEMENT_3D ( 'NONE', #5325, #3800, #2847 ) ;
#3043 = AXIS2_PLACEMENT_3D ( 'NONE', #2609, #4356, #10543 ) ;
#3044 = CYLINDRICAL_SURFACE ( 'NONE', #2676, 3.000000000000002665 ) ;
#3045 = CARTESIAN_POINT ( 'NONE',  ( 53.78088215633500369, -229.9913662456876580, -33.11798626738899998 ) ) ;
#3046 = DIRECTION ( 'NONE',  ( 0.000000000000000000, 0.000000000000000000, 1.000000000000000000 ) ) ;
#3047 = EDGE_CURVE ( 'NONE', #5161, #8879, #6640, .T. ) ;
#3048 = EDGE_CURVE ( 'NONE', #555, #28, #157, .T. ) ;
#3049 = ORIENTED_EDGE ( 'NONE', *, *, #2270, .T. ) ;
#3050 = VERTEX_POINT ( 'NONE', #2691 ) ;
#3051 = EDGE_LOOP ( 'NONE', ( #3153, #9823, #1387, #8520 ) ) ;
#3052 = AXIS2_PLACEMENT_3D ( 'NONE', #1135, #3719, #3775 ) ;
#3053 = VECTOR ( 'NONE', #1697, 1000.000000000000000 ) ;
#3054 = CARTESIAN_POINT ( 'NONE',  ( 17.99274523822748151, -243.8546974480793210, -38.22123247389522760 ) ) ;
#3055 = EDGE_CURVE ( 'NONE', #8906, #4556, #52, .T. ) ;
#3056 = CARTESIAN_POINT ( 'NONE',  ( 16.94190697380997079, -292.7688398286059623, -38.56439154403734904 ) ) ;
#3057 = DIRECTION ( 'NONE',  ( -0.000000000000000000, -0.000000000000000000, 1.000000000000000000 ) ) ;
#3058 = CARTESIAN_POINT ( 'NONE',  ( 53.78088215633500369, -218.8820313402289912, -38.11798626738899998 ) ) ;
#3059 = DIRECTION ( 'NONE',  ( 0.000000000000000000, 0.000000000000000000, 1.000000000000000000 ) ) ;
#3060 = CARTESIAN_POINT ( 'NONE',  ( 38.84338215633500369, -313.3820313402289912, -34.71798626738900140 ) ) ;
#3061 = ORIENTED_EDGE ( 'NONE', *, *, #2953, .T. ) ;
#3062 = VERTEX_POINT ( 'NONE', #6135 ) ;
#3063 = CARTESIAN_POINT ( 'NONE',  ( 23.90588215633500369, -315.3820313402289912, -24.51798626738900211 ) ) ;
#3064 = FACE_OUTER_BOUND ( 'NONE', #7790, .T. ) ;
#3065 = AXIS2_PLACEMENT_3D ( 'NONE', #8310, #4809, #591 ) ;
#3066 = DIRECTION ( 'NONE',  ( 0.000000000000000000, -1.000000000000000000, 0.000000000000000000 ) ) ;
#3067 = CARTESIAN_POINT ( 'NONE',  ( 56.78088215633500369, -266.1320313402289912, -35.11798626738899998 ) ) ;
#3068 = CARTESIAN_POINT ( 'NONE',  ( 61.69517169241822074, -237.4174534026327308, -40.36190007112387690 ) ) ;
#3069 = CARTESIAN_POINT ( 'NONE',  ( 61.78088215633501079, -326.3820313402290481, -41.11798626738899287 ) ) ;
#3070 = LINE ( 'NONE', #9889, #2300 ) ;
#3071 = CARTESIAN_POINT ( 'NONE',  ( 29.90588215633500369, -219.8820313402289912, 220.0996348679430525 ) ) ;
#3072 = CARTESIAN_POINT ( 'NONE',  ( 59.91657861394096329, -230.8963910836192213, -38.32859043907614449 ) ) ;
#3073 = DIRECTION ( 'NONE',  ( 0.000000000000000000, -1.000000000000000000, 0.000000000000000000 ) ) ;
#3074 = AXIS2_PLACEMENT_3D ( 'NONE', #1054, #10458, #6863 ) ;
#3075 = ORIENTED_EDGE ( 'NONE', *, *, #10685, .F. ) ;
#3076 = ORIENTED_EDGE ( 'NONE', *, *, #1819, .F. ) ;
#3077 = LINE ( 'NONE', #7474, #2494 ) ;
#3078 = LINE ( 'NONE', #7419, #4790 ) ;
#3079 = DIRECTION ( 'NONE',  ( 0.000000000000000000, 0.000000000000000000, -1.000000000000000000 ) ) ;
#3080 = VECTOR ( 'NONE', #3911, 1000.000000000000000 ) ;
#3081 = CARTESIAN_POINT ( 'NONE',  ( 25.40588215633500369, -268.2855313402289994, 223.6996348679430184 ) ) ;
#3082 = DIRECTION ( 'NONE',  ( 0.000000000000000000, 1.000000000000000000, 0.000000000000000000 ) ) ;
#3083 = CARTESIAN_POINT ( 'NONE',  ( 61.55335443714930221, -291.9932495306329088, -39.96981994566833407 ) ) ;
#3084 = ORIENTED_EDGE ( 'NONE', *, *, #8909, .F. ) ;
#3085 = EDGE_LOOP ( 'NONE', ( #3084, #9356, #4877, #7309 ) ) ;
#3086 = ORIENTED_EDGE ( 'NONE', *, *, #7423, .T. ) ;
#3087 = EDGE_CURVE ( 'NONE', #7543, #6353, #7145, .T. ) ;
#3088 = VERTEX_POINT ( 'NONE', #7202 ) ;
#3089 = DIRECTION ( 'NONE',  ( -0.000000000000000000, -0.000000000000000000, 1.000000000000000000 ) ) ;
#3090 = ORIENTED_EDGE ( 'NONE', *, *, #360, .T. ) ;
#3091 = DIRECTION ( 'NONE',  ( 0.000000000000000000, 0.000000000000000000, 1.000000000000000000 ) ) ;
#3092 = DIRECTION ( 'NONE',  ( 0.000000000000000000, 0.000000000000000000, 1.000000000000000000 ) ) ;
#3093 = CIRCLE ( 'NONE', #8691, 3.000000000000002665 ) ;
#3094 = DIRECTION ( 'NONE',  ( -0.7071067811865470176, 0.5000000000000003331, -0.5000000000000006661 ) ) ;
#3095 = AXIS2_PLACEMENT_3D ( 'NONE', #10306, #4221, #10244 ) ;
#3096 = FACE_BOUND ( 'NONE', #6607, .T. ) ;
#3097 = CARTESIAN_POINT ( 'NONE',  ( 53.78088215633500369, -266.1320313402289912, -24.51798626738900921 ) ) ;
#3098 = EDGE_LOOP ( 'NONE', ( #6151, #55 ) ) ;
#3099 = VERTEX_POINT ( 'NONE', #3701 ) ;
#3100 = EDGE_CURVE ( 'NONE', #4805, #6197, #4553, .T. ) ;
#3102 = EDGE_CURVE ( 'NONE', #9417, #8263, #8938, .T. ) ;
#3101 = ORIENTED_EDGE ( 'NONE', *, *, #8049, .T. ) ;
#3103 = CIRCLE ( 'NONE', #2931, 3.249999999999999556 ) ;
#3104 = CIRCLE ( 'NONE', #4557, 3.000000000000003997 ) ;
#3105 = CARTESIAN_POINT ( 'NONE',  ( 19.05505942331848956, -241.3360050889711488, -35.11798627251399552 ) ) ;
#3106 = EDGE_CURVE ( 'NONE', #6767, #10633, #10942, .T. ) ;
#3107 = CARTESIAN_POINT ( 'NONE',  ( 16.20350587437186718, -293.0249417925423927, -39.57409126882018313 ) ) ;
#3108 = PLANE ( 'NONE',  #1933 ) ;
#3109 = CARTESIAN_POINT ( 'NONE',  ( 24.05339380473428079, -235.6347982464281756, -24.37047461898973211 ) ) ;
#3110 = CYLINDRICAL_SURFACE ( 'NONE', #1060, 1.300000000000023359 ) ;
#3111 = CIRCLE ( 'NONE', #5094, 1.700000000000000178 ) ;
#3112 = CARTESIAN_POINT ( 'NONE',  ( 25.40588215633500369, -268.2855313402289994, -33.11798626738899998 ) ) ;
#3113 = VECTOR ( 'NONE', #7073, 1000.000000000000000 ) ;
#3114 = EDGE_CURVE ( 'NONE', #4049, #682, #8728, .T. ) ;
#3115 = ORIENTED_EDGE ( 'NONE', *, *, #1365, .F. ) ;
#3116 = EDGE_CURVE ( 'NONE', #10985, #3728, #8640, .T. ) ;
#3117 = ADVANCED_FACE ( 'NONE', ( #2858 ), #7258, .T. ) ;
#3118 = ORIENTED_EDGE ( 'NONE', *, *, #166, .F. ) ;
#3119 = CARTESIAN_POINT ( 'NONE',  ( 58.78088215633499658, -297.0170138587166093, -38.11798626738899998 ) ) ;
#3120 = CIRCLE ( 'NONE', #9427, 3.000000000000002665 ) ;
#3121 = CARTESIAN_POINT ( 'NONE',  ( 23.90588215633500369, -218.8820313402289912, -33.11798626738899998 ) ) ;
#3122 = DIRECTION ( 'NONE',  ( 2.478176394252580155E-16, -1.000000000000000000, 0.000000000000000000 ) ) ;
#3123 = CARTESIAN_POINT ( 'NONE',  ( 29.65588215633500369, -237.1320313402289912, -26.81798626738900282 ) ) ;
#3124 = CARTESIAN_POINT ( 'NONE',  ( 60.24608849218951434, -243.0772451901607951, -38.49824026420896672 ) ) ;
#3125 = CYLINDRICAL_SURFACE ( 'NONE', #5454, 4.250000000000003553 ) ;
#3126 = CARTESIAN_POINT ( 'NONE',  ( 20.90588215633500724, -244.4176336443679531, -35.11798626738899998 ) ) ;
#3127 =( LENGTH_UNIT ( ) NAMED_UNIT ( * ) SI_UNIT ( .MILLI., .METRE. ) );
#3128 = CARTESIAN_POINT ( 'NONE',  ( 59.53789951277709491, -243.8834235590547621, -38.21205311429589102 ) ) ;
#3129 = FACE_OUTER_BOUND ( 'NONE', #9201, .T. ) ;
#3130 = EDGE_CURVE ( 'NONE', #1811, #8906, #178, .T. ) ;
#3131 = EDGE_LOOP ( 'NONE', ( #1157, #6402, #2050, #7262 ) ) ;
#3132 = ORIENTED_EDGE ( 'NONE', *, *, #9991, .T. ) ;
#3133 = AXIS2_PLACEMENT_3D ( 'NONE', #10067, #9063, #9115 ) ;
#3134 = CARTESIAN_POINT ( 'NONE',  ( 61.76088215633501477, -289.9034704378889273, -33.11798626738899998 ) ) ;
#3135 = DIRECTION ( 'NONE',  ( -0.000000000000000000, -0.000000000000000000, 1.000000000000000000 ) ) ;
#3136 = CARTESIAN_POINT ( 'NONE',  ( 54.97505738546489340, -294.7210047301293798, -25.71216149651889538 ) ) ;
#3137 = DIRECTION ( 'NONE',  ( -0.000000000000000000, -0.000000000000000000, 1.000000000000000000 ) ) ;
#3138 = CARTESIAN_POINT ( 'NONE',  ( 30.70588215633500440, -301.4000313402290203, -26.81798626738900282 ) ) ;
#3139 = CARTESIAN_POINT ( 'NONE',  ( 61.54558640107140377, -290.7948555486296414, -39.87563857481190865 ) ) ;
#3140 = EDGE_LOOP ( 'NONE', ( #10530, #3327, #11, #9177 ) ) ;
#3141 = EDGE_LOOP ( 'NONE', ( #7208, #30, #1625, #9637 ) ) ;
#3142 = EDGE_LOOP ( 'NONE', ( #10559, #11023, #7910, #3423 ) ) ;
#3143 = ORIENTED_EDGE ( 'NONE', *, *, #8689, .F. ) ;
#3144 = CARTESIAN_POINT ( 'NONE',  ( 58.22846836323154918, -241.3881303069155422, -35.11798626738899998 ) ) ;
#3145 = B_SPLINE_CURVE_WITH_KNOTS ( 'NONE', 3,
 ( #9154, #8991, #10045, #1433 ),
 .UNSPECIFIED., .F., .F.,
 ( 4, 4 ),
 ( 3.469446951953614189E-18, 0.001252769762968692713 ),
 .UNSPECIFIED. ) ;
#3146 = EDGE_LOOP ( 'NONE', ( #6546, #5405 ) ) ;
#3147 = DIRECTION ( 'NONE',  ( -0.000000000000000000, -0.000000000000000000, -1.000000000000000000 ) ) ;
#3148 = DIRECTION ( 'NONE',  ( 0.000000000000000000, -1.000000000000000000, 0.000000000000000000 ) ) ;
#3149 = PLANE ( 'NONE',  #3185 ) ;
#3150 = DIRECTION ( 'NONE',  ( 1.000000000000000000, 0.000000000000000000, 0.000000000000000000 ) ) ;
#3151 = DIRECTION ( 'NONE',  ( 2.061570980414617612E-16, -0.7071067811865475727, -0.7071067811865475727 ) ) ;
#3152 = DIRECTION ( 'NONE',  ( 0.000000000000000000, -1.000000000000000000, 0.000000000000000000 ) ) ;
#3153 = ORIENTED_EDGE ( 'NONE', *, *, #1031, .T. ) ;
#3154 = ORIENTED_EDGE ( 'NONE', *, *, #8151, .F. ) ;
#3155 = EDGE_CURVE ( 'NONE', #1219, #7657, #4601, .T. ) ;
#3156 = ORIENTED_EDGE ( 'NONE', *, *, #7432, .F. ) ;
#3157 = CARTESIAN_POINT ( 'NONE',  ( 18.31736058299166814, -244.1146449937971568, -38.14569470728533673 ) ) ;
#3158 = CIRCLE ( 'NONE', #10899, 3.249999999999999556 ) ;
#3159 = CARTESIAN_POINT ( 'NONE',  ( 16.73128617972284005, -294.6442682931470358, -38.92043113525744502 ) ) ;
#3160 = DIRECTION ( 'NONE',  ( 0.000000000000000000, 0.000000000000000000, -1.000000000000000000 ) ) ;
#3161 = ADVANCED_FACE ( 'NONE', ( #6296 ), #160, .T. ) ;
#3162 = DIRECTION ( 'NONE',  ( -1.000000000000000000, 0.000000000000000000, -0.000000000000000000 ) ) ;
#3163 = LINE ( 'NONE', #5760, #338 ) ;
#3164 = LINE ( 'NONE', #5705, #10115 ) ;
#3165 = ORIENTED_EDGE ( 'NONE', *, *, #4850, .T. ) ;
#3166 = EDGE_LOOP ( 'NONE', ( #6240, #8688, #8954, #5362 ) ) ;
#3167 = AXIS2_PLACEMENT_3D ( 'NONE', #6838, #10266, #9429 ) ;
#3168 = ORIENTED_EDGE ( 'NONE', *, *, #4499, .F. ) ;
#3169 = CARTESIAN_POINT ( 'NONE',  ( 61.01566682797859897, -294.1753461151393481, -39.11001451033111920 ) ) ;
#3170 = LINE ( 'NONE', #9989, #8107 ) ;
#3171 = EDGE_CURVE ( 'NONE', #5755, #589, #8042, .T. ) ;
#3172 = CYLINDRICAL_SURFACE ( 'NONE', #7233, 1.500000000000001332 ) ;
#3173 = CARTESIAN_POINT ( 'NONE',  ( 58.78088215633499658, -244.3368315466462093, -38.11798626738899998 ) ) ;
#3174 = EDGE_CURVE ( 'NONE', #932, #6204, #5388, .T. ) ;
#3175 = CARTESIAN_POINT ( 'NONE',  ( 61.76088215633501477, -289.9034704378889273, -24.51798626738906606 ) ) ;
#3176 = EDGE_CURVE ( 'NONE', #6754, #4754, #3409, .T. ) ;
#3177 = VECTOR ( 'NONE', #3737, 1000.000000000000000 ) ;
#3178 = CARTESIAN_POINT ( 'NONE',  ( 20.90588215633500369, -244.4176336443679531, -33.11798626738899998 ) ) ;
#3179 = DIRECTION ( 'NONE',  ( 0.000000000000000000, 0.000000000000000000, -1.000000000000000000 ) ) ;
#3180 = CARTESIAN_POINT ( 'NONE',  ( 61.72218174746623021, -237.9174303803960697, -40.52642174164783739 ) ) ;
#3181 = FACE_OUTER_BOUND ( 'NONE', #10523, .T. ) ;
#3182 = ORIENTED_EDGE ( 'NONE', *, *, #5124, .F. ) ;
#3183 = ORIENTED_EDGE ( 'NONE', *, *, #6357, .F. ) ;
#3184 = FACE_OUTER_BOUND ( 'NONE', #6930, .T. ) ;
#3185 = AXIS2_PLACEMENT_3D ( 'NONE', #565, #3041, #4052 ) ;
#3186 = DIRECTION ( 'NONE',  ( 1.000000000000000000, 0.000000000000000000, 0.000000000000000000 ) ) ;
#3187 = CARTESIAN_POINT ( 'NONE',  ( 45.43088215633500937, -285.3570313402290139, -23.81798626738900282 ) ) ;
#3188 = DIRECTION ( 'NONE',  ( 0.000000000000000000, -1.000000000000000000, 0.000000000000000000 ) ) ;
#3189 = CARTESIAN_POINT ( 'NONE',  ( 50.78088215633499658, -210.8820313402290196, -38.11798626738899998 ) ) ;
#3190 = ADVANCED_FACE ( 'NONE', ( #1851 ), #9783, .F. ) ;
#3191 = CARTESIAN_POINT ( 'NONE',  ( 56.78088215633500369, -282.6783406812686508, -35.11798626738899998 ) ) ;
#3192 = AXIS2_PLACEMENT_3D ( 'NONE', #10895, #825, #2442 ) ;
#3193 = CARTESIAN_POINT ( 'NONE',  ( 61.16990156250700750, -293.7165285925622698, -39.29617942581851509 ) ) ;
#3194 = EDGE_LOOP ( 'NONE', ( #1194, #9880 ) ) ;
#3195 = VERTEX_POINT ( 'NONE', #10519 ) ;
#3196 = EDGE_LOOP ( 'NONE', ( #7473, #1010, #1932, #3472 ) ) ;
#3197 = ORIENTED_EDGE ( 'NONE', *, *, #9497, .F. ) ;
#3198 = CARTESIAN_POINT ( 'NONE',  ( 61.65945405077530950, -237.7799789036610889, -39.79278149646101781 ) ) ;
#3199 = ORIENTED_EDGE ( 'NONE', *, *, #9102, .T. ) ;
#3200 = CARTESIAN_POINT ( 'NONE',  ( 29.87463215633500724, -285.8805661386763859, -38.11798626738899998 ) ) ;
#3201 = AXIS2_PLACEMENT_3D ( 'NONE', #6894, #5085, #1029 ) ;
#3202 = FACE_OUTER_BOUND ( 'NONE', #10372, .T. ) ;
#3203 = DIRECTION ( 'NONE',  ( 0.000000000000000000, 0.000000000000000000, 1.000000000000000000 ) ) ;
#3204 = FACE_OUTER_BOUND ( 'NONE', #13, .T. ) ;
#3205 = DIRECTION ( 'NONE',  ( -0.000000000000000000, -0.000000000000000000, 1.000000000000000000 ) ) ;
#3206 = AXIS2_PLACEMENT_3D ( 'NONE', #1222, #3656, #1910 ) ;
#3207 = PLANE ( 'NONE',  #4471 ) ;
#3208 = VECTOR ( 'NONE', #9569, 1000.000000000000114 ) ;
#3209 = EDGE_LOOP ( 'NONE', ( #8733, #4212, #11042, #10577 ) ) ;
#3210 = VERTEX_POINT ( 'NONE', #1961 ) ;
#3211 = VERTEX_POINT ( 'NONE', #8836 ) ;
#3212 = CARTESIAN_POINT ( 'NONE',  ( 19.33329594943845464, -241.3881303069155706, -38.11798626738899998 ) ) ;
#3213 = AXIS2_PLACEMENT_3D ( 'NONE', #1080, #6903, #9261 ) ;
#3214 = VECTOR ( 'NONE', #480, 1000.000000000000000 ) ;
#3215 = CARTESIAN_POINT ( 'NONE',  ( 18.80060686244277335, -294.0025228553626562, -37.89721624857200055 ) ) ;
#3216 = LINE ( 'NONE', #9253, #6248 ) ;
#3217 = EDGE_CURVE ( 'NONE', #3952, #233, #7994, .T. ) ;
#3218 = DIRECTION ( 'NONE',  ( 0.000000000000000000, 0.000000000000000000, -1.000000000000000000 ) ) ;
#3219 = LINE ( 'NONE', #583, #3755 ) ;
#3220 = CARTESIAN_POINT ( 'NONE',  ( 16.69588215633502060, -237.2108035506304873, -23.81798626738900282 ) ) ;
#3221 = ORIENTED_EDGE ( 'NONE', *, *, #6738, .F. ) ;
#3222 = AXIS2_PLACEMENT_3D ( 'NONE', #847, #8619, #7039 ) ;
#3224 = ORIENTED_EDGE ( 'NONE', *, *, #7681, .T. ) ;
#3223 = CIRCLE ( 'NONE', #5216, 0.7499999999999729106 ) ;
#3225 = EDGE_CURVE ( 'NONE', #10132, #1884, #10680, .T. ) ;
#3226 = EDGE_LOOP ( 'NONE', ( #5495, #7394, #2191 ) ) ;
#3227 = CARTESIAN_POINT ( 'NONE',  ( 60.47346154037678900, -295.3696048543255870, -38.63199119476084320 ) ) ;
#3228 = CARTESIAN_POINT ( 'NONE',  ( 38.84338215633500369, -318.3820313402290481, -38.11798626738899998 ) ) ;
#3229 = CARTESIAN_POINT ( 'NONE',  ( 28.90588215633500013, -242.4235313402290046, -26.81798626738900282 ) ) ;
#3230 = CARTESIAN_POINT ( 'NONE',  ( 18.74910197714196869, -285.8988687741484114, -35.20370034730483866 ) ) ;
#3231 = AXIS2_PLACEMENT_3D ( 'NONE', #3301, #546, #4039 ) ;
#3232 = DIRECTION ( 'NONE',  ( -0.000000000000000000, -0.000000000000000000, 1.000000000000000000 ) ) ;
#3233 = CARTESIAN_POINT ( 'NONE',  ( 32.13088215633499800, -266.1320313402289912, -23.81798626738900282 ) ) ;
#3234 = CARTESIAN_POINT ( 'NONE',  ( 32.63088215633499800, -258.4950313402289908, -24.31798626738900282 ) ) ;
#3235 = CARTESIAN_POINT ( 'NONE',  ( 32.13088215633499800, -271.6760313402289739, -23.81798626738900282 ) ) ;
#3236 =( NAMED_UNIT ( * ) SI_UNIT ( $, .STERADIAN. ) SOLID_ANGLE_UNIT ( ) );
#3237 = ORIENTED_EDGE ( 'NONE', *, *, #5702, .T. ) ;
#3239 = EDGE_CURVE ( 'NONE', #9230, #7158, #4658, .T. ) ;
#3238 = VECTOR ( 'NONE', #10604, 1000.000000000000000 ) ;
#3240 = VERTEX_POINT ( 'NONE', #5718 ) ;
#3241 = EDGE_CURVE ( 'NONE', #1754, #3814, #2504, .T. ) ;
#3242 = FACE_BOUND ( 'NONE', #7897, .T. ) ;
#3243 = DIRECTION ( 'NONE',  ( -2.478176394252580155E-16, 1.000000000000000000, 0.000000000000000000 ) ) ;
#3244 = FACE_OUTER_BOUND ( 'NONE', #3439, .T. ) ;
#3245 = CARTESIAN_POINT ( 'NONE',  ( 38.84338215633500369, -215.3820313402289912, -26.81798626738900282 ) ) ;
#3246 = CARTESIAN_POINT ( 'NONE',  ( 54.97505738546489340, -294.7210047301293798, -25.71216149651889538 ) ) ;
#3247 = CARTESIAN_POINT ( 'NONE',  ( 46.85588215633499942, -313.4829779496357105, -20.32603965798229950 ) ) ;
#3248 = ADVANCED_FACE ( 'NONE', ( #1382 ), #3974, .F. ) ;
#3249 = CARTESIAN_POINT ( 'NONE',  ( 23.90588215633500369, -218.8820313402289912, -35.11798626738899998 ) ) ;
#3250 = VECTOR ( 'NONE', #779, 1000.000000000000000 ) ;
#3251 = CARTESIAN_POINT ( 'NONE',  ( 61.62581654979878465, -291.4322792280251520, -40.16392888590495858 ) ) ;
#3252 = VERTEX_POINT ( 'NONE', #7306 ) ;
#3253 = EDGE_CURVE ( 'NONE', #6218, #9515, #962, .T. ) ;
#3254 = ORIENTED_EDGE ( 'NONE', *, *, #3996, .T. ) ;
#3255 = ORIENTED_EDGE ( 'NONE', *, *, #512, .T. ) ;
#3256 = ORIENTED_EDGE ( 'NONE', *, *, #9443, .T. ) ;
#3257 = EDGE_CURVE ( 'NONE', #10546, #3757, #3223, .T. ) ;
#3258 = CARTESIAN_POINT ( 'NONE',  ( 27.03088215633500724, -205.8820313402289912, 105.9245421747346825 ) ) ;
#3259 = ORIENTED_EDGE ( 'NONE', *, *, #10552, .F. ) ;
#3260 = CIRCLE ( 'NONE', #6326, 2.999999999999974687 ) ;
#3261 = DIRECTION ( 'NONE',  ( 1.000000000000000000, 0.000000000000000000, 0.000000000000000000 ) ) ;
#3262 = LINE ( 'NONE', #5005, #10479 ) ;
#3263 = CIRCLE ( 'NONE', #9570, 5.999999999999998224 ) ;
#3264 = DIRECTION ( 'NONE',  ( -0.000000000000000000, -0.000000000000000000, -1.000000000000000000 ) ) ;
#3265 = CARTESIAN_POINT ( 'NONE',  ( 53.08088215633500084, -266.1320313402289912, -23.81798626738900282 ) ) ;
#3266 = CARTESIAN_POINT ( 'NONE',  ( 20.90588215633500369, -229.9909074294941149, -23.81798626738900282 ) ) ;
#3267 = VECTOR ( 'NONE', #6102, 1000.000000000000000 ) ;
#3268 = CARTESIAN_POINT ( 'NONE',  ( 44.93088215633500226, -217.4520313402290128, -26.81798626738900282 ) ) ;
#3269 = ORIENTED_EDGE ( 'NONE', *, *, #4943, .F. ) ;
#3270 = EDGE_LOOP ( 'NONE', ( #1887, #5273, #2783, #2699 ) ) ;
#3271 = ORIENTED_EDGE ( 'NONE', *, *, #6533, .F. ) ;
#3272 = CIRCLE ( 'NONE', #1288, 3.250000000000002665 ) ;
#3273 = CARTESIAN_POINT ( 'NONE',  ( 15.83022211312994010, -236.7167642741794964, -40.57358495714700553 ) ) ;
#3274 = CARTESIAN_POINT ( 'NONE',  ( 15.98095429034327353, -290.5991052860476316, -39.97078891063188877 ) ) ;
#3275 = CARTESIAN_POINT ( 'NONE',  ( 53.78088215633500369, -198.3820313402289344, -44.11798626738900708 ) ) ;
#3276 = PLANE ( 'NONE',  #256 ) ;
#3277 = CARTESIAN_POINT ( 'NONE',  ( 38.78088215633500369, -272.1760313402289739, -26.81798626738900282 ) ) ;
#3278 = LINE ( 'NONE', #5143, #1307 ) ;
#3279 = VECTOR ( 'NONE', #3635, 1000.000000000000000 ) ;
#3280 = LINE ( 'NONE', #3515, #10906 ) ;
#3281 = ORIENTED_EDGE ( 'NONE', *, *, #9035, .T. ) ;
#3282 = CIRCLE ( 'NONE', #6525, 4.249999999999996447 ) ;
#3283 = VERTEX_POINT ( 'NONE', #2963 ) ;
#3284 = ORIENTED_EDGE ( 'NONE', *, *, #8779, .T. ) ;
#3285 = DIRECTION ( 'NONE',  ( -0.000000000000000000, -0.000000000000000000, 1.000000000000000000 ) ) ;
#3286 = CARTESIAN_POINT ( 'NONE',  ( 19.00968154810331256, -233.1041308514307104, -35.13756924393808845 ) ) ;
#3287 = LINE ( 'NONE', #7575, #2729 ) ;
#3288 = FACE_OUTER_BOUND ( 'NONE', #792, .T. ) ;
#3289 = CIRCLE ( 'NONE', #6908, 1.300000000000002487 ) ;
#3290 = CARTESIAN_POINT ( 'NONE',  ( 17.08936832228202718, -295.3714594901588839, -38.63126995818793574 ) ) ;
#3291 = CARTESIAN_POINT ( 'NONE',  ( 25.40588215633500369, -269.7855313402289994, 223.6996348679430184 ) ) ;
#3292 = PLANE ( 'NONE',  #5429 ) ;
#3293 = ADVANCED_FACE ( 'NONE', ( #6400 ), #9949, .F. ) ;
#3294 = CARTESIAN_POINT ( 'NONE',  ( 20.11588215633501520, -237.2108035506304873, -33.11798626738899998 ) ) ;
#3295 = AXIS2_PLACEMENT_3D ( 'NONE', #7843, #8738, #9525 ) ;
#3296 = VERTEX_POINT ( 'NONE', #8995 ) ;
#3297 = AXIS2_PLACEMENT_3D ( 'NONE', #476, #1491, #430 ) ;
#3298 = ORIENTED_EDGE ( 'NONE', *, *, #9590, .T. ) ;
#3299 = DIRECTION ( 'NONE',  ( 0.000000000000000000, -1.000000000000000000, 0.000000000000000000 ) ) ;
#3300 = DIRECTION ( 'NONE',  ( 0.9829004132435487096, 0.1841379310344862519, 2.273413895201183281E-15 ) ) ;
#3301 = CARTESIAN_POINT ( 'NONE',  ( 56.78088215633500369, -229.9913662456876580, -33.11798626738899998 ) ) ;
#3302 = DIRECTION ( 'NONE',  ( 1.000000000000000000, 0.000000000000000000, 0.000000000000000000 ) ) ;
#3303 = DIRECTION ( 'NONE',  ( 1.000000000000000000, 0.000000000000000000, 0.000000000000000000 ) ) ;
#3304 = CARTESIAN_POINT ( 'NONE',  ( 53.78088215633500369, -297.1166250875550645, -24.51798626738900211 ) ) ;
#3305 = CARTESIAN_POINT ( 'NONE',  ( 32.63088215633499800, -244.8140313402290076, -23.81798626738900282 ) ) ;
#3306 = FACE_OUTER_BOUND ( 'NONE', #8068, .T. ) ;
#3307 = AXIS2_PLACEMENT_3D ( 'NONE', #6834, #5141, #4064 ) ;
#3308 = EDGE_CURVE ( 'NONE', #6827, #10413, #1275, .T. ) ;
#3309 = LINE ( 'NONE', #1792, #10234 ) ;
#3310 = ORIENTED_EDGE ( 'NONE', *, *, #9540, .T. ) ;
#3311 = ORIENTED_EDGE ( 'NONE', *, *, #1435, .T. ) ;
#3312 = ORIENTED_EDGE ( 'NONE', *, *, #92, .T. ) ;
#3313 = ADVANCED_FACE ( 'NONE', ( #9103, #7358 ), #538, .F. ) ;
#3314 = ORIENTED_EDGE ( 'NONE', *, *, #3929, .T. ) ;
#3315 = CARTESIAN_POINT ( 'NONE',  ( 59.01296014739501317, -241.1643610557098327, -35.26379057662676075 ) ) ;
#3316 = ORIENTED_EDGE ( 'NONE', *, *, #5456, .T. ) ;
#3317 = CARTESIAN_POINT ( 'NONE',  ( 47.78088215633500369, -257.3820313402290481, 220.0996348679430525 ) ) ;
#3318 = CARTESIAN_POINT ( 'NONE',  ( 47.35588215633499942, -318.3820313402290481, -23.81798626738900282 ) ) ;
#3319 = EDGE_CURVE ( 'NONE', #9179, #6944, #4667, .T. ) ;
#3320 = CARTESIAN_POINT ( 'NONE',  ( 52.28088215633500369, -266.1320313402289912, -26.81798626738900282 ) ) ;
#3321 = ADVANCED_FACE ( 'NONE', ( #83 ), #10953, .F. ) ;
#3322 = ADVANCED_FACE ( 'NONE', ( #10110 ), #1708, .F. ) ;
#3323 = FACE_OUTER_BOUND ( 'NONE', #8450, .T. ) ;
#3324 = LINE ( 'NONE', #2359, #7075 ) ;
#3325 = DIRECTION ( 'NONE',  ( 0.000000000000000000, 0.000000000000000000, -1.000000000000000000 ) ) ;
#3326 = VERTEX_POINT ( 'NONE', #4464 ) ;
#3327 = ORIENTED_EDGE ( 'NONE', *, *, #9923, .T. ) ;
#3328 = EDGE_CURVE ( 'NONE', #274, #9515, #4298, .T. ) ;
#3329 = EDGE_LOOP ( 'NONE', ( #7157, #5219, #6154, #9907 ) ) ;
#3330 = CARTESIAN_POINT ( 'NONE',  ( 16.08933506566938121, -239.9623238225358079, -39.78379506432544588 ) ) ;
#3331 = DIRECTION ( 'NONE',  ( 1.000000000000000000, 0.000000000000000000, 0.000000000000000000 ) ) ;
#3332 = CARTESIAN_POINT ( 'NONE',  ( 16.73628486467341148, -285.1513557431414938, -38.91588145023892054 ) ) ;
#3333 = DIRECTION ( 'NONE',  ( 0.000000000000000000, 0.000000000000000000, -1.000000000000000000 ) ) ;
#3334 = LINE ( 'NONE', #1532, #9784 ) ;
#3335 = ADVANCED_FACE ( 'NONE', ( #6109 ), #3514, .F. ) ;
#3336 = CARTESIAN_POINT ( 'NONE',  ( 29.87463215633500724, -279.8834965417816534, 220.0996348679430525 ) ) ;
#3337 = DIRECTION ( 'NONE',  ( 1.000000000000000000, 2.906342996400940115E-16, 0.000000000000000000 ) ) ;
#3338 = CARTESIAN_POINT ( 'NONE',  ( 20.53088215633500013, -326.3820313402290481, -44.11798626738900708 ) ) ;
#3339 = VERTEX_POINT ( 'NONE', #1929 ) ;
#3340 = ORIENTED_EDGE ( 'NONE', *, *, #9608, .T. ) ;
#3341 = ORIENTED_EDGE ( 'NONE', *, *, #8149, .F. ) ;
#3342 = CARTESIAN_POINT ( 'NONE',  ( 61.63088215633501932, -289.9034704378889273, -33.11798626738899998 ) ) ;
#3343 = CARTESIAN_POINT ( 'NONE',  ( 15.91526867076879093, -237.8660610102631381, -39.69697010343990939 ) ) ;
#3344 = CARTESIAN_POINT ( 'NONE',  ( 32.63088215633499800, -248.5140313402289962, -23.81798626738900282 ) ) ;
#3345 = CARTESIAN_POINT ( 'NONE',  ( 23.90588215633500369, -315.3820313402289912, -33.11798626738899998 ) ) ;
#3346 = CARTESIAN_POINT ( 'NONE',  ( 47.78088215633500369, -257.3820313402290481, -38.11798626738899998 ) ) ;
#3347 = FACE_OUTER_BOUND ( 'NONE', #4007, .T. ) ;
#3348 = CYLINDRICAL_SURFACE ( 'NONE', #764, 1.700000000000000178 ) ;
#3349 = AXIS2_PLACEMENT_3D ( 'NONE', #11065, #8604, #7986 ) ;
#3350 = EDGE_LOOP ( 'NONE', ( #10018, #1290 ) ) ;
#3351 = EDGE_LOOP ( 'NONE', ( #6756, #6012, #9235, #6403 ) ) ;
#3352 = CARTESIAN_POINT ( 'NONE',  ( 20.18088215633500226, -289.9034704378889273, -33.11798626738899998 ) ) ;
#3353 = DIRECTION ( 'NONE',  ( -2.478176394252580155E-16, 1.000000000000000000, 0.000000000000000000 ) ) ;
#3354 = CARTESIAN_POINT ( 'NONE',  ( 21.03482433309050847, -294.1180213076790437, -24.56691117598679597 ) ) ;
#3355 = VECTOR ( 'NONE', #1892, 1000.000000000000000 ) ;
#3356 = CARTESIAN_POINT ( 'NONE',  ( 46.85588215633499942, -309.9910313402289717, -26.81798626738900282 ) ) ;
#3357 = CARTESIAN_POINT ( 'NONE',  ( 34.36838215633500226, -219.1895313402289958, -26.05548626738900353 ) ) ;
#3358 = LINE ( 'NONE', #5053, #7143 ) ;
#3359 = CYLINDRICAL_SURFACE ( 'NONE', #1673, 1.700000000000000178 ) ;
#3360 = DIRECTION ( 'NONE',  ( 2.478176394252580155E-16, -1.000000000000000000, 0.000000000000000000 ) ) ;
#3361 = EDGE_CURVE ( 'NONE', #7823, #436, #1764, .T. ) ;
#3362 = LINE ( 'NONE', #6867, #3764 ) ;
#3363 = EDGE_LOOP ( 'NONE', ( #8968, #4331, #3554, #10701 ) ) ;
#3364 = VECTOR ( 'NONE', #1095, 1000.000000000000114 ) ;
#3365 = ORIENTED_EDGE ( 'NONE', *, *, #29, .F. ) ;
#3366 = ORIENTED_EDGE ( 'NONE', *, *, #1225, .F. ) ;
#3367 = ORIENTED_EDGE ( 'NONE', *, *, #5180, .F. ) ;
#3368 = CARTESIAN_POINT ( 'NONE',  ( 28.90588215633500013, -240.9235313402290046, 223.6996348679430184 ) ) ;
#3369 = ORIENTED_EDGE ( 'NONE', *, *, #6294, .F. ) ;
#3370 = EDGE_CURVE ( 'NONE', #3296, #6582, #131, .T. ) ;
#3371 = DIRECTION ( 'NONE',  ( -0.7071067811865204833, 0.000000000000000000, 0.7071067811865745512 ) ) ;
#3372 = CARTESIAN_POINT ( 'NONE',  ( 18.81588215633501804, -237.2108035506304873, -43.11798626738900708 ) ) ;
#3373 = AXIS2_PLACEMENT_3D ( 'NONE', #9076, #5747, #7549 ) ;
#3374 = CARTESIAN_POINT ( 'NONE',  ( 24.60588215633500297, -234.8820313402289912, -23.81798626738900282 ) ) ;
#3375 = CARTESIAN_POINT ( 'NONE',  ( 47.78088215633500369, -260.3820313402290481, -34.71798626738900140 ) ) ;
#3376 = LINE ( 'NONE', #7725, #1670 ) ;
#3377 = PLANE ( 'NONE',  #1253 ) ;
#3378 = ORIENTED_EDGE ( 'NONE', *, *, #8132, .T. ) ;
#3379 = ORIENTED_EDGE ( 'NONE', *, *, #10945, .T. ) ;
#3380 = ORIENTED_EDGE ( 'NONE', *, *, #5263, .T. ) ;
#3381 = CIRCLE ( 'NONE', #9685, 3.000000000000002665 ) ;
#3382 = ADVANCED_FACE ( 'NONE', ( #5202 ), #6165, .T. ) ;
#3383 = EDGE_CURVE ( 'NONE', #2474, #680, #6214, .T. ) ;
#3384 = EDGE_CURVE ( 'NONE', #2928, #8336, #7009, .T. ) ;
#3385 = CARTESIAN_POINT ( 'NONE',  ( 15.89605618052094727, -237.7321712811713326, -39.84140160980478385 ) ) ;
#3386 = CARTESIAN_POINT ( 'NONE',  ( 38.84338215633500369, -213.8820313402290196, -33.11798626738899998 ) ) ;
#3387 = CARTESIAN_POINT ( 'NONE',  ( 15.86791166171770762, -289.3033276771677151, -40.40030140609105302 ) ) ;
#3388 = DIRECTION ( 'NONE',  ( 0.7071067811865470176, 0.000000000000000000, -0.7071067811865480168 ) ) ;
#3389 = DIRECTION ( 'NONE',  ( -0.000000000000000000, -0.000000000000000000, 1.000000000000000000 ) ) ;
#3390 = EDGE_CURVE ( 'NONE', #449, #2871, #3590, .T. ) ;
#3391 = AXIS2_PLACEMENT_3D ( 'NONE', #2937, #1987, #7331 ) ;
#3392 = PLANE ( 'NONE',  #1227 ) ;
#3393 = DIRECTION ( 'NONE',  ( 0.000000000000000000, 0.000000000000000000, -1.000000000000000000 ) ) ;
#3394 = CYLINDRICAL_SURFACE ( 'NONE', #3167, 3.000000000000002665 ) ;
#3395 = EDGE_LOOP ( 'NONE', ( #8280, #7121, #1292, #7939 ) ) ;
#3396 = ORIENTED_EDGE ( 'NONE', *, *, #4055, .F. ) ;
#3397 = AXIS2_PLACEMENT_3D ( 'NONE', #6404, #8898, #4559 ) ;
#3398 = ORIENTED_EDGE ( 'NONE', *, *, #3935, .T. ) ;
#3399 = LINE ( 'NONE', #1921, #8267 ) ;
#3401 = EDGE_CURVE ( 'NONE', #9133, #5969, #9879, .T. ) ;
#3400 = VECTOR ( 'NONE', #839, 1000.000000000000000 ) ;
#3402 = CARTESIAN_POINT ( 'NONE',  ( 16.92132416750003188, -240.0237325628987151, -36.73572438901528869 ) ) ;
#3403 = FACE_BOUND ( 'NONE', #132, .T. ) ;
#3404 = CARTESIAN_POINT ( 'NONE',  ( 17.02241241005470940, -287.0505816585224466, -36.62129064320451022 ) ) ;
#3405 = CARTESIAN_POINT ( 'NONE',  ( 18.46091793691285687, -282.9396948883661480, -38.13151996714547209 ) ) ;
#3406 = DIRECTION ( 'NONE',  ( 1.000000000000000000, 0.000000000000000000, 0.000000000000000000 ) ) ;
#3407 = CARTESIAN_POINT ( 'NONE',  ( 28.90588215633500013, -278.8839849422990937, -34.71798626738900140 ) ) ;
#3408 = VECTOR ( 'NONE', #5941, 1000.000000000000000 ) ;
#3409 = CIRCLE ( 'NONE', #10778, 4.250000000000010658 ) ;
#3410 = ORIENTED_EDGE ( 'NONE', *, *, #9997, .F. ) ;
#3411 = ORIENTED_EDGE ( 'NONE', *, *, #9458, .T. ) ;
#3412 = DIRECTION ( 'NONE',  ( -1.000000000000000000, 0.000000000000000000, 0.000000000000000000 ) ) ;
#3413 = DIRECTION ( 'NONE',  ( 0.000000000000000000, 0.000000000000000000, -1.000000000000000000 ) ) ;
#3414 = CARTESIAN_POINT ( 'NONE',  ( 21.44609302458008671, -294.1590619649202836, -24.70352319253236928 ) ) ;
#3415 = AXIS2_PLACEMENT_3D ( 'NONE', #1237, #340, #4677 ) ;
#3416 = FACE_BOUND ( 'NONE', #3350, .T. ) ;
#3417 = CARTESIAN_POINT ( 'NONE',  ( 26.65588215633500369, -266.1320313402289912, -33.11798626738899998 ) ) ;
#3418 = DIRECTION ( 'NONE',  ( -0.7071067811865475727, 0.000000000000000000, 0.7071067811865475727 ) ) ;
#3419 = CARTESIAN_POINT ( 'NONE',  ( 26.90588215633500369, -318.3820313402290481, -24.51798626738900211 ) ) ;
#3420 = CARTESIAN_POINT ( 'NONE',  ( 53.78088215633500369, -205.8820313402289912, -44.11798626738900708 ) ) ;
#3421 = LINE ( 'NONE', #8501, #518 ) ;
#3422 = VECTOR ( 'NONE', #2026, 1000.000000000000000 ) ;
#3423 = ORIENTED_EDGE ( 'NONE', *, *, #7136, .F. ) ;
#3424 = EDGE_LOOP ( 'NONE', ( #2846, #5118, #7857, #3870 ) ) ;
#3425 = VERTEX_POINT ( 'NONE', #1827 ) ;
#3426 = ORIENTED_EDGE ( 'NONE', *, *, #710, .F. ) ;
#3427 = LINE ( 'NONE', #6872, #5730 ) ;
#3428 = ORIENTED_EDGE ( 'NONE', *, *, #8554, .T. ) ;
#3429 = CARTESIAN_POINT ( 'NONE',  ( 16.28088215633493974, -205.8820313402289912, -44.11798626738900708 ) ) ;
#3430 = AXIS2_PLACEMENT_3D ( 'NONE', #5659, #3006, #9093 ) ;
#3431 = CARTESIAN_POINT ( 'NONE',  ( 29.78088215633500369, -284.1820313402290026, 220.0996348679430525 ) ) ;
#3432 = CARTESIAN_POINT ( 'NONE',  ( 25.40588215633500369, -256.1045313402289594, -33.11798626738899998 ) ) ;
#3433 = FACE_OUTER_BOUND ( 'NONE', #6782, .T. ) ;
#3434 = DIRECTION ( 'NONE',  ( 1.000000000000000000, 0.000000000000000000, 0.000000000000000000 ) ) ;
#3435 = EDGE_CURVE ( 'NONE', #2756, #9759, #4412, .T. ) ;
#3436 = CARTESIAN_POINT ( 'NONE',  ( 53.78088215633500369, -205.8820313402289912, -38.11798626738899287 ) ) ;
#3437 = VERTEX_POINT ( 'NONE', #3235 ) ;
#3438 = ORIENTED_EDGE ( 'NONE', *, *, #918, .F. ) ;
#3439 = EDGE_LOOP ( 'NONE', ( #7172, #4781, #7391, #1964 ) ) ;
#3440 = VECTOR ( 'NONE', #11015, 1000.000000000000000 ) ;
#3441 = ORIENTED_EDGE ( 'NONE', *, *, #3871, .T. ) ;
#3442 = EDGE_CURVE ( 'NONE', #7323, #6053, #7544, .T. ) ;
#3443 = CARTESIAN_POINT ( 'NONE',  ( 16.34591568568714948, -240.9800946971057840, -39.35756878694073180 ) ) ;
#3444 = CARTESIAN_POINT ( 'NONE',  ( 26.65588215633500369, -216.6320313402290196, -33.11798626738899998 ) ) ;
#3445 = CARTESIAN_POINT ( 'NONE',  ( 16.61775842153305760, -287.4867963229671659, -38.88265157621481194 ) ) ;
#3446 = CARTESIAN_POINT ( 'NONE',  ( 20.53088215633500013, -205.8820313402289912, -44.11798626738900708 ) ) ;
#3447 = CIRCLE ( 'NONE', #8122, 4.250000000000010658 ) ;
#3448 = CARTESIAN_POINT ( 'NONE',  ( 20.57898560461087456, -232.9861100474050772, -35.11798626738899998 ) ) ;
#3449 = DIRECTION ( 'NONE',  ( 0.000000000000000000, 0.000000000000000000, 1.000000000000000000 ) ) ;
#3450 = EDGE_CURVE ( 'NONE', #5288, #603, #6464, .T. ) ;
#3451 = CARTESIAN_POINT ( 'NONE',  ( 56.78088215633500369, -282.6783406812686508, -35.11798626738899998 ) ) ;
#3452 = CARTESIAN_POINT ( 'NONE',  ( 23.78088215633500369, -334.3820313402290481, 105.9245421747346825 ) ) ;
#3453 = ORIENTED_EDGE ( 'NONE', *, *, #4624, .T. ) ;
#3454 = VERTEX_POINT ( 'NONE', #7855 ) ;
#3455 = VECTOR ( 'NONE', #3013, 1000.000000000000000 ) ;
#3456 = VECTOR ( 'NONE', #4486, 1000.000000000000000 ) ;
#3458 = ADVANCED_FACE ( 'NONE', ( #9428 ), #1881, .F. ) ;
#3457 = ORIENTED_EDGE ( 'NONE', *, *, #7681, .F. ) ;
#3459 = DIRECTION ( 'NONE',  ( 1.000000000000000000, 1.457750820148579853E-16, 0.000000000000000000 ) ) ;
#3460 = CARTESIAN_POINT ( 'NONE',  ( 18.26067392197287020, -241.0376195389555960, -35.39833869998120974 ) ) ;
#3461 = CARTESIAN_POINT ( 'NONE',  ( 25.40588215633500369, -281.9665313402289826, -32.11798626738899998 ) ) ;
#3462 = CARTESIAN_POINT ( 'NONE',  ( 16.24949081657202399, -288.2764191443074537, -38.30462559080123697 ) ) ;
#3463 = B_SPLINE_CURVE_WITH_KNOTS ( 'NONE', 3,
 ( #6391, #6339, #9773, #4542, #1898, #6180, #9826, #2110, #1208, #147 ),
 .UNSPECIFIED., .F., .F.,
 ( 4, 2, 2, 2, 4 ),
 ( 0.002079587116322746936, 0.003410647330231285183, 0.004741707544139822997, 0.006072767758048361678, 0.007403827971956900358 ),
 .UNSPECIFIED. ) ;
#3464 = PLANE ( 'NONE',  #251 ) ;
#3465 = DIRECTION ( 'NONE',  ( 0.000000000000000000, 0.000000000000000000, 1.000000000000000000 ) ) ;
#3466 = VECTOR ( 'NONE', #2216, 1000.000000000000000 ) ;
#3467 = ADVANCED_FACE ( 'NONE', ( #9756 ), #10653, .F. ) ;
#3468 = CARTESIAN_POINT ( 'NONE',  ( 28.90588215633500013, -297.1475313402289657, -33.11798626738899998 ) ) ;
#3469 = ADVANCED_FACE ( 'NONE', ( #1989 ), #7119, .T. ) ;
#3470 = EDGE_CURVE ( 'NONE', #4394, #7896, #4740, .T. ) ;
#3471 = APPLICATION_PROTOCOL_DEFINITION ( 'draft international standard', 'automotive_design', 1998, #8283 ) ;
#3472 = ORIENTED_EDGE ( 'NONE', *, *, #1435, .F. ) ;
#3473 = ORIENTED_EDGE ( 'NONE', *, *, #9035, .F. ) ;
#3474 = DIRECTION ( 'NONE',  ( 0.000000000000000000, -0.7071067811865475727, 0.7071067811865475727 ) ) ;
#3475 = AXIS2_PLACEMENT_3D ( 'NONE', #1928, #2881, #8698 ) ;
#3476 = FACE_OUTER_BOUND ( 'NONE', #5291, .T. ) ;
#3477 = VECTOR ( 'NONE', #9958, 1000.000000000000000 ) ;
#3478 = CARTESIAN_POINT ( 'NONE',  ( 56.78088215633500369, -266.1320313402289912, -35.11798626738899998 ) ) ;
#3479 = DIRECTION ( 'NONE',  ( 1.000000000000000000, 0.000000000000000000, 0.000000000000000000 ) ) ;
#3480 = FACE_OUTER_BOUND ( 'NONE', #5753, .T. ) ;
#3481 = DIRECTION ( 'NONE',  ( 0.000000000000000000, 1.000000000000000000, 0.000000000000000000 ) ) ;
#3482 = CARTESIAN_POINT ( 'NONE',  ( 18.78088215633498947, -244.3368315466462093, -35.11798626738899998 ) ) ;
#3483 = DIRECTION ( 'NONE',  ( 1.000000000000000000, 2.478176394252580155E-16, 0.000000000000000000 ) ) ;
#3484 = EDGE_CURVE ( 'NONE', #8296, #10927, #5418, .T. ) ;
#3485 = DIRECTION ( 'NONE',  ( 0.000000000000000000, 1.000000000000000000, 0.000000000000000000 ) ) ;
#3486 =( GEOMETRIC_REPRESENTATION_CONTEXT ( 3 ) GLOBAL_UNCERTAINTY_ASSIGNED_CONTEXT ( ( #8171 ) ) GLOBAL_UNIT_ASSIGNED_CONTEXT ( ( #653, #5670, #3236 ) ) REPRESENTATION_CONTEXT ( 'NONE', 'WORKASPACE' ) );
#3487 = AXIS2_PLACEMENT_3D ( 'NONE', #10338, #4979, #6791 ) ;
#3488 = ORIENTED_EDGE ( 'NONE', *, *, #5522, .T. ) ;
#3489 = ORIENTED_EDGE ( 'NONE', *, *, #4211, .T. ) ;
#3490 = VERTEX_POINT ( 'NONE', #7967 ) ;
#3491 = ORIENTED_EDGE ( 'NONE', *, *, #3625, .T. ) ;
#3492 = CARTESIAN_POINT ( 'NONE',  ( 32.63088215633499800, -234.8330313402290130, -24.31798626738900282 ) ) ;
#3493 = EDGE_LOOP ( 'NONE', ( #249, #9071, #2310, #1456 ) ) ;
#3494 = DIRECTION ( 'NONE',  ( 0.000000000000000000, 0.000000000000000000, -1.000000000000000000 ) ) ;
#3495 = VECTOR ( 'NONE', #747, 1000.000000000000000 ) ;
#3496 = DIRECTION ( 'NONE',  ( 0.000000000000000000, 0.000000000000000000, -1.000000000000000000 ) ) ;
#3497 = CARTESIAN_POINT ( 'NONE',  ( 60.77527816551086204, -234.5604682809710368, -36.96663233880916266 ) ) ;
#3498 = CARTESIAN_POINT ( 'NONE',  ( 60.39422724179969038, -284.3065034962779691, -38.58184319739149259 ) ) ;
#3499 = FACE_BOUND ( 'NONE', #4441, .T. ) ;
#3500 = CARTESIAN_POINT ( 'NONE',  ( 38.78088215633501079, -301.4000313402290203, -23.81798626738900282 ) ) ;
#3501 = ORIENTED_EDGE ( 'NONE', *, *, #906, .F. ) ;
#3502 = ORIENTED_EDGE ( 'NONE', *, *, #8843, .T. ) ;
#3503 = ORIENTED_EDGE ( 'NONE', *, *, #8706, .F. ) ;
#3504 = ORIENTED_EDGE ( 'NONE', *, *, #8426, .F. ) ;
#3505 = PRODUCT ( 'Limit Breakout Case.STEP_lid_Standard', 'Limit Breakout Case.STEP_lid_Standard', '', ( #4252 ) ) ;
#3506 = CARTESIAN_POINT ( 'NONE',  ( 15.85112314034910952, -236.2903071431713613, -40.47046824801852694 ) ) ;
#3507 = DIRECTION ( 'NONE',  ( 1.000000000000000000, 0.000000000000000000, 0.000000000000000000 ) ) ;
#3508 = CARTESIAN_POINT ( 'NONE',  ( 15.94498571303418188, -289.5516626125734660, -39.68261654449320019 ) ) ;
#3509 = FACE_OUTER_BOUND ( 'NONE', #2059, .T. ) ;
#3510 = CARTESIAN_POINT ( 'NONE',  ( 23.90588215633500369, -244.4306996717668596, -33.11798626738899998 ) ) ;
#3511 = FACE_OUTER_BOUND ( 'NONE', #11063, .T. ) ;
#3512 = DIRECTION ( 'NONE',  ( -2.478176394252585085E-16, 1.000000000000000000, 0.000000000000000000 ) ) ;
#3513 = EDGE_CURVE ( 'NONE', #1277, #10484, #8865, .T. ) ;
#3514 = PLANE ( 'NONE',  #2146 ) ;
#3515 = CARTESIAN_POINT ( 'NONE',  ( 38.78088215633501079, -224.8520313402290185, -26.81798626738900282 ) ) ;
#3516 = ORIENTED_EDGE ( 'NONE', *, *, #7570, .F. ) ;
#3517 = ORIENTED_EDGE ( 'NONE', *, *, #4307, .F. ) ;
#3518 = CARTESIAN_POINT ( 'NONE',  ( 16.93809194278008334, -234.3790582903710629, -36.70920064957971363 ) ) ;
#3519 = EDGE_CURVE ( 'NONE', #3339, #1451, #1303, .T. ) ;
#3520 = CARTESIAN_POINT ( 'NONE',  ( 50.78088215633499658, -318.3820313402290481, -33.11798626738899998 ) ) ;
#3521 = CARTESIAN_POINT ( 'NONE',  ( 18.73896125221718378, -293.9045335027685155, -35.20659412425541035 ) ) ;
#3522 = CARTESIAN_POINT ( 'NONE',  ( 53.08088215633500084, -311.3820313402289912, -23.81798626738900282 ) ) ;
#3523 = CARTESIAN_POINT ( 'NONE',  ( 18.16361665305668893, -243.9971998757633003, -38.17843358142613397 ) ) ;
#3524 = CARTESIAN_POINT ( 'NONE',  ( 32.63088215633499800, -258.4950313402289908, -26.81798626738900282 ) ) ;
#3525 = ORIENTED_EDGE ( 'NONE', *, *, #161, .F. ) ;
#3526 = VERTEX_POINT ( 'NONE', #8020 ) ;
#3527 = DIRECTION ( 'NONE',  ( 0.000000000000000000, 0.000000000000000000, 1.000000000000000000 ) ) ;
#3528 = EDGE_CURVE ( 'NONE', #6366, #4049, #5927, .T. ) ;
#3529 = FACE_OUTER_BOUND ( 'NONE', #8615, .T. ) ;
#3530 = CARTESIAN_POINT ( 'NONE',  ( 38.78088215633501079, -224.8520313402290185, -24.31798626738900282 ) ) ;
#3531 = ADVANCED_FACE ( 'NONE', ( #10762 ), #2204, .T. ) ;
#3532 = ADVANCED_FACE ( 'NONE', ( #458 ), #526, .F. ) ;
#3533 = CARTESIAN_POINT ( 'NONE',  ( 19.36019250116258661, -285.7334622256796592, -35.11798626738899998 ) ) ;
#3534 = LINE ( 'NONE', #6074, #7770 ) ;
#3535 = CARTESIAN_POINT ( 'NONE',  ( 53.80952689211933659, -292.0876803911608022, -24.54663100317333502 ) ) ;
#3536 = CYLINDRICAL_SURFACE ( 'NONE', #6178, 4.250000000000010658 ) ;
#3537 = VECTOR ( 'NONE', #5674, 1000.000000000000000 ) ;
#3538 = DIRECTION ( 'NONE',  ( 0.000000000000000000, -0.7071067811865475727, 0.7071067811865475727 ) ) ;
#3539 = CARTESIAN_POINT ( 'NONE',  ( 23.47819433228550068, -284.5072092907366823, -24.94567409143851222 ) ) ;
#3540 = EDGE_CURVE ( 'NONE', #4593, #9588, #7333, .T. ) ;
#3541 = ORIENTED_EDGE ( 'NONE', *, *, #4197, .T. ) ;
#3542 = ORIENTED_EDGE ( 'NONE', *, *, #722, .T. ) ;
#3543 = ORIENTED_EDGE ( 'NONE', *, *, #1675, .F. ) ;
#3544 = CARTESIAN_POINT ( 'NONE',  ( 53.78088215633500369, -216.8820313402289912, -24.51798626738900211 ) ) ;
#3545 = VECTOR ( 'NONE', #5166, 1000.000000000000114 ) ;
#3546 = CARTESIAN_POINT ( 'NONE',  ( 15.78088215633499658, -205.8820313402289912, 105.9245421747346825 ) ) ;
#3547 = CARTESIAN_POINT ( 'NONE',  ( 29.78088215633500369, -290.2770313402289730, -23.81798626738900282 ) ) ;
#3548 = ADVANCED_FACE ( 'NONE', ( #297 ), #10708, .F. ) ;
#3549 = CARTESIAN_POINT ( 'NONE',  ( 25.40588215633500369, -242.4235313402290046, -26.81798626738900282 ) ) ;
#3550 = CARTESIAN_POINT ( 'NONE',  ( 58.22846836323154918, -233.0334767943454040, -35.11798626738899998 ) ) ;
#3551 = CIRCLE ( 'NONE', #3722, 2.999999999999999112 ) ;
#3552 = CARTESIAN_POINT ( 'NONE',  ( 58.59263367989178306, -285.7691552641441604, -37.92394827998032980 ) ) ;
#3553 = DIRECTION ( 'NONE',  ( -0.000000000000000000, -0.000000000000000000, -1.000000000000000000 ) ) ;
#3554 = ORIENTED_EDGE ( 'NONE', *, *, #8500, .T. ) ;
#3555 = ORIENTED_EDGE ( 'NONE', *, *, #7585, .F. ) ;
#3556 = ORIENTED_EDGE ( 'NONE', *, *, #4188, .F. ) ;
#3557 = ORIENTED_EDGE ( 'NONE', *, *, #10264, .F. ) ;
#3558 = VECTOR ( 'NONE', #9809, 1000.000000000000000 ) ;
#3559 = CARTESIAN_POINT ( 'NONE',  ( 16.15432792754601721, -235.5903951456859318, -39.55775859178594089 ) ) ;
#3560 = LINE ( 'NONE', #7676, #6513 ) ;
#3561 = FACE_OUTER_BOUND ( 'NONE', #7662, .T. ) ;
#3562 = CARTESIAN_POINT ( 'NONE',  ( 53.78088215633500369, -266.1320313402289912, -24.51798626738900211 ) ) ;
#3563 = CARTESIAN_POINT ( 'NONE',  ( 54.20726811624371777, -240.6046039016428040, -24.94437222729772685 ) ) ;
#3564 = CARTESIAN_POINT ( 'NONE',  ( 57.38088215633500511, -289.9034704378889273, -43.11798626738900708 ) ) ;
#3565 = CARTESIAN_POINT ( 'NONE',  ( 23.43088215633500226, -289.9034704378889273, -23.81798626738900282 ) ) ;
#3566 = VECTOR ( 'NONE', #649, 1000.000000000000000 ) ;
#3567 = ORIENTED_EDGE ( 'NONE', *, *, #793, .T. ) ;
#3568 = ORIENTED_EDGE ( 'NONE', *, *, #10930, .T. ) ;
#3569 = EDGE_LOOP ( 'NONE', ( #9848, #9868, #3428, #2378 ) ) ;
#3570 = DIRECTION ( 'NONE',  ( 0.000000000000000000, -1.000000000000000000, 0.000000000000000000 ) ) ;
#3571 = AXIS2_PLACEMENT_3D ( 'NONE', #5854, #10916, #5684 ) ;
#3572 = CIRCLE ( 'NONE', #5191, 1.500000000000001332 ) ;
#3573 = DIRECTION ( 'NONE',  ( 0.000000000000000000, 1.000000000000000000, 0.000000000000000000 ) ) ;
#3574 = CARTESIAN_POINT ( 'NONE',  ( 16.23330986940710119, -291.4912554881798314, -38.35713804720230513 ) ) ;
#3575 = DIRECTION ( 'NONE',  ( -0.000000000000000000, 1.000000000000000000, -0.000000000000000000 ) ) ;
#3576 = CARTESIAN_POINT ( 'NONE',  ( 20.18088215633500226, -289.9034704378889273, -43.11798626738900708 ) ) ;
#3577 = CARTESIAN_POINT ( 'NONE',  ( 23.73088215633505271, -289.9034704378889273, -23.81798626738900282 ) ) ;
#3578 = ADVANCED_FACE ( 'NONE', ( #8918 ), #2991, .F. ) ;
#3579 = AXIS2_PLACEMENT_3D ( 'NONE', #3705, #6196, #5338 ) ;
#3580 = VECTOR ( 'NONE', #8863, 1000.000000000000000 ) ;
#3581 = B_SPLINE_CURVE_WITH_KNOTS ( 'NONE', 3,
 ( #1727, #5486, #1950, #8035, #7192, #10513, #2061, #9620 ),
 .UNSPECIFIED., .F., .F.,
 ( 4, 2, 2, 4 ),
 ( 0.000000000000000000, 0.0004006699897840780306, 0.0008013399795681560613, 0.001602679959136302148 ),
 .UNSPECIFIED. ) ;
#3582 = ORIENTED_EDGE ( 'NONE', *, *, #4290, .T. ) ;
#3583 = CARTESIAN_POINT ( 'NONE',  ( 50.78088215633499658, -213.8820313402290196, -33.11798626738899998 ) ) ;
#3584 = CARTESIAN_POINT ( 'NONE',  ( 61.69588215633498862, -237.2108035506304873, -43.11798626738900708 ) ) ;
#3585 = CARTESIAN_POINT ( 'NONE',  ( 18.54588215633502202, -237.2108035506304873, -23.81798626738900282 ) ) ;
#3586 = DIRECTION ( 'NONE',  ( 0.000000000000000000, 0.000000000000000000, 1.000000000000000000 ) ) ;
#3587 = CARTESIAN_POINT ( 'NONE',  ( 53.78088215633500369, -297.1286001945092607, -38.11798626738899998 ) ) ;
#3588 = CARTESIAN_POINT ( 'NONE',  ( 58.35306802418149630, -233.0371151005144839, -38.01589839343832722 ) ) ;
#3589 = FACE_OUTER_BOUND ( 'NONE', #9283, .T. ) ;
#3590 = CIRCLE ( 'NONE', #6114, 3.250000000000002665 ) ;
#3591 = FACE_OUTER_BOUND ( 'NONE', #2941, .T. ) ;
#3592 = DIRECTION ( 'NONE',  ( 0.000000000000000000, 0.000000000000000000, -1.000000000000000000 ) ) ;
#3593 = EDGE_CURVE ( 'NONE', #1146, #1980, #3783, .T. ) ;
#3594 = ADVANCED_FACE ( 'NONE', ( #3726 ), #9862, .F. ) ;
#3595 = EDGE_CURVE ( 'NONE', #5288, #9747, #8964, .T. ) ;
#3596 = ORIENTED_EDGE ( 'NONE', *, *, #6533, .T. ) ;
#3597 = ORIENTED_EDGE ( 'NONE', *, *, #8599, .F. ) ;
#3598 = AXIS2_PLACEMENT_3D ( 'NONE', #9632, #10472, #9407 ) ;
#3599 = ORIENTED_EDGE ( 'NONE', *, *, #6014, .T. ) ;
#3600 = DIRECTION ( 'NONE',  ( 0.000000000000000000, 0.000000000000000000, 1.000000000000000000 ) ) ;
#3601 = ORIENTED_EDGE ( 'NONE', *, *, #8779, .F. ) ;
#3602 = LINE ( 'NONE', #3547, #9167 ) ;
#3603 = EDGE_CURVE ( 'NONE', #3952, #10368, #5521, .T. ) ;
#3604 = FACE_OUTER_BOUND ( 'NONE', #4414, .T. ) ;
#3605 = CARTESIAN_POINT ( 'NONE',  ( 56.78088215633500369, -244.4302408555732882, -35.11798626738899998 ) ) ;
#3606 = CONICAL_SURFACE ( 'NONE', #2164, 3.700000000000009059, 0.7853981633974503884 ) ;
#3607 = CARTESIAN_POINT ( 'NONE',  ( 61.63041631862363090, -290.0163512381790838, -40.12077323072155366 ) ) ;
#3608 = EDGE_CURVE ( 'NONE', #6502, #7714, #510, .T. ) ;
#3609 = CARTESIAN_POINT ( 'NONE',  ( 21.53321331687698859, -232.9271838689869298, -24.73946033367704089 ) ) ;
#3610 = ADVANCED_FACE ( 'NONE', ( #8397 ), #4793, .F. ) ;
#3611 = EDGE_LOOP ( 'NONE', ( #10874, #3029, #3224, #8794 ) ) ;
#3612 = EDGE_CURVE ( 'NONE', #10015, #2568, #8992, .T. ) ;
#3613 = ORIENTED_EDGE ( 'NONE', *, *, #6351, .F. ) ;
#3614 = ORIENTED_EDGE ( 'NONE', *, *, #6926, .T. ) ;
#3615 =( BOUNDED_SURFACE ( )  B_SPLINE_SURFACE ( 3, 2, ( 
 ( #9564, #4434, #1005 ),
 ( #6075, #9505, #4324 ),
 ( #7086, #3588, #7028 ),
 ( #10459, #2744, #8549 ),
 ( #7706, #6187, #1954 ),
 ( #8776, #6021, #1055 ),
 ( #48, #834, #4488 ),
 ( #3645, #10516, #2804 ),
 ( #9672, #5226, #2576 ),
 ( #105, #9449, #2631 ),
 ( #1786, #951, #4386 ),
 ( #7829, #9885, #5546 ),
 ( #5385, #7991, #10725 ),
 ( #475, #2852, #8989 ),
 ( #6450, #2173, #6289 ),
 ( #8091, #1271, #7141 ),
 ( #10568, #3912, #6395 ),
 ( #4709, #8833, #9830 ),
 ( #10784, #9727, #8147 ),
 ( #1328, #2012, #1213 ),
 ( #5607, #429, #5438 ),
 ( #8889, #1164, #4598 ),
 ( #8038, #9047, #4762 ),
 ( #7195, #8200, #10676 ),
 ( #372, #3698, #7353 ),
 ( #319, #3068, #6508 ),
 ( #3805, #3010, #267 ),
 ( #3862, #4652, #2064 ),
 ( #9944, #7252, #1109 ),
 ( #3750, #4548, #7302 ),
 ( #2959, #10621, #2115 ),
 ( #2905, #6344, #9779 ),
 ( #5489, #8934, #1544 ),
 ( #5035, #4978, #2273 ),
 ( #8421, #10162, #647 ),
 ( #701, #4131, #7638 ),
 ( #8370, #1431, #11058 ),
 ( #9098, #2385, #6564 ),
 ( #4075, #10841, #2227 ),
 ( #3124, #10893, #7517 ),
 ( #9264, #5886, #1601 ),
 ( #5663, #4029, #5832 ),
 ( #9993, #8312, #7408 ),
 ( #5715, #532, #9153 ),
 ( #2326, #7465, #6734 ),
 ( #1377, #4869, #594 ),
 ( #6613, #7576, #4813 ),
 ( #3173, #10103, #11001 ) ),
 .UNSPECIFIED., .F., .F., .F. ) 
 B_SPLINE_SURFACE_WITH_KNOTS ( ( 4, 2, 2, 2, 2, 2, 2, 2, 2, 2, 2, 2, 2, 2, 2, 2, 2, 2, 2, 2, 2, 2, 2, 4 ),
 ( 3, 3 ),
 ( 0.000000000000000000, 0.001423641918586411809, 0.002135462877879617822, 0.002847283837172823618, 0.004270925755759235644, 0.005694567674345647236, 0.007118209592932059696, 0.008541851511518471288, 0.009253672470811677084, 0.009965493430104882880, 0.01067731438939808868, 0.01103322486904469157, 0.01138913534869129447, 0.01210095630798450200, 0.01281277726727770780, 0.01423641918586411939, 0.01566006110445053098, 0.01708370302303694258, 0.01850734494162335417, 0.01921916590091655996, 0.01993098686020976576, 0.02064280781950297156, 0.02135462877879617735, 0.02277827069738258894 ),
 ( 0.000000000000000000, 1.000000000000000000 ),
 .UNSPECIFIED. ) 
 GEOMETRIC_REPRESENTATION_ITEM ( )  RATIONAL_B_SPLINE_SURFACE ( (
 ( 1.000000000000000000, 0.7071067811865443531, 1.000000000000000000),
 ( 1.000000000000000000, 0.7122618223098680090, 1.000000000000000000),
 ( 1.000000000000000000, 0.7225911502215622839, 1.000000000000000000),
 ( 1.000000000000000000, 0.7431388285364997071, 1.000000000000000000),
 ( 1.000000000000000000, 0.7508879557529836157, 1.000000000000000000),
 ( 1.000000000000000000, 0.7672399568436657491, 1.000000000000000000),
 ( 1.000000000000000000, 0.7758592344392134521, 1.000000000000000000),
 ( 1.000000000000000000, 0.8024134722782616524, 1.000000000000000000),
 ( 1.000000000000000000, 0.8211676486494028371, 1.000000000000000000),
 ( 1.000000000000000000, 0.8568971478376652406, 1.000000000000000000),
 ( 1.000000000000000000, 0.8740180576270253354, 1.000000000000000000),
 ( 1.000000000000000000, 0.9057291253372109496, 1.000000000000000000),
 ( 1.000000000000000000, 0.9203883287840927130, 1.000000000000000000),
 ( 1.000000000000000000, 0.9458950894762531147, 1.000000000000000000),
 ( 1.000000000000000000, 0.9568623966363524191, 1.000000000000000000),
 ( 1.000000000000000000, 0.9705519267866047350, 1.000000000000000000),
 ( 1.000000000000000000, 0.9746547537767887848, 1.000000000000000000),
 ( 1.000000000000000000, 0.9819146665870183144, 1.000000000000000000),
 ( 1.000000000000000000, 0.9850730731909435045, 1.000000000000000000),
 ( 1.000000000000000000, 0.9903912266748561288, 1.000000000000000000),
 ( 1.000000000000000000, 0.9925501177102260542, 1.000000000000000000),
 ( 1.000000000000000000, 0.9948435902770643713, 1.000000000000000000),
 ( 1.000000000000000000, 0.9954547724814100107, 1.000000000000000000),
 ( 1.000000000000000000, 0.9962685918788587447, 1.000000000000000000),
 ( 1.000000000000000000, 0.9964757563760187065, 1.000000000000000000),
 ( 1.000000000000000000, 0.9963979365631088214, 1.000000000000000000),
 ( 1.000000000000000000, 0.9954125941224768459, 1.000000000000000000),
 ( 1.000000000000000000, 0.9922468942311311046, 1.000000000000000000),
 ( 1.000000000000000000, 0.9900590360185164140, 1.000000000000000000),
 ( 1.000000000000000000, 0.9819538846637884122, 1.000000000000000000),
 ( 1.000000000000000000, 0.9745843678194261450, 1.000000000000000000),
 ( 1.000000000000000000, 0.9562087326838117907, 1.000000000000000000),
 ( 1.000000000000000000, 0.9451899502690115362, 1.000000000000000000),
 ( 1.000000000000000000, 0.9196006787822703643, 1.000000000000000000),
 ( 1.000000000000000000, 0.9049528898661882703, 1.000000000000000000),
 ( 1.000000000000000000, 0.8733117268120413890, 1.000000000000000000),
 ( 1.000000000000000000, 0.8562285303723788932, 1.000000000000000000),
 ( 1.000000000000000000, 0.8294760506531615452, 1.000000000000000000),
 ( 1.000000000000000000, 0.8203260754764064577, 1.000000000000000000),
 ( 1.000000000000000000, 0.8021350580457923263, 1.000000000000000000),
 ( 1.000000000000000000, 0.7931119643205839509, 1.000000000000000000),
 ( 1.000000000000000000, 0.7755315416734820388, 1.000000000000000000),
 ( 1.000000000000000000, 0.7669730650807027317, 1.000000000000000000),
 ( 1.000000000000000000, 0.7507355597788214485, 1.000000000000000000),
 ( 1.000000000000000000, 0.7430166158913175112, 1.000000000000000000),
 ( 1.000000000000000000, 0.7225223950893707725, 1.000000000000000000),
 ( 1.000000000000000000, 0.7122412521750803860, 1.000000000000000000),
 ( 1.000000000000000000, 0.7071067811865475727, 1.000000000000000000) ) ) 
 REPRESENTATION_ITEM ( '' )  SURFACE ( )  );
#3616 = ORIENTED_EDGE ( 'NONE', *, *, #9036, .F. ) ;
#3617 = VECTOR ( 'NONE', #645, 1000.000000000000000 ) ;
#3618 = CARTESIAN_POINT ( 'NONE',  ( 17.99451652056125894, -230.5653691967397663, -38.22075644454674404 ) ) ;
#3619 = FACE_OUTER_BOUND ( 'NONE', #8364, .T. ) ;
#3620 = DIRECTION ( 'NONE',  ( 0.000000000000000000, 0.000000000000000000, 1.000000000000000000 ) ) ;
#3621 = DIRECTION ( 'NONE',  ( 0.000000000000000000, 0.000000000000000000, -1.000000000000000000 ) ) ;
#3622 = LINE ( 'NONE', #80, #4647 ) ;
#3623 = CARTESIAN_POINT ( 'NONE',  ( 48.28088215633500369, -223.3820313402289912, -38.11798626738899998 ) ) ;
#3624 = CARTESIAN_POINT ( 'NONE',  ( 26.90588215633500369, -315.3820313402289912, -38.11798626738899998 ) ) ;
#3625 = EDGE_CURVE ( 'NONE', #7497, #5174, #9537, .T. ) ;
#3626 = VERTEX_POINT ( 'NONE', #10924 ) ;
#3627 = ORIENTED_EDGE ( 'NONE', *, *, #2787, .T. ) ;
#3628 = ORIENTED_EDGE ( 'NONE', *, *, #5856, .T. ) ;
#3629 = DIRECTION ( 'NONE',  ( -0.000000000000000000, -1.000000000000000000, -0.000000000000000000 ) ) ;
#3630 = VECTOR ( 'NONE', #306, 1000.000000000000000 ) ;
#3631 = FACE_OUTER_BOUND ( 'NONE', #6702, .T. ) ;
#3632 = CARTESIAN_POINT ( 'NONE',  ( 18.32138638773272632, -293.7280309523919755, -35.38054188535733857 ) ) ;
#3633 = LINE ( 'NONE', #2792, #8351 ) ;
#3634 = DIRECTION ( 'NONE',  ( 0.000000000000000000, 0.000000000000000000, 1.000000000000000000 ) ) ;
#3635 = DIRECTION ( 'NONE',  ( 0.000000000000000000, 0.000000000000000000, -1.000000000000000000 ) ) ;
#3636 = PRESENTATION_LAYER_ASSIGNMENT (  '', '', ( #2366 ) ) ;
#3637 = VECTOR ( 'NONE', #6830, 1000.000000000000000 ) ;
#3638 = ORIENTED_EDGE ( 'NONE', *, *, #1573, .F. ) ;
#3639 = CIRCLE ( 'NONE', #5809, 1.000000000000000888 ) ;
#3640 = CARTESIAN_POINT ( 'NONE',  ( 43.78088215633500369, -218.8820313402289912, -34.71798626738900140 ) ) ;
#3641 = LINE ( 'NONE', #5221, #10727 ) ;
#3642 = CARTESIAN_POINT ( 'NONE',  ( 53.78088215633500369, -266.1320313402289912, -33.11798626738899998 ) ) ;
#3643 = DIRECTION ( 'NONE',  ( 0.000000000000000000, 0.000000000000000000, -1.000000000000000000 ) ) ;
#3644 = CARTESIAN_POINT ( 'NONE',  ( 25.40588215633500369, -228.7425313402290215, -26.81798626738900282 ) ) ;
#3645 = CARTESIAN_POINT ( 'NONE',  ( 60.25500583157428025, -231.3446164149098649, -38.49700916013994600 ) ) ;
#3646 = CIRCLE ( 'NONE', #9221, 3.000000000000002665 ) ;
#3647 = DIRECTION ( 'NONE',  ( 0.000000000000000000, -1.000000000000000000, 0.000000000000000000 ) ) ;
#3648 = DIRECTION ( 'NONE',  ( 0.000000000000000000, 1.000000000000000000, -0.000000000000000000 ) ) ;
#3649 = DIRECTION ( 'NONE',  ( 1.000000000000000000, 0.000000000000000000, 0.000000000000000000 ) ) ;
#3650 = ADVANCED_FACE ( 'NONE', ( #5808 ), #3207, .F. ) ;
#3651 = VECTOR ( 'NONE', #2202, 1000.000000000000000 ) ;
#3652 = EDGE_LOOP ( 'NONE', ( #9011, #6433, #7844, #10371 ) ) ;
#3653 = ORIENTED_EDGE ( 'NONE', *, *, #3176, .T. ) ;
#3654 = VECTOR ( 'NONE', #8610, 1000.000000000000000 ) ;
#3655 = VERTEX_POINT ( 'NONE', #11039 ) ;
#3656 = DIRECTION ( 'NONE',  ( 0.000000000000000000, 0.000000000000000000, 1.000000000000000000 ) ) ;
#3657 = VERTEX_POINT ( 'NONE', #3268 ) ;
#3658 = DIRECTION ( 'NONE',  ( 0.000000000000000000, 0.000000000000000000, 1.000000000000000000 ) ) ;
#3659 = EDGE_CURVE ( 'NONE', #11107, #3718, #10247, .T. ) ;
#3660 = DIRECTION ( 'NONE',  ( 1.000000000000000000, 0.000000000000000000, 0.000000000000000000 ) ) ;
#3661 = CONICAL_SURFACE ( 'NONE', #5634, 4.250000000000003553, 0.7853981633974477239 ) ;
#3662 = CARTESIAN_POINT ( 'NONE',  ( 61.70606904907795354, -289.8130217078892770, -40.45219159948833720 ) ) ;
#3663 = DIRECTION ( 'NONE',  ( 1.000000000000000000, 0.000000000000000000, -0.000000000000000000 ) ) ;
#3664 = ORIENTED_EDGE ( 'NONE', *, *, #3732, .F. ) ;
#3665 = EDGE_CURVE ( 'NONE', #2568, #10015, #5911, .T. ) ;
#3666 = ORIENTED_EDGE ( 'NONE', *, *, #433, .F. ) ;
#3667 = ORIENTED_EDGE ( 'NONE', *, *, #5677, .F. ) ;
#3668 = ORIENTED_EDGE ( 'NONE', *, *, #4563, .F. ) ;
#3670 = ORIENTED_EDGE ( 'NONE', *, *, #1516, .F. ) ;
#3669 = CIRCLE ( 'NONE', #6192, 6.000000000000001776 ) ;
#3671 = DIRECTION ( 'NONE',  ( 0.000000000000000000, 0.000000000000000000, -1.000000000000000000 ) ) ;
#3672 = ADVANCED_FACE ( 'NONE', ( #10025 ), #6711, .F. ) ;
#3673 = CARTESIAN_POINT ( 'NONE',  ( 17.14532309907612273, -231.6078972789221098, -38.60107440996839046 ) ) ;
#3674 = EDGE_CURVE ( 'NONE', #5626, #2308, #5100, .T. ) ;
#3675 = CARTESIAN_POINT ( 'NONE',  ( 23.12735624923069011, -241.3485636447990998, -25.29651217449331924 ) ) ;
#3676 = EDGE_CURVE ( 'NONE', #9586, #8352, #6651, .T. ) ;
#3677 = CARTESIAN_POINT ( 'NONE',  ( 32.40588215633500369, -228.7425313402290215, -33.11798626738899998 ) ) ;
#3678 = DIRECTION ( 'NONE',  ( 1.000000000000000000, 1.822188525185719948E-16, 0.000000000000000000 ) ) ;
#3679 = DIRECTION ( 'NONE',  ( -1.000000000000000000, 0.000000000000000000, 0.000000000000000000 ) ) ;
#3680 = DIRECTION ( 'NONE',  ( -0.7071067811865480168, 0.000000000000000000, 0.7071067811865470176 ) ) ;
#3681 = ORIENTED_EDGE ( 'NONE', *, *, #1052, .T. ) ;
#3682 = ORIENTED_EDGE ( 'NONE', *, *, #11097, .T. ) ;
#3683 = ORIENTED_EDGE ( 'NONE', *, *, #8145, .F. ) ;
#3684 = DIRECTION ( 'NONE',  ( 0.000000000000000000, 1.000000000000000000, 0.000000000000000000 ) ) ;
#3685 = EDGE_CURVE ( 'NONE', #4840, #4456, #2307, .T. ) ;
#3686 = FACE_OUTER_BOUND ( 'NONE', #10720, .T. ) ;
#3687 = CARTESIAN_POINT ( 'NONE',  ( 24.21650804411795121, -220.8969951171307002, -24.20732682196302221 ) ) ;
#3688 = CARTESIAN_POINT ( 'NONE',  ( 28.90588215633500013, -256.1045313402289594, -26.81798626738900282 ) ) ;
#3689 = FACE_OUTER_BOUND ( 'NONE', #6796, .T. ) ;
#3690 = CARTESIAN_POINT ( 'NONE',  ( 32.40588215633500369, -227.2425313402290215, 223.6996348679430184 ) ) ;
#3691 = ORIENTED_EDGE ( 'NONE', *, *, #8630, .T. ) ;
#3692 = ORIENTED_EDGE ( 'NONE', *, *, #2493, .F. ) ;
#3693 = DIRECTION ( 'NONE',  ( 0.000000000000000000, -1.000000000000000000, 0.000000000000000000 ) ) ;
#3694 = DIRECTION ( 'NONE',  ( -0.000000000000000000, -0.000000000000000000, -1.000000000000000000 ) ) ;
#3695 = FACE_OUTER_BOUND ( 'NONE', #6843, .T. ) ;
#3696 = CARTESIAN_POINT ( 'NONE',  ( 19.31286705272491133, -285.7427762322317335, -38.07440690541751138 ) ) ;
#3697 = FACE_OUTER_BOUND ( 'NONE', #5826, .T. ) ;
#3698 = CARTESIAN_POINT ( 'NONE',  ( 61.69619357837360951, -237.1319511039058341, -40.36636694622379196 ) ) ;
#3699 = FACE_OUTER_BOUND ( 'NONE', #8950, .T. ) ;
#3700 = DIRECTION ( 'NONE',  ( 0.000000000000000000, 0.000000000000000000, 1.000000000000000000 ) ) ;
#3701 = CARTESIAN_POINT ( 'NONE',  ( 28.90588215633500013, -278.8839849422990937, -38.11798626738899998 ) ) ;
#3702 = VERTEX_POINT ( 'NONE', #6765 ) ;
#3703 = ORIENTED_EDGE ( 'NONE', *, *, #9125, .T. ) ;
#3704 = ORIENTED_EDGE ( 'NONE', *, *, #10687, .T. ) ;
#3705 = CARTESIAN_POINT ( 'NONE',  ( 53.78088215633500369, -205.8820313402289912, -38.11798626738899287 ) ) ;
#3706 = ORIENTED_EDGE ( 'NONE', *, *, #10396, .F. ) ;
#3707 = CARTESIAN_POINT ( 'NONE',  ( 44.93088215633500226, -238.5330313402290301, -23.81798626738900282 ) ) ;
#3708 = VECTOR ( 'NONE', #2237, 1000.000000000000000 ) ;
#3709 = EDGE_CURVE ( 'NONE', #8558, #260, #10192, .T. ) ;
#3710 = DIRECTION ( 'NONE',  ( 1.000000000000000000, 0.000000000000000000, 0.000000000000000000 ) ) ;
#3711 = CARTESIAN_POINT ( 'NONE',  ( 61.33992297420279272, -288.2957351531996437, -39.44622881649664947 ) ) ;
#3712 = VERTEX_POINT ( 'NONE', #2472 ) ;
#3713 = VECTOR ( 'NONE', #25, 1000.000000000000000 ) ;
#3714 = VERTEX_POINT ( 'NONE', #7389 ) ;
#3715 = ORIENTED_EDGE ( 'NONE', *, *, #7383, .T. ) ;
#3716 = EDGE_CURVE ( 'NONE', #1022, #7134, #10817, .T. ) ;
#3717 = ORIENTED_EDGE ( 'NONE', *, *, #8971, .F. ) ;
#3718 = VERTEX_POINT ( 'NONE', #2254 ) ;
#3719 = DIRECTION ( 'NONE',  ( -0.000000000000000000, -0.000000000000000000, -1.000000000000000000 ) ) ;
#3720 = CARTESIAN_POINT ( 'NONE',  ( 16.60997308760386204, -234.7973630342143281, -37.30432450215438678 ) ) ;
#3721 = CARTESIAN_POINT ( 'NONE',  ( 24.20088215633500894, -237.6626037840531183, -24.22298626738898619 ) ) ;
#3722 = AXIS2_PLACEMENT_3D ( 'NONE', #127, #7004, #4351 ) ;
#3723 = LINE ( 'NONE', #2879, #6980 ) ;
#3724 = CARTESIAN_POINT ( 'NONE',  ( 61.78088215633500369, -326.3820313402290481, -43.61798626738902840 ) ) ;
#3725 = CARTESIAN_POINT ( 'NONE',  ( 18.78088215633500013, -205.8820313402289912, -41.11798626738899287 ) ) ;
#3726 = FACE_OUTER_BOUND ( 'NONE', #7156, .T. ) ;
#3727 = EDGE_CURVE ( 'NONE', #9090, #10002, #2483, .T. ) ;
#3728 = VERTEX_POINT ( 'NONE', #4849 ) ;
#3729 = ORIENTED_EDGE ( 'NONE', *, *, #3849, .T. ) ;
#3730 = EDGE_CURVE ( 'NONE', #10304, #795, #8292, .T. ) ;
#3732 = EDGE_CURVE ( 'NONE', #7431, #7066, #10084, .T. ) ;
#3731 = EDGE_LOOP ( 'NONE', ( #7373, #513, #10225, #8098 ) ) ;
#3733 = VECTOR ( 'NONE', #7440, 1000.000000000000000 ) ;
#3734 = DIRECTION ( 'NONE',  ( -0.7071067811865475727, -1.752335333352430122E-16, 0.7071067811865475727 ) ) ;
#3735 = ADVANCED_FACE ( 'NONE', ( #1810 ), #8, .F. ) ;
#3736 = DIRECTION ( 'NONE',  ( 0.000000000000000000, -1.000000000000000000, 0.000000000000000000 ) ) ;
#3737 = DIRECTION ( 'NONE',  ( 0.000000000000000000, 0.000000000000000000, 1.000000000000000000 ) ) ;
#3738 = CARTESIAN_POINT ( 'NONE',  ( 44.93088215633500226, -248.5140313402289962, -26.81798626738900282 ) ) ;
#3739 = VECTOR ( 'NONE', #11117, 1000.000000000000000 ) ;
#3740 = CARTESIAN_POINT ( 'NONE',  ( 15.88583827894347600, -238.5939936669046233, -40.32409495089189022 ) ) ;
#3741 = LINE ( 'NONE', #5428, #9037 ) ;
#3742 = ORIENTED_EDGE ( 'NONE', *, *, #10742, .F. ) ;
#3743 = EDGE_CURVE ( 'NONE', #6067, #2845, #7922, .T. ) ;
#3744 = ORIENTED_EDGE ( 'NONE', *, *, #4566, .F. ) ;
#3745 = DIRECTION ( 'NONE',  ( 0.000000000000000000, 0.000000000000000000, -1.000000000000000000 ) ) ;
#3746 = AXIS2_PLACEMENT_3D ( 'NONE', #1941, #3465, #994 ) ;
#3747 = CARTESIAN_POINT ( 'NONE',  ( 26.90588215633500369, -216.8820313402289912, -23.81798626738900282 ) ) ;
#3748 = CARTESIAN_POINT ( 'NONE',  ( 28.90588215633500013, -283.4665313402289826, -26.81798626738900282 ) ) ;
#3749 = DIRECTION ( 'NONE',  ( 1.000000000000000000, 0.000000000000000000, 0.000000000000000000 ) ) ;
#3750 = CARTESIAN_POINT ( 'NONE',  ( 61.64230365926301403, -238.9155238394115486, -40.20615335656627565 ) ) ;
#3751 = LINE ( 'NONE', #8890, #4564 ) ;
#3752 = DIRECTION ( 'NONE',  ( 0.000000000000000000, -1.000000000000000000, 0.000000000000000000 ) ) ;
#3753 = AXIS2_PLACEMENT_3D ( 'NONE', #6301, #8844, #2968 ) ;
#3754 = APPLICATION_CONTEXT ( 'automotive_design' ) ;
#3755 = VECTOR ( 'NONE', #10991, 1000.000000000000000 ) ;
#3756 = CARTESIAN_POINT ( 'NONE',  ( 57.02915801840396881, -294.1388913297008116, -43.11798626738900708 ) ) ;
#3757 = VERTEX_POINT ( 'NONE', #10367 ) ;
#3758 = ORIENTED_EDGE ( 'NONE', *, *, #1384, .T. ) ;
#3759 = ORIENTED_EDGE ( 'NONE', *, *, #8767, .F. ) ;
#3760 = CARTESIAN_POINT ( 'NONE',  ( 61.62848384778387612, -289.7424654643205031, -39.76658548270398086 ) ) ;
#3761 = ORIENTED_EDGE ( 'NONE', *, *, #9853, .T. ) ;
#3762 = DIRECTION ( 'NONE',  ( -1.000000000000000000, 0.000000000000000000, 0.000000000000000000 ) ) ;
#3763 = AXIS2_PLACEMENT_3D ( 'NONE', #5274, #8720, #3299 ) ;
#3764 = VECTOR ( 'NONE', #5117, 1000.000000000000114 ) ;
#3765 = CYLINDRICAL_SURFACE ( 'NONE', #9769, 3.000000000000002665 ) ;
#3766 = CARTESIAN_POINT ( 'NONE',  ( 61.69385265095243653, -290.5036131986069563, -40.40030140609164988 ) ) ;
#3767 = AXIS2_PLACEMENT_3D ( 'NONE', #2088, #5511, #1981 ) ;
#3768 = ORIENTED_EDGE ( 'NONE', *, *, #7182, .F. ) ;
#3769 = VECTOR ( 'NONE', #10571, 1000.000000000000000 ) ;
#3770 = ORIENTED_EDGE ( 'NONE', *, *, #6633, .T. ) ;
#3771 = ORIENTED_EDGE ( 'NONE', *, *, #4957, .T. ) ;
#3772 = ADVANCED_FACE ( 'NONE', ( #6037 ), #3377, .F. ) ;
#3773 = ORIENTED_EDGE ( 'NONE', *, *, #5055, .F. ) ;
#3774 = ORIENTED_EDGE ( 'NONE', *, *, #2799, .F. ) ;
#3775 = DIRECTION ( 'NONE',  ( 1.000000000000000000, 0.000000000000000000, 0.000000000000000000 ) ) ;
#3776 = CARTESIAN_POINT ( 'NONE',  ( 46.85588215633499942, -316.8820313402290481, -33.11798626738899998 ) ) ;
#3777 = AXIS2_PLACEMENT_3D ( 'NONE', #4990, #8325, #9222 ) ;
#3778 = CARTESIAN_POINT ( 'NONE',  ( 38.78088215633500369, -285.8570313402290139, -26.81798626738900282 ) ) ;
#3779 = FACE_OUTER_BOUND ( 'NONE', #2350, .T. ) ;
#3780 = EDGE_CURVE ( 'NONE', #9417, #10356, #9468, .T. ) ;
#3781 = CARTESIAN_POINT ( 'NONE',  ( 53.78088215633501790, -243.4761437070304737, -24.51798626738900566 ) ) ;
#3782 = CARTESIAN_POINT ( 'NONE',  ( 29.78088215633500369, -290.2770313402289730, -26.81798626738900282 ) ) ;
#3783 = LINE ( 'NONE', #9079, #6122 ) ;
#3784 = ORIENTED_EDGE ( 'NONE', *, *, #9245, .T. ) ;
#3785 = ORIENTED_EDGE ( 'NONE', *, *, #6559, .F. ) ;
#3786 = EDGE_CURVE ( 'NONE', #9055, #5996, #7898, .T. ) ;
#3787 = ORIENTED_EDGE ( 'NONE', *, *, #7786, .T. ) ;
#3788 = CARTESIAN_POINT ( 'NONE',  ( 19.33329594943844754, -241.3881303069155422, -35.11798626738899998 ) ) ;
#3789 = DIRECTION ( 'NONE',  ( 0.000000000000000000, 1.000000000000000000, 0.000000000000000000 ) ) ;
#3790 = CARTESIAN_POINT ( 'NONE',  ( 24.60588215633500297, -220.8820313402289912, -23.81798626738900282 ) ) ;
#3792 = EDGE_CURVE ( 'NONE', #1304, #5288, #5937, .T. ) ;
#3791 = AXIS2_PLACEMENT_3D ( 'NONE', #7592, #2249, #8958 ) ;
#3793 = CARTESIAN_POINT ( 'NONE',  ( 32.63088215633499800, -272.1760313402289739, -24.31798626738900282 ) ) ;
#3794 = CARTESIAN_POINT ( 'NONE',  ( 17.06358552867346745, -242.6909247872206947, -38.64866849139811933 ) ) ;
#3795 = CYLINDRICAL_SURFACE ( 'NONE', #8143, 4.250000000000000000 ) ;
#3796 = ORIENTED_EDGE ( 'NONE', *, *, #5883, .F. ) ;
#3797 = ADVANCED_FACE ( 'NONE', ( #8628 ), #9414, .F. ) ;
#3798 = AXIS2_PLACEMENT_3D ( 'NONE', #4074, #646, #7516 ) ;
#3799 = ORIENTED_EDGE ( 'NONE', *, *, #6088, .F. ) ;
#3800 = DIRECTION ( 'NONE',  ( 0.000000000000000000, 0.000000000000000000, -1.000000000000000000 ) ) ;
#3801 = FACE_OUTER_BOUND ( 'NONE', #5300, .T. ) ;
#3802 = CARTESIAN_POINT ( 'NONE',  ( 29.90588215633500369, -278.8839849422990937, -34.71798626738900140 ) ) ;
#3803 = EDGE_CURVE ( 'NONE', #8530, #4889, #6094, .T. ) ;
#3804 = LINE ( 'NONE', #4547, #4352 ) ;
#3805 = CARTESIAN_POINT ( 'NONE',  ( 61.73154219954025734, -237.7048428270748559, -40.57358495714797186 ) ) ;
#3806 = EDGE_CURVE ( 'NONE', #3813, #841, #1637, .T. ) ;
#3807 = DIRECTION ( 'NONE',  ( 1.000000000000000000, -0.000000000000000000, -0.000000000000000000 ) ) ;
#3808 = EDGE_CURVE ( 'NONE', #9544, #7777, #5980, .T. ) ;
#3809 = DIRECTION ( 'NONE',  ( 1.000000000000000000, 0.000000000000000000, 0.000000000000000000 ) ) ;
#3810 = DIRECTION ( 'NONE',  ( 1.000000000000000000, 0.000000000000000000, 0.000000000000000000 ) ) ;
#3811 = VECTOR ( 'NONE', #10390, 1000.000000000000000 ) ;
#3812 = CARTESIAN_POINT ( 'NONE',  ( 57.38088215633500511, -289.9034704378889273, -33.11798626738899998 ) ) ;
#3813 = VERTEX_POINT ( 'NONE', #856 ) ;
#3814 = VERTEX_POINT ( 'NONE', #4279 ) ;
#3815 = ORIENTED_EDGE ( 'NONE', *, *, #10080, .F. ) ;
#3816 = CARTESIAN_POINT ( 'NONE',  ( 61.24053409481243904, -288.1126129551631720, -38.08285752166487725 ) ) ;
#3817 = AXIS2_PLACEMENT_3D ( 'NONE', #9212, #4982, #7356 ) ;
#3818 = CARTESIAN_POINT ( 'NONE',  ( 20.90588215633500369, -229.9909074294941149, -33.11798626738899998 ) ) ;
#3819 = AXIS2_PLACEMENT_3D ( 'NONE', #2010, #5278, #5436 ) ;
#3820 = CARTESIAN_POINT ( 'NONE',  ( 29.65588215633500369, -250.7370313402290094, -23.81798626738900282 ) ) ;
#3821 = CARTESIAN_POINT ( 'NONE',  ( 60.76088215633501477, -289.9034704378889273, -27.21798626738900140 ) ) ;
#3822 = ADVANCED_FACE ( 'NONE', ( #2596 ), #670, .T. ) ;
#3823 = DIRECTION ( 'NONE',  ( -0.000000000000000000, -0.000000000000000000, -1.000000000000000000 ) ) ;
#3824 = CARTESIAN_POINT ( 'NONE',  ( 61.07011246964837881, -285.7834843968900600, -39.17131813986729583 ) ) ;
#3825 = CIRCLE ( 'NONE', #2741, 4.250000000000010658 ) ;
#3826 = AXIS2_PLACEMENT_3D ( 'NONE', #1082, #7165, #7281 ) ;
#3827 = VERTEX_POINT ( 'NONE', #1455 ) ;
#3828 = ORIENTED_EDGE ( 'NONE', *, *, #10823, .F. ) ;
#3829 = ORIENTED_EDGE ( 'NONE', *, *, #8708, .T. ) ;
#3830 = ORIENTED_EDGE ( 'NONE', *, *, #10411, .F. ) ;
#3831 = ORIENTED_EDGE ( 'NONE', *, *, #2536, .T. ) ;
#3832 = CARTESIAN_POINT ( 'NONE',  ( 44.93088215633500226, -289.5570313402290594, -23.81798626738900282 ) ) ;
#3833 = DIRECTION ( 'NONE',  ( 0.000000000000000000, -1.000000000000000000, 0.000000000000000000 ) ) ;
#3834 = VECTOR ( 'NONE', #330, 1000.000000000000000 ) ;
#3835 = PLANE ( 'NONE',  #3826 ) ;
#3836 = DIRECTION ( 'NONE',  ( 1.000000000000000000, 0.000000000000000000, 0.000000000000000000 ) ) ;
#3837 = DIRECTION ( 'NONE',  ( 0.000000000000000000, -1.000000000000000000, 0.000000000000000000 ) ) ;
#3838 = CARTESIAN_POINT ( 'NONE',  ( 20.18088215633500226, -289.9034704378889273, -33.11798626738899998 ) ) ;
#3839 = AXIS2_PLACEMENT_3D ( 'NONE', #66, #8684, #6093 ) ;
#3840 = VERTEX_POINT ( 'NONE', #10972 ) ;
#3841 = EDGE_LOOP ( 'NONE', ( #5922, #8557, #9295, #1512 ) ) ;
#3842 = VECTOR ( 'NONE', #9209, 1000.000000000000000 ) ;
#3843 = ORIENTED_EDGE ( 'NONE', *, *, #6399, .F. ) ;
#3844 = CARTESIAN_POINT ( 'NONE',  ( 18.78088215633500013, -244.3368315466462093, -38.11798626738899998 ) ) ;
#3845 =( GEOMETRIC_REPRESENTATION_CONTEXT ( 3 ) GLOBAL_UNCERTAINTY_ASSIGNED_CONTEXT ( ( #10748 ) ) GLOBAL_UNIT_ASSIGNED_CONTEXT ( ( #5158, #4196, #8716 ) ) REPRESENTATION_CONTEXT ( 'NONE', 'WORKASPACE' ) );
#3846 = CARTESIAN_POINT ( 'NONE',  ( 25.40588215633500369, -275.8760313402289626, 223.6996348679430184 ) ) ;
#3847 = DIRECTION ( 'NONE',  ( 0.000000000000000000, 0.000000000000000000, -1.000000000000000000 ) ) ;
#3848 = AXIS2_PLACEMENT_3D ( 'NONE', #9983, #8301, #7237 ) ;
#3849 = EDGE_CURVE ( 'NONE', #1440, #7120, #2352, .T. ) ;
#3850 = CARTESIAN_POINT ( 'NONE',  ( 47.35588215633499942, -300.9000313402290203, -23.81798626738900282 ) ) ;
#3851 = DIRECTION ( 'NONE',  ( 0.000000000000000000, 0.000000000000000000, -1.000000000000000000 ) ) ;
#3852 = CARTESIAN_POINT ( 'NONE',  ( 47.35588215633499942, -317.6820313402290026, -23.81798626738900282 ) ) ;
#3853 = ORIENTED_EDGE ( 'NONE', *, *, #4984, .F. ) ;
#3854 = EDGE_CURVE ( 'NONE', #1424, #9967, #5003, .T. ) ;
#3855 = EDGE_LOOP ( 'NONE', ( #6728, #986, #7038, #9279, #1853, #10562, #110, #10499, #9556, #1576, #10195, #2435, #4267, #9631, #2737, #752, #1667, #11052, #3557 ) ) ;
#3856 = CARTESIAN_POINT ( 'NONE',  ( 36.84338215633500369, -218.8820313402289912, -38.11798626738899998 ) ) ;
#3857 = B_SPLINE_CURVE_WITH_KNOTS ( 'NONE', 3,
 ( #1714, #8475, #3286, #6787, #759, #5032, #6115, #5093, #6732, #3518, #9548, #6958, #2497, #7753, #10160, #5264, #7636, #87, #4367, #2438, #875, #9316, #10215, #11056, #11111, #5884, #8534, #2616, #3343, #9374, #821, #1599, #4245, #6056, #7690, #8707, #3402, #32, #6847, #5151, #1770, #8590, #9488, #4306, #3460, #6904, #10334, #5209, #9817, #3788 ),
 .UNSPECIFIED., .F., .F.,
 ( 4, 2, 2, 2, 2, 2, 2, 2, 2, 2, 2, 2, 2, 2, 2, 2, 2, 2, 2, 2, 2, 2, 2, 2, 4 ),
 ( 0.000000000000000000, 0.0004941342497066895934, 0.0009882684994133791867, 0.001976536998826728016, 0.002964805498240076845, 0.003953073997653425674, 0.004941342497066774503, 0.005929610996480122465, 0.006917879495893471294, 0.007412013745600146142, 0.007659080870453514357, 0.007906147995306882573, 0.008153215120160251655, 0.008400282245013620738, 0.008894416494720371047, 0.009882684994133854317, 0.01087095349354733759, 0.01185922199296082259, 0.01284749049237430586, 0.01334162474208105270, 0.01383575899178779954, 0.01432989324149454465, 0.01482402749120128975, 0.01531816174090803659, 0.01581229599061478169 ),
 .UNSPECIFIED. ) ;
#3858 = FACE_OUTER_BOUND ( 'NONE', #8006, .T. ) ;
#3859 = CIRCLE ( 'NONE', #2070, 3.699999999999991296 ) ;
#3860 = CARTESIAN_POINT ( 'NONE',  ( 22.71258879559085742, -285.0847668670236885, -25.71127962813314838 ) ) ;
#3861 = DIRECTION ( 'NONE',  ( 0.000000000000000000, 0.000000000000000000, -1.000000000000000000 ) ) ;
#3862 = CARTESIAN_POINT ( 'NONE',  ( 61.71064117232071311, -238.1312999580962071, -40.47046824801758191 ) ) ;
#3863 = CARTESIAN_POINT ( 'NONE',  ( 38.84338215633500369, -285.3570313402290139, -23.81798626738900282 ) ) ;
#3864 = CARTESIAN_POINT ( 'NONE',  ( 53.52088215633504120, -289.9034704378889273, -24.25798626738903607 ) ) ;
#3865 = DIRECTION ( 'NONE',  ( 0.000000000000000000, 0.000000000000000000, 1.000000000000000000 ) ) ;
#3866 = DIRECTION ( 'NONE',  ( 0.000000000000000000, 0.000000000000000000, 1.000000000000000000 ) ) ;
#3867 = EDGE_CURVE ( 'NONE', #2533, #2549, #730, .T. ) ;
#3868 = ORIENTED_EDGE ( 'NONE', *, *, #3916, .T. ) ;
#3869 = EDGE_CURVE ( 'NONE', #8661, #9747, #7374, .T. ) ;
#3870 = ORIENTED_EDGE ( 'NONE', *, *, #5115, .F. ) ;
#3871 = EDGE_CURVE ( 'NONE', #2568, #2020, #10807, .T. ) ;
#3872 = CARTESIAN_POINT ( 'NONE',  ( 47.78088215633500369, -257.3820313402290481, -34.71798626738900140 ) ) ;
#3873 = CARTESIAN_POINT ( 'NONE',  ( 45.43088215633500937, -293.2570313402289912, -23.81798626738900282 ) ) ;
#3874 = DIRECTION ( 'NONE',  ( 1.000000000000000000, 0.000000000000000000, -0.000000000000000000 ) ) ;
#3875 = FACE_OUTER_BOUND ( 'NONE', #2336, .T. ) ;
#3876 = EDGE_CURVE ( 'NONE', #8305, #9934, #11028, .T. ) ;
#3877 = CARTESIAN_POINT ( 'NONE',  ( 30.20588215633500440, -300.9000313402290203, -23.81798626738900282 ) ) ;
#3878 = CARTESIAN_POINT ( 'NONE',  ( 60.59868587743829238, -292.6891928453152900, -36.71377663369734279 ) ) ;
#3879 = VERTEX_POINT ( 'NONE', #9122 ) ;
#3880 = EDGE_LOOP ( 'NONE', ( #7943, #121, #2614, #3183 ) ) ;
#3881 = ORIENTED_EDGE ( 'NONE', *, *, #2566, .F. ) ;
#3882 = UNCERTAINTY_MEASURE_WITH_UNIT (LENGTH_MEASURE( 1.000000000000000082E-05 ), #5217, 'distance_accuracy_value', 'NONE');
#3883 = ORIENTED_EDGE ( 'NONE', *, *, #9051, .T. ) ;
#3884 = EDGE_CURVE ( 'NONE', #7122, #2034, #4157, .T. ) ;
#3885 = VERTEX_POINT ( 'NONE', #1565 ) ;
#3886 = DIRECTION ( 'NONE',  ( 1.000000000000000000, 0.000000000000000000, -0.000000000000000000 ) ) ;
#3887 = CARTESIAN_POINT ( 'NONE',  ( 20.60588215633500653, -294.1321670455920980, -33.11798626738899998 ) ) ;
#3888 = CYLINDRICAL_SURFACE ( 'NONE', #6708, 4.250000000000003553 ) ;
#3889 = CARTESIAN_POINT ( 'NONE',  ( 57.44588215633498862, -237.2108035506304873, -38.11798626738899998 ) ) ;
#3890 = VECTOR ( 'NONE', #7838, 1000.000000000000000 ) ;
#3891 = CARTESIAN_POINT ( 'NONE',  ( 44.93088215633500226, -271.6760313402289739, -23.81798626738900282 ) ) ;
#3892 = DIRECTION ( 'NONE',  ( 0.000000000000000000, 1.000000000000000000, 0.000000000000000000 ) ) ;
#3893 = DIRECTION ( 'NONE',  ( 0.000000000000000000, 0.000000000000000000, 1.000000000000000000 ) ) ;
#3894 = ORIENTED_EDGE ( 'NONE', *, *, #7605, .T. ) ;
#3895 = VERTEX_POINT ( 'NONE', #5743 ) ;
#3896 = ORIENTED_EDGE ( 'NONE', *, *, #7307, .T. ) ;
#3897 = CIRCLE ( 'NONE', #4445, 1.300000000000002487 ) ;
#3898 = LINE ( 'NONE', #10876, #5230 ) ;
#3899 = CARTESIAN_POINT ( 'NONE',  ( 17.53799561028998255, -293.3588925488183463, -38.16473647476947662 ) ) ;
#3900 = DIRECTION ( 'NONE',  ( 0.5773502691896248429, 0.5773502691896257311, 0.5773502691896267303 ) ) ;
#3901 = DIRECTION ( 'NONE',  ( -0.9949874371066200762, 0.1000000000000001305, 0.000000000000000000 ) ) ;
#3902 = CARTESIAN_POINT ( 'NONE',  ( 23.90588215633500369, -315.3820313402289912, -35.11798626738899998 ) ) ;
#3903 = CARTESIAN_POINT ( 'NONE',  ( 25.40588215633500369, -297.1475313402289657, -26.81798626738900282 ) ) ;
#3904 = AXIS2_PLACEMENT_3D ( 'NONE', #1876, #5140, #6948 ) ;
#3905 = EDGE_LOOP ( 'NONE', ( #9639, #8175 ) ) ;
#3906 = ORIENTED_EDGE ( 'NONE', *, *, #3022, .F. ) ;
#3907 = CARTESIAN_POINT ( 'NONE',  ( 59.10084637575715050, -296.8672459874118204, -38.13151996714546499 ) ) ;
#3908 = DIRECTION ( 'NONE',  ( 0.000000000000000000, 0.000000000000000000, 1.000000000000000000 ) ) ;
#3909 = AXIS2_PLACEMENT_3D ( 'NONE', #5802, #10756, #9241 ) ;
#3910 = CARTESIAN_POINT ( 'NONE',  ( 20.90588215633500369, -297.1171293569119030, -33.11798626738899998 ) ) ;
#3911 = DIRECTION ( 'NONE',  ( 0.000000000000000000, 0.000000000000000000, -1.000000000000000000 ) ) ;
#3912 = CARTESIAN_POINT ( 'NONE',  ( 61.40932894667783870, -235.6144984380813696, -39.57446371451349876 ) ) ;
#3913 = DIRECTION ( 'NONE',  ( -0.7071067811865475727, 0.000000000000000000, 0.7071067811865475727 ) ) ;
#3914 = CARTESIAN_POINT ( 'NONE',  ( 29.65588215633500369, -221.8820313402289912, -23.81798626738900282 ) ) ;
#3915 = LINE ( 'NONE', #8203, #5790 ) ;
#3916 = EDGE_CURVE ( 'NONE', #988, #5241, #1302, .T. ) ;
#3917 = CARTESIAN_POINT ( 'NONE',  ( 61.49582394094822746, -239.9054786083558781, -39.81255568265563483 ) ) ;
#3918 = SPHERICAL_SURFACE ( 'NONE', #5284, 3.000000000000000000 ) ;
#3919 = ORIENTED_EDGE ( 'NONE', *, *, #1516, .T. ) ;
#3920 = ORIENTED_EDGE ( 'NONE', *, *, #4883, .T. ) ;
#3921 = CYLINDRICAL_SURFACE ( 'NONE', #1777, 2.999999999999999112 ) ;
#3922 = CARTESIAN_POINT ( 'NONE',  ( 61.57498244955896638, -290.5997349939835317, -39.41543087961692038 ) ) ;
#3923 = FACE_OUTER_BOUND ( 'NONE', #4674, .T. ) ;
#3924 = AXIS2_PLACEMENT_3D ( 'NONE', #8223, #10862, #4098 ) ;
#3925 = LINE ( 'NONE', #3024, #6354 ) ;
#3926 = AXIS2_PLACEMENT_3D ( 'NONE', #11103, #5991, #5254 ) ;
#3927 = CARTESIAN_POINT ( 'NONE',  ( 23.78088215633500369, -197.8820313402289912, -41.11798626738899287 ) ) ;
#3928 = EDGE_CURVE ( 'NONE', #9342, #10016, #8797, .T. ) ;
#3929 = EDGE_CURVE ( 'NONE', #7884, #8921, #7919, .T. ) ;
#3930 = CARTESIAN_POINT ( 'NONE',  ( 32.63088215633499800, -248.5140313402289962, -24.31798626738900282 ) ) ;
#3931 = VERTEX_POINT ( 'NONE', #4783 ) ;
#3932 = ORIENTED_EDGE ( 'NONE', *, *, #1734, .T. ) ;
#3933 = ORIENTED_EDGE ( 'NONE', *, *, #5039, .T. ) ;
#3934 = AXIS2_PLACEMENT_3D ( 'NONE', #7762, #3474, #3412 ) ;
#3935 = EDGE_CURVE ( 'NONE', #5346, #6203, #10075, .T. ) ;
#3936 = EDGE_LOOP ( 'NONE', ( #4184, #3298, #10331 ) ) ;
#3937 = AXIS2_PLACEMENT_3D ( 'NONE', #6589, #10023, #4053 ) ;
#3938 = CARTESIAN_POINT ( 'NONE',  ( 60.30133532365685056, -240.3673668338661287, -36.25698542017650539 ) ) ;
#3939 = EDGE_LOOP ( 'NONE', ( #6715, #2405, #2132, #4690 ) ) ;
#3940 = LINE ( 'NONE', #395, #8454 ) ;
#3941 = CARTESIAN_POINT ( 'NONE',  ( 29.65588215633500369, -250.7370313402290094, -23.81798626738900282 ) ) ;
#3942 = EDGE_CURVE ( 'NONE', #7970, #6040, #167, .T. ) ;
#3943 = FACE_OUTER_BOUND ( 'NONE', #8170, .T. ) ;
#3945 = EDGE_CURVE ( 'NONE', #10470, #3437, #9461, .T. ) ;
#3944 = AXIS2_PLACEMENT_3D ( 'NONE', #1947, #5377, #7984 ) ;
#3947 = EDGE_CURVE ( 'NONE', #6040, #7444, #10416, .T. ) ;
#3946 = AXIS2_PLACEMENT_3D ( 'NONE', #9022, #1245, #4627 ) ;
#3948 = FACE_BOUND ( 'NONE', #9691, .T. ) ;
#3949 = CARTESIAN_POINT ( 'NONE',  ( 18.48088215633499942, -289.9034704378889273, -33.11798626738899998 ) ) ;
#3950 = DIRECTION ( 'NONE',  ( 0.000000000000000000, 0.000000000000000000, -1.000000000000000000 ) ) ;
#3951 = VERTEX_POINT ( 'NONE', #113 ) ;
#3952 = VERTEX_POINT ( 'NONE', #4393 ) ;
#3953 = EDGE_LOOP ( 'NONE', ( #3555, #328, #5483, #10901 ) ) ;
#3954 = VECTOR ( 'NONE', #2700, 1000.000000000000114 ) ;
#3955 = VECTOR ( 'NONE', #6321, 1000.000000000000000 ) ;
#3956 = CARTESIAN_POINT ( 'NONE',  ( 18.93519334068411908, -241.3568525981799269, -37.92659682703920510 ) ) ;
#3957 = CARTESIAN_POINT ( 'NONE',  ( 16.67626730608470353, -292.3186346686371735, -37.22465001171940457 ) ) ;
#3958 = DIRECTION ( 'NONE',  ( 1.000000000000000000, 0.000000000000000000, 0.000000000000000000 ) ) ;
#3959 = DIRECTION ( 'NONE',  ( 0.000000000000000000, 0.000000000000000000, -1.000000000000000000 ) ) ;
#3960 = EDGE_CURVE ( 'NONE', #7243, #8996, #6085, .T. ) ;
#3961 = CARTESIAN_POINT ( 'NONE',  ( 32.63088215633499800, -231.1330313402289960, -26.81798626738900282 ) ) ;
#3962 = CARTESIAN_POINT ( 'NONE',  ( 42.88088215633500511, -250.1640313402290303, -26.36798626738900353 ) ) ;
#3963 = AXIS2_PLACEMENT_3D ( 'NONE', #5163, #5542, #1267 ) ;
#3964 = VERTEX_POINT ( 'NONE', #9514 ) ;
#3965 = ORIENTED_EDGE ( 'NONE', *, *, #6556, .T. ) ;
#3966 = CARTESIAN_POINT ( 'NONE',  ( 44.93088215633500226, -230.6330313402289960, -23.81798626738900282 ) ) ;
#3967 = DIRECTION ( 'NONE',  ( 0.000000000000000000, 1.000000000000000000, 0.000000000000000000 ) ) ;
#3968 = CIRCLE ( 'NONE', #10263, 3.249999999999999556 ) ;
#3969 = CARTESIAN_POINT ( 'NONE',  ( 57.44588215633498862, -237.2108035506304873, -23.81798626738900282 ) ) ;
#3970 = DIRECTION ( 'NONE',  ( 0.000000000000000000, 1.000000000000000000, 0.000000000000000000 ) ) ;
#3971 = CARTESIAN_POINT ( 'NONE',  ( 47.78088215633500369, -220.3820313402289912, -38.11798626738899287 ) ) ;
#3972 = LINE ( 'NONE', #4870, #10672 ) ;
#3973 = CARTESIAN_POINT ( 'NONE',  ( 59.14588215633499146, -237.2108035506304873, -23.81798626738900282 ) ) ;
#3974 = PLANE ( 'NONE',  #9168 ) ;
#3975 = CARTESIAN_POINT ( 'NONE',  ( 38.78088215633500369, -231.1330313402289960, -26.81798626738900282 ) ) ;
#3976 = AXIS2_PLACEMENT_3D ( 'NONE', #6478, #5052, #8495 ) ;
#3977 = EDGE_LOOP ( 'NONE', ( #9191, #8384, #944 ) ) ;
#3978 = EDGE_LOOP ( 'NONE', ( #5744, #6664 ) ) ;
#3979 = DIRECTION ( 'NONE',  ( 1.000000000000000000, 0.000000000000000000, 0.000000000000000000 ) ) ;
#3980 = DIRECTION ( 'NONE',  ( 0.000000000000000000, 0.000000000000000000, 1.000000000000000000 ) ) ;
#3981 = LINE ( 'NONE', #10852, #194 ) ;
#3982 = CARTESIAN_POINT ( 'NONE',  ( 29.65588215633500369, -252.2370313402290094, -23.81798626738900282 ) ) ;
#3983 = AXIS2_PLACEMENT_3D ( 'NONE', #10620, #1108, #5384 ) ;
#3984 = CARTESIAN_POINT ( 'NONE',  ( 20.18088215633500226, -289.9034704378889273, -33.11798626738899998 ) ) ;
#3985 = DIRECTION ( 'NONE',  ( 0.000000000000000000, 0.000000000000000000, 1.000000000000000000 ) ) ;
#3986 = EDGE_CURVE ( 'NONE', #5777, #10126, #10359, .T. ) ;
#3987 = CARTESIAN_POINT ( 'NONE',  ( 59.23453708630908210, -293.7374784322310575, -35.36585279557231587 ) ) ;
#3988 = ORIENTED_EDGE ( 'NONE', *, *, #2466, .F. ) ;
#3989 = AXIS2_PLACEMENT_3D ( 'NONE', #2674, #9322, #9554 ) ;
#3990 = ORIENTED_EDGE ( 'NONE', *, *, #2085, .F. ) ;
#3991 = ORIENTED_EDGE ( 'NONE', *, *, #7734, .F. ) ;
#3992 = AXIS2_PLACEMENT_3D ( 'NONE', #10606, #197, #8759 ) ;
#3993 = ORIENTED_EDGE ( 'NONE', *, *, #3854, .T. ) ;
#3994 = CARTESIAN_POINT ( 'NONE',  ( 60.11165313083124317, -240.5313542676129543, -36.03319863354467145 ) ) ;
#3995 = ORIENTED_EDGE ( 'NONE', *, *, #10773, .T. ) ;
#3996 = EDGE_CURVE ( 'NONE', #4754, #7543, #10586, .T. ) ;
#3997 = FACE_OUTER_BOUND ( 'NONE', #3166, .T. ) ;
#3998 = DIRECTION ( 'NONE',  ( 0.000000000000000000, -0.7071067811865475727, 0.7071067811865475727 ) ) ;
#3999 = VECTOR ( 'NONE', #7866, 1000.000000000000000 ) ;
#4000 = DIRECTION ( 'NONE',  ( 0.5773502691896265082, 0.000000000000000000, -0.8164965809277254793 ) ) ;
#4001 = VECTOR ( 'NONE', #1568, 1000.000000000000000 ) ;
#4002 = CARTESIAN_POINT ( 'NONE',  ( 57.05605457012809723, -241.4428874880107685, -24.51798626738900921 ) ) ;
#4003 = DIRECTION ( 'NONE',  ( 0.000000000000000000, 1.000000000000000000, 0.000000000000000000 ) ) ;
#4004 = CARTESIAN_POINT ( 'NONE',  ( 58.78088215633499658, -297.0170138587166093, -35.11798626738899998 ) ) ;
#4005 = ORIENTED_EDGE ( 'NONE', *, *, #8049, .F. ) ;
#4006 = EDGE_LOOP ( 'NONE', ( #5464, #4153 ) ) ;
#4007 = EDGE_LOOP ( 'NONE', ( #1147, #7599, #7151, #7091 ) ) ;
#4008 = ORIENTED_EDGE ( 'NONE', *, *, #6079, .T. ) ;
#4009 = AXIS2_PLACEMENT_3D ( 'NONE', #1696, #855, #7615 ) ;
#4010 = EDGE_CURVE ( 'NONE', #6365, #5616, #6987, .T. ) ;
#4011 = EDGE_CURVE ( 'NONE', #7777, #1593, #2135, .T. ) ;
#4012 = EDGE_CURVE ( 'NONE', #8879, #5161, #1969, .T. ) ;
#4013 = DIRECTION ( 'NONE',  ( -0.000000000000000000, -0.000000000000000000, -1.000000000000000000 ) ) ;
#4014 = CARTESIAN_POINT ( 'NONE',  ( 15.93212045609601191, -290.0262888141618305, -39.77533041203102471 ) ) ;
#4015 = DIRECTION ( 'NONE',  ( 1.000000000000000000, 0.000000000000000000, 0.000000000000000000 ) ) ;
#4016 = CARTESIAN_POINT ( 'NONE',  ( 24.20088215633501250, -237.2108035506304873, -24.22298626738899330 ) ) ;
#4017 = DIRECTION ( 'NONE',  ( 0.000000000000000000, 0.000000000000000000, 1.000000000000000000 ) ) ;
#4018 = AXIS2_PLACEMENT_3D ( 'NONE', #1617, #7649, #6801 ) ;
#4019 = DIRECTION ( 'NONE',  ( -0.000000000000000000, -0.000000000000000000, -1.000000000000000000 ) ) ;
#4020 = VECTOR ( 'NONE', #3807, 1000.000000000000000 ) ;
#4021 = ORIENTED_EDGE ( 'NONE', *, *, #1937, .F. ) ;
#4022 = ORIENTED_EDGE ( 'NONE', *, *, #5246, .T. ) ;
#4023 = EDGE_LOOP ( 'NONE', ( #554, #2410, #9470, #2586, #447 ) ) ;
#4024 = CARTESIAN_POINT ( 'NONE',  ( 61.45223534539402976, -287.2161668725592563, -39.74500275351925893 ) ) ;
#4025 = ADVANCED_FACE ( 'NONE', ( #5234 ), #58, .T. ) ;
#4026 = AXIS2_PLACEMENT_3D ( 'NONE', #9614, #1893, #5318 ) ;
#4027 = PLANE ( 'NONE',  #6857 ) ;
#4028 = CARTESIAN_POINT ( 'NONE',  ( 57.44588215633498862, -237.2108035506304873, -35.11798626738899998 ) ) ;
#4029 = CARTESIAN_POINT ( 'NONE',  ( 58.89075387518747817, -241.2988245861349981, -37.89616682422114025 ) ) ;
#4030 = DIRECTION ( 'NONE',  ( 0.000000000000000000, 0.000000000000000000, 1.000000000000000000 ) ) ;
#4031 = CARTESIAN_POINT ( 'NONE',  ( 18.78088215633491842, -297.0170138587165525, -35.11798626738899998 ) ) ;
#4032 = CARTESIAN_POINT ( 'NONE',  ( 32.40588215633500369, -269.7855313402289994, -33.11798626738899998 ) ) ;
#4033 = CARTESIAN_POINT ( 'NONE',  ( 61.63979359377222522, -235.4973918792406664, -40.19854272592727540 ) ) ;
#4034 = LINE ( 'NONE', #3975, #797 ) ;
#4035 = ORIENTED_EDGE ( 'NONE', *, *, #10624, .T. ) ;
#4036 = EDGE_LOOP ( 'NONE', ( #6785, #4254, #7584, #10747 ) ) ;
#4037 = CARTESIAN_POINT ( 'NONE',  ( 51.03088215633499658, -216.6320313402290196, -34.71798626738900140 ) ) ;
#4038 = CYLINDRICAL_SURFACE ( 'NONE', #9113, 4.249999999999996447 ) ;
#4039 = DIRECTION ( 'NONE',  ( 1.000000000000000000, 0.000000000000000000, 0.000000000000000000 ) ) ;
#4040 = CARTESIAN_POINT ( 'NONE',  ( 56.78088215633500369, -282.6783406812686508, -38.11798626738899998 ) ) ;
#4041 = DIRECTION ( 'NONE',  ( 1.000000000000000000, 0.000000000000000000, 0.000000000000000000 ) ) ;
#4042 = CARTESIAN_POINT ( 'NONE',  ( 18.88088215633499445, -289.9034704378889273, -43.11798626738900708 ) ) ;
#4043 = CARTESIAN_POINT ( 'NONE',  ( 61.27518685402329623, -291.6721955766313386, -39.33727234736583966 ) ) ;
#4044 = ORIENTED_EDGE ( 'NONE', *, *, #3659, .F. ) ;
#4045 = ORIENTED_EDGE ( 'NONE', *, *, #2910, .F. ) ;
#4046 = EDGE_LOOP ( 'NONE', ( #9082, #4139, #3369, #10128 ) ) ;
#4047 = ORIENTED_EDGE ( 'NONE', *, *, #6553, .T. ) ;
#4048 = CARTESIAN_POINT ( 'NONE',  ( 25.40588215633500369, -248.5140313402289962, -33.11798626738899998 ) ) ;
#4049 = VERTEX_POINT ( 'NONE', #4217 ) ;
#4050 = DIRECTION ( 'NONE',  ( 1.000000000000000000, 0.000000000000000000, 0.000000000000000000 ) ) ;
#4051 = CARTESIAN_POINT ( 'NONE',  ( 25.40588215633500369, -256.1045313402289594, -26.81798626738900282 ) ) ;
#4052 = DIRECTION ( 'NONE',  ( 0.000000000000000000, -1.000000000000000000, 0.000000000000000000 ) ) ;
#4053 = DIRECTION ( 'NONE',  ( 0.000000000000000000, -1.000000000000000000, 0.000000000000000000 ) ) ;
#4054 = FACE_OUTER_BOUND ( 'NONE', #4269, .T. ) ;
#4055 = EDGE_CURVE ( 'NONE', #8220, #3626, #1013, .T. ) ;
#4056 = DIRECTION ( 'NONE',  ( 0.1931034482758600679, -0.9811784028727764673, 0.000000000000000000 ) ) ;
#4057 = ORIENTED_EDGE ( 'NONE', *, *, #9951, .T. ) ;
#4058 = ORIENTED_EDGE ( 'NONE', *, *, #3319, .T. ) ;
#4059 = ORIENTED_EDGE ( 'NONE', *, *, #9906, .F. ) ;
#4060 = CARTESIAN_POINT ( 'NONE',  ( 0.000000000000000000, 0.000000000000000000, -29.11798626738900353 ) ) ;
#4061 = AXIS2_PLACEMENT_3D ( 'NONE', #7081, #3694, #5276 ) ;
#4062 = CARTESIAN_POINT ( 'NONE',  ( 16.03197662136976831, -292.1437238845260822, -39.91419962668251742 ) ) ;
#4063 = CYLINDRICAL_SURFACE ( 'NONE', #135, 2.999999999999999112 ) ;
#4064 = DIRECTION ( 'NONE',  ( 0.000000000000000000, 0.000000000000000000, 1.000000000000000000 ) ) ;
#4065 = CARTESIAN_POINT ( 'NONE',  ( 55.22739309196592217, -241.8583400128942174, -25.41685277521781572 ) ) ;
#4066 = DIRECTION ( 'NONE',  ( -0.5773502691896257311, 0.5773502691896257311, -0.5773502691896257311 ) ) ;
#4067 = ADVANCED_FACE ( 'NONE', ( #2524 ), #7886, .F. ) ;
#4068 = EDGE_CURVE ( 'NONE', #10875, #9328, #1233, .T. ) ;
#4069 = ORIENTED_EDGE ( 'NONE', *, *, #6159, .F. ) ;
#4070 = ORIENTED_EDGE ( 'NONE', *, *, #5452, .F. ) ;
#4071 = ORIENTED_EDGE ( 'NONE', *, *, #970, .F. ) ;
#4072 = DIRECTION ( 'NONE',  ( 1.000000000000000000, 0.000000000000000000, 0.000000000000000000 ) ) ;
#4073 = DIRECTION ( 'NONE',  ( -0.000000000000000000, -0.000000000000000000, -1.000000000000000000 ) ) ;
#4074 = CARTESIAN_POINT ( 'NONE',  ( 23.78088215633500369, -326.3820313402290481, -41.11798626738899287 ) ) ;
#4075 = CARTESIAN_POINT ( 'NONE',  ( 60.41644121359381359, -242.8137098223388364, -38.60107440996834782 ) ) ;
#4076 = FACE_OUTER_BOUND ( 'NONE', #8559, .T. ) ;
#4077 = TOROIDAL_SURFACE ( 'NONE', #10387, 6.000000000000000000, 3.000000000000000000 ) ;
#4078 = LINE ( 'NONE', #2501, #2664 ) ;
#4079 = CARTESIAN_POINT ( 'NONE',  ( 51.03088215633499658, -315.6320313402289912, -34.71798626738900140 ) ) ;
#4080 = ADVANCED_FACE ( 'NONE', ( #5970 ), #9346, .T. ) ;
#4081 = CARTESIAN_POINT ( 'NONE',  ( 59.40144346451540258, -243.9947079429135783, -38.17912461771923205 ) ) ;
#4082 = CARTESIAN_POINT ( 'NONE',  ( 43.78088215633500369, -218.8820313402289912, -34.71798626738900140 ) ) ;
#4083 = VERTEX_POINT ( 'NONE', #8507 ) ;
#4084 = ORIENTED_EDGE ( 'NONE', *, *, #303, .F. ) ;
#4085 = FACE_BOUND ( 'NONE', #6663, .T. ) ;
#4086 = AXIS2_PLACEMENT_3D ( 'NONE', #10137, #9129, #7491 ) ;
#4087 = CARTESIAN_POINT ( 'NONE',  ( 51.03088215633499658, -216.6320313402290196, -33.11798626738899998 ) ) ;
#4088 = DIRECTION ( 'NONE',  ( 0.000000000000000000, 0.000000000000000000, 1.000000000000000000 ) ) ;
#4089 = DIRECTION ( 'NONE',  ( 1.000000000000000000, 0.000000000000000000, 0.000000000000000000 ) ) ;
#4090 = CARTESIAN_POINT ( 'NONE',  ( 23.90588215633500369, -282.6898115188659517, -35.11798626738899998 ) ) ;
#4091 = DIRECTION ( 'NONE',  ( 1.000000000000000000, 0.000000000000000000, 0.000000000000000000 ) ) ;
#4092 = VECTOR ( 'NONE', #6566, 1000.000000000000000 ) ;
#4093 = CARTESIAN_POINT ( 'NONE',  ( 59.89078462054983731, -293.3354264000661829, -35.85166547323704123 ) ) ;
#4094 = ORIENTED_EDGE ( 'NONE', *, *, #8892, .F. ) ;
#4095 = EDGE_LOOP ( 'NONE', ( #5583, #4946 ) ) ;
#4096 = VERTEX_POINT ( 'NONE', #7661 ) ;
#4097 = VERTEX_POINT ( 'NONE', #1689 ) ;
#4098 = DIRECTION ( 'NONE',  ( 0.000000000000000000, 0.000000000000000000, -1.000000000000000000 ) ) ;
#4099 = ORIENTED_EDGE ( 'NONE', *, *, #3390, .T. ) ;
#4100 = CARTESIAN_POINT ( 'NONE',  ( 48.78088215633500369, -253.3820313402290196, -34.71798626738900140 ) ) ;
#4101 = CIRCLE ( 'NONE', #3926, 3.000000000000002665 ) ;
#4102 = CARTESIAN_POINT ( 'NONE',  ( 57.51088215633501477, -289.9034704378889273, -27.21798626738900140 ) ) ;
#4103 = CARTESIAN_POINT ( 'NONE',  ( 56.78088215633500369, -234.8820313402289912, -23.81798626738900282 ) ) ;
#4104 = CARTESIAN_POINT ( 'NONE',  ( 38.84338215633500369, -210.8820313402290196, -35.11798626738899998 ) ) ;
#4105 = LINE ( 'NONE', #6036, #1487 ) ;
#4106 = CIRCLE ( 'NONE', #3753, 8.000000000000007105 ) ;
#4107 = CARTESIAN_POINT ( 'NONE',  ( 29.65588215633500369, -237.1320313402289912, -26.81798626738900282 ) ) ;
#4108 = VECTOR ( 'NONE', #1927, 1000.000000000000114 ) ;
#4109 = EDGE_LOOP ( 'NONE', ( #6268, #4468, #7750, #205 ) ) ;
#4110 = ORIENTED_EDGE ( 'NONE', *, *, #5917, .T. ) ;
#4111 = ORIENTED_EDGE ( 'NONE', *, *, #9710, .T. ) ;
#4112 = CARTESIAN_POINT ( 'NONE',  ( 15.91977724405473360, -238.8824864923406039, -40.21262225465584805 ) ) ;
#4113 = EDGE_CURVE ( 'NONE', #8207, #9246, #7533, .T. ) ;
#4114 = AXIS2_PLACEMENT_3D ( 'NONE', #3832, #1294, #452 ) ;
#4115 = AXIS2_PLACEMENT_3D ( 'NONE', #7414, #10496, #1032 ) ;
#4116 = CARTESIAN_POINT ( 'NONE',  ( 17.33663260434843778, -295.7652696391152176, -38.48078579228591423 ) ) ;
#4117 = DIRECTION ( 'NONE',  ( -0.9940455301706853097, -0.1089655172413785539, 1.149596078251265274E-15 ) ) ;
#4118 = LINE ( 'NONE', #2484, #9960 ) ;
#4119 = EDGE_CURVE ( 'NONE', #5507, #8399, #3427, .T. ) ;
#4120 = CARTESIAN_POINT ( 'NONE',  ( 56.83942048257159740, -241.4229327931862770, -24.51798626738900566 ) ) ;
#4121 = FACE_OUTER_BOUND ( 'NONE', #437, .T. ) ;
#4122 = DIRECTION ( 'NONE',  ( 0.000000000000000000, 0.000000000000000000, -1.000000000000000000 ) ) ;
#4123 = ORIENTED_EDGE ( 'NONE', *, *, #5261, .F. ) ;
#4125 = ORIENTED_EDGE ( 'NONE', *, *, #9792, .F. ) ;
#4124 = AXIS2_PLACEMENT_3D ( 'NONE', #5640, #8066, #350 ) ;
#4126 = EDGE_LOOP ( 'NONE', ( #122, #3796 ) ) ;
#4127 = CARTESIAN_POINT ( 'NONE',  ( 53.51894672014236676, -236.4141232404140567, -24.25605083119635808 ) ) ;
#4128 = CARTESIAN_POINT ( 'NONE',  ( 23.78088215633500369, -205.8820313402289912, -44.11798626738900708 ) ) ;
#4129 = EDGE_CURVE ( 'NONE', #277, #1884, #9145, .T. ) ;
#4130 = LINE ( 'NONE', #2272, #10816 ) ;
#4131 = CARTESIAN_POINT ( 'NONE',  ( 60.08182999751103637, -240.6741801985490383, -38.19709459719196332 ) ) ;
#4132 = B_SPLINE_CURVE_WITH_KNOTS ( 'NONE', 3,
 ( #8141, #10040, #4865, #8309, #590, #8248, #2323, #9205, #6445, #7404, #528, #9147, #10889, #4024, #4756, #10835, #9988, #2167, #7462, #1266, #10780, #644, #5603, #4919, #7512, #8984, #5710, #3169, #10941, #471, #3227, #5658, #6666, #10100, #2381, #3907, #420, #3119 ),
 .UNSPECIFIED., .F., .F.,
 ( 4, 2, 2, 2, 2, 2, 2, 2, 2, 2, 2, 2, 2, 2, 2, 2, 2, 2, 4 ),
 ( 8.384297404680615914E-17, 0.0005249484383277174546, 0.001049896876655351209, 0.002099793753310622620, 0.003149690629965894682, 0.004199587506621167178, 0.005249484383276437939, 0.006299381259931710435, 0.007349278136586982063, 0.008399175013242252824, 0.009449071889897523585, 0.01049896876655279261, 0.01154886564320806511, 0.01259876251986333587, 0.01364865939651860663, 0.01469855627317387739, 0.01574845314982914815, 0.01627340158815683904, 0.01679835002648452993 ),
 .UNSPECIFIED. ) ;
#4133 = CARTESIAN_POINT ( 'NONE',  ( 53.78088215633500369, -282.6783406812686508, -38.11798626738899998 ) ) ;
#4134 = CARTESIAN_POINT ( 'NONE',  ( 32.63088215633499800, -275.8760313402289626, -24.31798626738900282 ) ) ;
#4135 = LINE ( 'NONE', #3468, #9211 ) ;
#4136 = EDGE_CURVE ( 'NONE', #7688, #6487, #10059, .T. ) ;
#4137 = VERTEX_POINT ( 'NONE', #8159 ) ;
#4138 = AXIS2_PLACEMENT_3D ( 'NONE', #10564, #2900, #9776 ) ;
#4139 = ORIENTED_EDGE ( 'NONE', *, *, #10197, .F. ) ;
#4140 = FACE_OUTER_BOUND ( 'NONE', #3351, .T. ) ;
#4141 = EDGE_CURVE ( 'NONE', #8573, #9544, #4106, .T. ) ;
#4142 = CARTESIAN_POINT ( 'NONE',  ( 58.78088215633499658, -282.7899270170613590, -38.11798626738899998 ) ) ;
#4143 = DIRECTION ( 'NONE',  ( 0.000000000000000000, 0.7071067811865510144, 0.7071067811865441310 ) ) ;
#4144 = ADVANCED_FACE ( 'NONE', ( #5498 ), #8046, .F. ) ;
#4145 = ADVANCED_FACE ( 'NONE', ( #1119 ), #8438, .T. ) ;
#4146 = CARTESIAN_POINT ( 'NONE',  ( 29.78088215633500369, -290.2770313402289730, -23.81798626738900282 ) ) ;
#4147 = CARTESIAN_POINT ( 'NONE',  ( 57.44588215633498862, -237.2108035506304873, -33.11798626738899998 ) ) ;
#4148 = CARTESIAN_POINT ( 'NONE',  ( 23.70416645604645822, -234.4391826821845086, -24.69402782463677681 ) ) ;
#4149 = DIRECTION ( 'NONE',  ( 0.000000000000000000, 0.000000000000000000, 1.000000000000000000 ) ) ;
#4150 = CARTESIAN_POINT ( 'NONE',  ( 53.78088215633500369, -216.8820313402289912, -35.11798626738899998 ) ) ;
#4151 = CIRCLE ( 'NONE', #6668, 3.249999999999999556 ) ;
#4152 = DIRECTION ( 'NONE',  ( 1.000000000000000000, 0.000000000000000000, 0.000000000000000000 ) ) ;
#4153 = ORIENTED_EDGE ( 'NONE', *, *, #9710, .F. ) ;
#4154 = ORIENTED_EDGE ( 'NONE', *, *, #6909, .F. ) ;
#4155 = ORIENTED_EDGE ( 'NONE', *, *, #9675, .F. ) ;
#4156 = ORIENTED_EDGE ( 'NONE', *, *, #4618, .T. ) ;
#4157 = LINE ( 'NONE', #4048, #3023 ) ;
#4158 = ORIENTED_EDGE ( 'NONE', *, *, #5199, .F. ) ;
#4159 = CARTESIAN_POINT ( 'NONE',  ( 22.46027438330728998, -241.8593537838982002, -25.41600496405625975 ) ) ;
#4160 = EDGE_CURVE ( 'NONE', #2600, #7049, #7005, .T. ) ;
#4161 = CARTESIAN_POINT ( 'NONE',  ( 54.97505738546489340, -294.7210047301293798, -25.71216149651889538 ) ) ;
#4162 = DIRECTION ( 'NONE',  ( 0.000000000000000000, -1.000000000000000000, 0.000000000000000000 ) ) ;
#4163 = FACE_BOUND ( 'NONE', #8952, .T. ) ;
#4164 = AXIS2_PLACEMENT_3D ( 'NONE', #10845, #38, #6737 ) ;
#4165 = DIRECTION ( 'NONE',  ( 1.000000000000000000, 0.000000000000000000, 0.000000000000000000 ) ) ;
#4166 = AXIS2_PLACEMENT_3D ( 'NONE', #8251, #6773, #3122 ) ;
#4167 = CARTESIAN_POINT ( 'NONE',  ( 54.33853238751125758, -232.4366987929583388, -24.06894584017162231 ) ) ;
#4168 = EDGE_LOOP ( 'NONE', ( #192, #8702, #7899, #897 ) ) ;
#4169 = ORIENTED_EDGE ( 'NONE', *, *, #10739, .T. ) ;
#4170 = ORIENTED_EDGE ( 'NONE', *, *, #10344, .T. ) ;
#4171 = CIRCLE ( 'NONE', #2750, 2.999999999999999112 ) ;
#4172 = CARTESIAN_POINT ( 'NONE',  ( 15.86557073429556297, -237.2896559973551120, -40.36636694622126953 ) ) ;
#4173 = AXIS2_PLACEMENT_3D ( 'NONE', #10020, #506, #9184 ) ;
#4174 = FACE_OUTER_BOUND ( 'NONE', #10442, .T. ) ;
#4175 = CARTESIAN_POINT ( 'NONE',  ( 16.03691696174384518, -287.6331344651630388, -39.90299905272746628 ) ) ;
#4176 = FACE_OUTER_BOUND ( 'NONE', #5864, .T. ) ;
#4177 = CARTESIAN_POINT ( 'NONE',  ( 47.78088215633500369, -221.6820313402289742, -38.11798626738899287 ) ) ;
#4178 = CARTESIAN_POINT ( 'NONE',  ( 29.78088215633500369, -282.8820313402289912, 220.0996348679430525 ) ) ;
#4179 = CARTESIAN_POINT ( 'NONE',  ( 38.84338215633500369, -216.6320313402290196, -33.11798626738899998 ) ) ;
#4180 = AXIS2_PLACEMENT_3D ( 'NONE', #6540, #2253, #5693 ) ;
#4181 = FACE_OUTER_BOUND ( 'NONE', #1182, .T. ) ;
#4182 = ORIENTED_EDGE ( 'NONE', *, *, #4774, .T. ) ;
#4183 = VECTOR ( 'NONE', #5342, 1000.000000000000000 ) ;
#4184 = ORIENTED_EDGE ( 'NONE', *, *, #6155, .F. ) ;
#4185 = ORIENTED_EDGE ( 'NONE', *, *, #10999, .F. ) ;
#4186 = CARTESIAN_POINT ( 'NONE',  ( 53.83097091236393794, -234.8820313402289912, -24.56807502341793992 ) ) ;
#4187 = CARTESIAN_POINT ( 'NONE',  ( 32.63088215633499800, -248.5140313402289962, -26.81798626738900282 ) ) ;
#4188 = EDGE_CURVE ( 'NONE', #4929, #3195, #10524, .T. ) ;
#4189 = AXIS2_PLACEMENT_3D ( 'NONE', #9078, #4739, #9915 ) ;
#4190 = DIRECTION ( 'NONE',  ( 0.000000000000000000, 0.000000000000000000, -1.000000000000000000 ) ) ;
#4191 = DIRECTION ( 'NONE',  ( 1.000000000000000000, 0.000000000000000000, 0.000000000000000000 ) ) ;
#4192 = VECTOR ( 'NONE', #1680, 1000.000000000000000 ) ;
#4193 = CARTESIAN_POINT ( 'NONE',  ( 25.40588215633500369, -262.1950313402289794, 223.6996348679430184 ) ) ;
#4194 = CARTESIAN_POINT ( 'NONE',  ( 20.63277870805914915, -232.9784506520333025, -24.51798626738901632 ) ) ;
#4195 = FACE_OUTER_BOUND ( 'NONE', #2623, .T. ) ;
#4196 =( NAMED_UNIT ( * ) PLANE_ANGLE_UNIT ( ) SI_UNIT ( $, .RADIAN. ) );
#4197 = EDGE_CURVE ( 'NONE', #10178, #7288, #1280, .T. ) ;
#4198 = VECTOR ( 'NONE', #8547, 1000.000000000000000 ) ;
#4199 = ORIENTED_EDGE ( 'NONE', *, *, #6774, .F. ) ;
#4200 = AXIS2_PLACEMENT_3D ( 'NONE', #4694, #8133, #7292 ) ;
#4201 = ORIENTED_EDGE ( 'NONE', *, *, #5948, .F. ) ;
#4202 = FACE_OUTER_BOUND ( 'NONE', #6698, .T. ) ;
#4203 = LINE ( 'NONE', #8377, #1190 ) ;
#4204 = LINE ( 'NONE', #2510, #8830 ) ;
#4205 = DIRECTION ( 'NONE',  ( 0.000000000000000000, 0.000000000000000000, 1.000000000000000000 ) ) ;
#4206 = LINE ( 'NONE', #1557, #1742 ) ;
#4207 = LINE ( 'NONE', #9450, #776 ) ;
#4208 = DIRECTION ( 'NONE',  ( 0.000000000000000000, 0.000000000000000000, 1.000000000000000000 ) ) ;
#4209 = CARTESIAN_POINT ( 'NONE',  ( 32.40588215633500369, -227.9925313402290215, -33.11798626738899998 ) ) ;
#4210 = PRODUCT_DEFINITION ( 'UNKNOWN', '', #8173, #6473 ) ;
#4211 = EDGE_CURVE ( 'NONE', #9908, #6581, #7207, .T. ) ;
#4212 = ORIENTED_EDGE ( 'NONE', *, *, #9384, .T. ) ;
#4213 = EDGE_CURVE ( 'NONE', #326, #5825, #9517, .T. ) ;
#4214 = EDGE_LOOP ( 'NONE', ( #177, #3628, #324, #7499 ) ) ;
#4215 = VERTEX_POINT ( 'NONE', #2755 ) ;
#4216 = ORIENTED_EDGE ( 'NONE', *, *, #10380, .F. ) ;
#4217 = CARTESIAN_POINT ( 'NONE',  ( 28.90588215633500013, -312.3820313402289912, -34.71798626738900140 ) ) ;
#4218 = EDGE_LOOP ( 'NONE', ( #8741, #1868, #2820, #3502 ) ) ;
#4219 = FACE_OUTER_BOUND ( 'NONE', #6595, .T. ) ;
#4220 = EDGE_CURVE ( 'NONE', #2845, #6067, #9335, .T. ) ;
#4221 = DIRECTION ( 'NONE',  ( 0.000000000000000000, 0.000000000000000000, -1.000000000000000000 ) ) ;
#4222 = AXIS2_PLACEMENT_3D ( 'NONE', #6162, #3823, #9596 ) ;
#4223 = DIRECTION ( 'NONE',  ( 0.000000000000000000, 0.000000000000000000, 1.000000000000000000 ) ) ;
#4224 = CARTESIAN_POINT ( 'NONE',  ( 44.93088215633500226, -293.2570313402289912, -26.81798626738900282 ) ) ;
#4225 = DIRECTION ( 'NONE',  ( 1.000000000000000000, 0.000000000000000000, 0.000000000000000000 ) ) ;
#4226 = DIRECTION ( 'NONE',  ( -0.000000000000000000, -0.000000000000000000, -1.000000000000000000 ) ) ;
#4227 = ADVANCED_FACE ( 'NONE', ( #4503 ), #7942, .F. ) ;
#4228 = ORIENTED_EDGE ( 'NONE', *, *, #10129, .F. ) ;
#4229 = EDGE_LOOP ( 'NONE', ( #8400, #10644, #6635, #5189 ) ) ;
#4230 = VERTEX_POINT ( 'NONE', #1500 ) ;
#4231 = CARTESIAN_POINT ( 'NONE',  ( 16.60323482359057579, -239.6145188389060650, -37.31824251872554754 ) ) ;
#4232 = LINE ( 'NONE', #4406, #4713 ) ;
#4233 = CARTESIAN_POINT ( 'NONE',  ( 16.00840987552090766, -287.8136913451449459, -39.96981994566777985 ) ) ;
#4234 = CARTESIAN_POINT ( 'NONE',  ( 32.13088215633499800, -239.0330313402290017, -23.81798626738900282 ) ) ;
#4235 = CARTESIAN_POINT ( 'NONE',  ( 52.28088215633500369, -316.8820313402290481, -26.81798626738900282 ) ) ;
#4236 = LINE ( 'NONE', #4410, #8799 ) ;
#4237 = VECTOR ( 'NONE', #954, 1000.000000000000000 ) ;
#4238 = CARTESIAN_POINT ( 'NONE',  ( 29.90588215633500369, -218.8820313402289912, -38.11798626738899998 ) ) ;
#4239 = DIRECTION ( 'NONE',  ( 0.000000000000000000, -1.000000000000000000, 0.000000000000000000 ) ) ;
#4240 = VERTEX_POINT ( 'NONE', #10058 ) ;
#4241 = ORIENTED_EDGE ( 'NONE', *, *, #2362, .T. ) ;
#4242 = VERTEX_POINT ( 'NONE', #2236 ) ;
#4243 = FACE_BOUND ( 'NONE', #484, .T. ) ;
#4244 = AXIS2_PLACEMENT_3D ( 'NONE', #5340, #1553, #1726 ) ;
#4245 = CARTESIAN_POINT ( 'NONE',  ( 16.23332521844745813, -238.9515736690328822, -38.26698041330514144 ) ) ;
#4246 = DIRECTION ( 'NONE',  ( -1.000000000000000000, 0.000000000000000000, 1.457750820148577881E-16 ) ) ;
#4247 = DIRECTION ( 'NONE',  ( 0.000000000000000000, 0.000000000000000000, -1.000000000000000000 ) ) ;
#4248 = CARTESIAN_POINT ( 'NONE',  ( 18.46180769649148345, -296.8677240533386907, -38.13144735469726498 ) ) ;
#4249 = DIRECTION ( 'NONE',  ( -0.000000000000000000, -0.000000000000000000, -1.000000000000000000 ) ) ;
#4250 = DIRECTION ( 'NONE',  ( 0.000000000000000000, 1.000000000000000000, 0.000000000000000000 ) ) ;
#4251 = CIRCLE ( 'NONE', #2817, 1.000000000000000888 ) ;
#4252 = PRODUCT_CONTEXT ( 'NONE', #8283, 'mechanical' ) ;
#4253 = VERTEX_POINT ( 'NONE', #10956 ) ;
#4254 = ORIENTED_EDGE ( 'NONE', *, *, #301, .F. ) ;
#4255 = FACE_OUTER_BOUND ( 'NONE', #3196, .T. ) ;
#4256 = FACE_OUTER_BOUND ( 'NONE', #3141, .T. ) ;
#4257 = CARTESIAN_POINT ( 'NONE',  ( 29.65588215633500369, -276.7770313402290299, -26.81798626738900282 ) ) ;
#4258 = VECTOR ( 'NONE', #7024, 1000.000000000000000 ) ;
#4259 = LINE ( 'NONE', #3245, #7628 ) ;
#4260 = DIRECTION ( 'NONE',  ( 0.000000000000000000, -1.000000000000000000, 0.000000000000000000 ) ) ;
#4261 = CARTESIAN_POINT ( 'NONE',  ( 54.57694424961094626, -294.0256629627398297, -25.31404836066495534 ) ) ;
#4262 = ADVANCED_FACE ( 'NONE', ( #3184 ), #3921, .F. ) ;
#4263 = CARTESIAN_POINT ( 'NONE',  ( 33.86421548966833939, -237.2996980068957100, -25.55131960072230157 ) ) ;
#4264 = CARTESIAN_POINT ( 'NONE',  ( 58.78088215633499658, -244.3368315466462093, -38.11798626738899998 ) ) ;
#4265 = CARTESIAN_POINT ( 'NONE',  ( 57.44588215633498862, -237.2108035506304873, -43.11798626738900708 ) ) ;
#4266 = VERTEX_POINT ( 'NONE', #9895 ) ;
#4267 = ORIENTED_EDGE ( 'NONE', *, *, #9636, .T. ) ;
#4268 = VERTEX_POINT ( 'NONE', #6572 ) ;
#4269 = EDGE_LOOP ( 'NONE', ( #655, #6652, #2096, #9007 ) ) ;
#4270 = DIRECTION ( 'NONE',  ( -0.000000000000000000, -0.000000000000000000, -1.000000000000000000 ) ) ;
#4271 = VERTEX_POINT ( 'NONE', #3134 ) ;
#4272 = DIRECTION ( 'NONE',  ( 0.000000000000000000, -1.000000000000000000, 0.000000000000000000 ) ) ;
#4273 = EDGE_CURVE ( 'NONE', #4890, #9704, #2337, .T. ) ;
#4274 = DIRECTION ( 'NONE',  ( 0.000000000000000000, 0.000000000000000000, -1.000000000000000000 ) ) ;
#4275 = CIRCLE ( 'NONE', #4086, 1.700000000000000178 ) ;
#4276 = CARTESIAN_POINT ( 'NONE',  ( 60.00603031036695967, -233.8158527979414316, -35.93637803330467761 ) ) ;
#4277 = CARTESIAN_POINT ( 'NONE',  ( 50.53088215633499658, -205.8820313402289912, -38.11798626738899287 ) ) ;
#4278 = DIRECTION ( 'NONE',  ( 0.000000000000000000, 0.000000000000000000, 1.000000000000000000 ) ) ;
#4279 = CARTESIAN_POINT ( 'NONE',  ( 29.65588215633500369, -238.6320313402290196, -23.81798626738900282 ) ) ;
#4280 = ORIENTED_EDGE ( 'NONE', *, *, #360, .F. ) ;
#4281 = ADVANCED_FACE ( 'NONE', ( #8322 ), #5374, .F. ) ;
#4282 = EDGE_LOOP ( 'NONE', ( #337, #11136, #10432, #10969 ) ) ;
#4283 = ORIENTED_EDGE ( 'NONE', *, *, #6206, .T. ) ;
#4284 = ORIENTED_EDGE ( 'NONE', *, *, #92, .F. ) ;
#4285 = CIRCLE ( 'NONE', #8790, 2.999999999999999112 ) ;
#4286 = ADVANCED_FACE ( 'NONE', ( #9107, #4878, #7418, #5726, #2181, #7310, #5840, #4771, #10850, #3242, #657, #6623, #9164, #4085 ), #5780, .T. ) ;
#4287 = CARTESIAN_POINT ( 'NONE',  ( 16.15243536599299290, -238.8071086631829019, -39.57446371451432299 ) ) ;
#4288 = EDGE_CURVE ( 'NONE', #6653, #7147, #10795, .T. ) ;
#4289 = LINE ( 'NONE', #10434, #5251 ) ;
#4290 = EDGE_CURVE ( 'NONE', #6605, #9825, #604, .T. ) ;
#4291 = CARTESIAN_POINT ( 'NONE',  ( 16.08939262207885790, -288.7022015369261112, -39.70445300810393263 ) ) ;
#4292 = FACE_OUTER_BOUND ( 'NONE', #1129, .T. ) ;
#4293 = AXIS2_PLACEMENT_3D ( 'NONE', #1781, #9445, #1725 ) ;
#4294 = LINE ( 'NONE', #5197, #3495 ) ;
#4295 = AXIS2_PLACEMENT_3D ( 'NONE', #6722, #8242, #2317 ) ;
#4296 = DIRECTION ( 'NONE',  ( 0.000000000000000000, 1.000000000000000000, 0.000000000000000000 ) ) ;
#4297 = DIRECTION ( 'NONE',  ( 0.000000000000000000, 1.000000000000000000, 0.000000000000000000 ) ) ;
#4298 = LINE ( 'NONE', #7909, #10603 ) ;
#4299 = CARTESIAN_POINT ( 'NONE',  ( 32.40588215633500369, -269.0355313402289994, -26.81798626738900282 ) ) ;
#4300 = ORIENTED_EDGE ( 'NONE', *, *, #9724, .F. ) ;
#4301 = ORIENTED_EDGE ( 'NONE', *, *, #5856, .F. ) ;
#4302 = AXIS2_PLACEMENT_3D ( 'NONE', #4594, #10615, #367 ) ;
#4303 = VERTEX_POINT ( 'NONE', #4037 ) ;
#4304 = CYLINDRICAL_SURFACE ( 'NONE', #8627, 3.249999999999999556 ) ;
#4305 = TOROIDAL_SURFACE ( 'NONE', #9337, 5.000000000000005329, 3.000000000000000000 ) ;
#4306 = CARTESIAN_POINT ( 'NONE',  ( 18.12781349010800369, -240.9698343886844043, -35.47680776397756119 ) ) ;
#4307 = EDGE_CURVE ( 'NONE', #10413, #4242, #3077, .T. ) ;
#4308 = CARTESIAN_POINT ( 'NONE',  ( 46.85588215633499942, -317.3284779496357260, -24.17153965798219772 ) ) ;
#4309 = CARTESIAN_POINT ( 'NONE',  ( 15.93522366693318837, -289.6976987687389169, -39.75220529635846134 ) ) ;
#4310 = CARTESIAN_POINT ( 'NONE',  ( 56.78088215633500369, -244.4302408555732882, -38.11798626738899998 ) ) ;
#4311 = DIRECTION ( 'NONE',  ( 1.000000000000000000, 0.000000000000000000, 0.000000000000000000 ) ) ;
#4312 = CARTESIAN_POINT ( 'NONE',  ( 28.90588215633500013, -297.1475313402289657, 223.6996348679430184 ) ) ;
#4313 = VECTOR ( 'NONE', #5465, 1000.000000000000000 ) ;
#4314 = AXIS2_PLACEMENT_3D ( 'NONE', #10626, #216, #2911 ) ;
#4315 = CARTESIAN_POINT ( 'NONE',  ( -61.04490184193110736, 267.9425135205224819, 38.61798626738900708 ) ) ;
#4316 = VERTEX_POINT ( 'NONE', #4931 ) ;
#4317 = EDGE_LOOP ( 'NONE', ( #10548, #9688, #6356, #9965, #617, #4329 ) ) ;
#4318 = CARTESIAN_POINT ( 'NONE',  ( 29.65588215633500369, -264.5070313402289912, -23.81798626738900282 ) ) ;
#4319 = DIRECTION ( 'NONE',  ( 0.000000000000000000, 0.000000000000000000, -1.000000000000000000 ) ) ;
#4320 = CARTESIAN_POINT ( 'NONE',  ( 29.78088215633500369, -282.8820313402289912, 220.0996348679430525 ) ) ;
#4321 = VECTOR ( 'NONE', #10171, 1000.000000000000000 ) ;
#4322 = CARTESIAN_POINT ( 'NONE',  ( 58.74588215633499289, -237.2108035506304873, -43.11798626738900708 ) ) ;
#4323 = CARTESIAN_POINT ( 'NONE',  ( 20.90588215633500369, -229.9909074294941149, -45.13880154756031970 ) ) ;
#4324 = CARTESIAN_POINT ( 'NONE',  ( 58.50670488935145386, -233.0856020122897689, -35.11798627251399552 ) ) ;
#4325 = DIRECTION ( 'NONE',  ( 1.000000000000000000, 0.000000000000000000, 0.000000000000000000 ) ) ;
#4326 = DIRECTION ( 'NONE',  ( 1.000000000000000000, 0.000000000000000000, 0.000000000000000000 ) ) ;
#4327 = CARTESIAN_POINT ( 'NONE',  ( 29.65588215633500369, -278.2770313402290299, -26.81798626738900282 ) ) ;
#4328 = AXIS2_PLACEMENT_3D ( 'NONE', #424, #1050, #6284 ) ;
#4329 = ORIENTED_EDGE ( 'NONE', *, *, #314, .F. ) ;
#4330 = ORIENTED_EDGE ( 'NONE', *, *, #6788, .F. ) ;
#4331 = ORIENTED_EDGE ( 'NONE', *, *, #9796, .T. ) ;
#4332 = EDGE_LOOP ( 'NONE', ( #10583, #9416, #6030, #4301 ) ) ;
#4333 = CARTESIAN_POINT ( 'NONE',  ( 53.78088215633500369, -326.3820313402290481, -43.61798626738902840 ) ) ;
#4334 = ORIENTED_EDGE ( 'NONE', *, *, #8510, .T. ) ;
#4335 = PLANE ( 'NONE',  #6299 ) ;
#4336 = VECTOR ( 'NONE', #3570, 1000.000000000000000 ) ;
#4337 = ADVANCED_FACE ( 'NONE', ( #9955 ), #7529, .F. ) ;
#4338 = DIRECTION ( 'NONE',  ( 0.000000000000000000, -0.000000000000000000, 1.000000000000000000 ) ) ;
#4339 = CARTESIAN_POINT ( 'NONE',  ( 20.90588215633500369, -230.0039734568930214, -35.11798626738899998 ) ) ;
#4340 = CARTESIAN_POINT ( 'NONE',  ( 59.10557734741382063, -286.0168424486228673, -35.31548766363916059 ) ) ;
#4341 = FACE_OUTER_BOUND ( 'NONE', #5909, .T. ) ;
#4342 = DIRECTION ( 'NONE',  ( 1.000000000000000000, 0.000000000000000000, 0.000000000000000000 ) ) ;
#4343 = ORIENTED_EDGE ( 'NONE', *, *, #6772, .T. ) ;
#4344 = EDGE_LOOP ( 'NONE', ( #4500, #163, #8413, #7656 ) ) ;
#4345 = ORIENTED_EDGE ( 'NONE', *, *, #10052, .F. ) ;
#4346 = EDGE_CURVE ( 'NONE', #7243, #4671, #2306, .T. ) ;
#4347 = ORIENTED_EDGE ( 'NONE', *, *, #1622, .F. ) ;
#4348 = CARTESIAN_POINT ( 'NONE',  ( 16.88635719222826381, -239.9832946646897653, -36.79324795552130212 ) ) ;
#4349 = LINE ( 'NONE', #8576, #3267 ) ;
#4350 = CARTESIAN_POINT ( 'NONE',  ( 15.85772963052787787, -289.6452050671131815, -40.44319392362573495 ) ) ;
#4351 = DIRECTION ( 'NONE',  ( 1.000000000000000000, 0.000000000000000000, 0.000000000000000000 ) ) ;
#4352 = VECTOR ( 'NONE', #1270, 1000.000000000000000 ) ;
#4353 = LINE ( 'NONE', #9900, #1153 ) ;
#4354 = CARTESIAN_POINT ( 'NONE',  ( 53.63690078976451048, -238.7593881341566089, -24.37400490081851956 ) ) ;
#4355 = FACE_OUTER_BOUND ( 'NONE', #10210, .T. ) ;
#4356 = DIRECTION ( 'NONE',  ( -0.000000000000000000, -0.000000000000000000, 1.000000000000000000 ) ) ;
#4357 = VECTOR ( 'NONE', #663, 1000.000000000000000 ) ;
#4358 = EDGE_CURVE ( 'NONE', #5133, #9025, #7720, .T. ) ;
#4359 = CARTESIAN_POINT ( 'NONE',  ( 29.78088215633500369, -293.2770313402289730, -26.81798626738900282 ) ) ;
#4360 = ORIENTED_EDGE ( 'NONE', *, *, #7136, .T. ) ;
#4361 = ADVANCED_FACE ( 'NONE', ( #8264 ), #544, .F. ) ;
#4363 = ADVANCED_FACE ( 'NONE', ( #4202 ), #7646, .T. ) ;
#4362 = ORIENTED_EDGE ( 'NONE', *, *, #5247, .F. ) ;
#4364 = AXIS2_PLACEMENT_3D ( 'NONE', #5270, #4373, #5949 ) ;
#4365 = AXIS2_PLACEMENT_3D ( 'NONE', #3802, #5713, #1580 ) ;
#4366 = EDGE_LOOP ( 'NONE', ( #10695, #7308, #1293, #4629 ) ) ;
#4367 = CARTESIAN_POINT ( 'NONE',  ( 15.90585991488658024, -236.6165224985029738, -39.76614914787920441 ) ) ;
#4368 = DIRECTION ( 'NONE',  ( 0.000000000000000000, -0.000000000000000000, 1.000000000000000000 ) ) ;
#4369 = CARTESIAN_POINT ( 'NONE',  ( 15.93024833356984260, -289.9382118037406713, -39.78949283638449685 ) ) ;
#4370 = DIRECTION ( 'NONE',  ( 1.000000000000000000, 0.000000000000000000, 0.000000000000000000 ) ) ;
#4371 = FACE_OUTER_BOUND ( 'NONE', #1688, .T. ) ;
#4372 = AXIS2_PLACEMENT_3D ( 'NONE', #6277, #7131, #996 ) ;
#4373 = DIRECTION ( 'NONE',  ( -0.000000000000000000, -0.000000000000000000, 1.000000000000000000 ) ) ;
#4374 = CIRCLE ( 'NONE', #587, 1.000000000000000888 ) ;
#4375 = DIRECTION ( 'NONE',  ( 0.000000000000000000, 0.000000000000000000, 1.000000000000000000 ) ) ;
#4376 = EDGE_CURVE ( 'NONE', #3240, #9123, #9499, .T. ) ;
#4377 = ORIENTED_EDGE ( 'NONE', *, *, #2655, .T. ) ;
#4378 = ORIENTED_EDGE ( 'NONE', *, *, #4129, .F. ) ;
#4379 = CARTESIAN_POINT ( 'NONE',  ( 47.78088215633500369, -312.3820313402289912, 220.0996348679430525 ) ) ;
#4380 = VECTOR ( 'NONE', #10542, 1000.000000000000000 ) ;
#4381 = DIRECTION ( 'NONE',  ( -0.7071067811865475727, -1.752335333352430122E-16, 0.7071067811865475727 ) ) ;
#4382 = CIRCLE ( 'NONE', #8332, 3.000000000000002665 ) ;
#4383 = CARTESIAN_POINT ( 'NONE',  ( 21.88088215633500155, -289.9034704378889273, -27.21798626738900140 ) ) ;
#4384 = DIRECTION ( 'NONE',  ( -0.000000000000000000, -0.000000000000000000, 1.000000000000000000 ) ) ;
#4385 = LINE ( 'NONE', #7828, #8114 ) ;
#4386 = CARTESIAN_POINT ( 'NONE',  ( 60.67540712044175422, -234.4383124365712092, -36.79324795552133054 ) ) ;
#4387 = CARTESIAN_POINT ( 'NONE',  ( 55.74588215633499289, -237.2108035506304873, -23.81798626738900282 ) ) ;
#4388 = CARTESIAN_POINT ( 'NONE',  ( 32.13088215633499800, -230.6330313402289960, -23.81798626738900282 ) ) ;
#4389 = DIRECTION ( 'NONE',  ( 0.000000000000000000, 1.000000000000000000, 0.000000000000000000 ) ) ;
#4390 = EDGE_LOOP ( 'NONE', ( #10779, #5602 ) ) ;
#4391 = EDGE_LOOP ( 'NONE', ( #4345, #1279, #3541, #7011, #9894, #7403 ) ) ;
#4392 = ORIENTED_EDGE ( 'NONE', *, *, #1945, .F. ) ;
#4393 = CARTESIAN_POINT ( 'NONE',  ( 25.40588215633500369, -295.6475313402290226, -26.81798626738900282 ) ) ;
#4394 = VERTEX_POINT ( 'NONE', #2569 ) ;
#4395 = DIRECTION ( 'NONE',  ( 0.000000000000000000, 0.000000000000000000, -1.000000000000000000 ) ) ;
#4396 = CARTESIAN_POINT ( 'NONE',  ( 45.43088215633500937, -280.0760313402290080, -23.81798626738900282 ) ) ;
#4397 = CARTESIAN_POINT ( 'NONE',  ( 61.68495178106561383, -236.8972892244612183, -40.00686004078480806 ) ) ;
#4398 = DIRECTION ( 'NONE',  ( 0.000000000000000000, 1.000000000000000000, 0.000000000000000000 ) ) ;
#4399 = FACE_BOUND ( 'NONE', #3978, .T. ) ;
#4400 = VERTEX_POINT ( 'NONE', #11064 ) ;
#4401 = ORIENTED_EDGE ( 'NONE', *, *, #6669, .T. ) ;
#4402 = ORIENTED_EDGE ( 'NONE', *, *, #10742, .T. ) ;
#4403 = ORIENTED_EDGE ( 'NONE', *, *, #6274, .T. ) ;
#4404 = CIRCLE ( 'NONE', #1161, 1.500000000000001332 ) ;
#4405 = CARTESIAN_POINT ( 'NONE',  ( 16.16977269861489575, -234.0945216715783488, -39.63131400332265031 ) ) ;
#4406 = CARTESIAN_POINT ( 'NONE',  ( 25.40588215633500369, -215.3820313402289912, 223.6996348679430184 ) ) ;
#4407 = CARTESIAN_POINT ( 'NONE',  ( 25.40588215633500369, -316.8820313402290481, -33.11798626738899998 ) ) ;
#4408 = ADVANCED_FACE ( 'NONE', ( #11123 ), #43, .T. ) ;
#4409 = DIRECTION ( 'NONE',  ( 1.000000000000000000, 0.000000000000000000, 0.000000000000000000 ) ) ;
#4410 = CARTESIAN_POINT ( 'NONE',  ( 33.86421548966834649, -264.6616980068956764, -25.55131960072230157 ) ) ;
#4411 = CYLINDRICAL_SURFACE ( 'NONE', #3475, 8.000000000000007105 ) ;
#4412 = LINE ( 'NONE', #8583, #5019 ) ;
#4413 = ORIENTED_EDGE ( 'NONE', *, *, #9125, .F. ) ;
#4414 = EDGE_LOOP ( 'NONE', ( #4904, #8110, #9456, #10873 ) ) ;
#4415 = ORIENTED_EDGE ( 'NONE', *, *, #11070, .T. ) ;
#4416 = CARTESIAN_POINT ( 'NONE',  ( 53.78088215633500369, -315.3820313402289912, -33.11798626738899998 ) ) ;
#4417 = ADVANCED_FACE ( 'NONE', ( #7587 ), #6013, .T. ) ;
#4418 = CARTESIAN_POINT ( 'NONE',  ( 53.78088215633500369, -197.8820313402289912, 105.9245421747346825 ) ) ;
#4419 = CARTESIAN_POINT ( 'NONE',  ( 55.81088215633501193, -289.9034704378889273, -27.21798626738900140 ) ) ;
#4420 = ADVANCED_FACE ( 'NONE', ( #4140 ), #5196, .T. ) ;
#4421 = LINE ( 'NONE', #6223, #2582 ) ;
#4422 = EDGE_CURVE ( 'NONE', #5982, #4700, #882, .T. ) ;
#4423 = DIRECTION ( 'NONE',  ( -0.000000000000000000, -1.000000000000000000, -0.000000000000000000 ) ) ;
#4424 = DIRECTION ( 'NONE',  ( 0.000000000000000000, 0.000000000000000000, -1.000000000000000000 ) ) ;
#4425 =( NAMED_UNIT ( * ) PLANE_ANGLE_UNIT ( ) SI_UNIT ( $, .RADIAN. ) );
#4426 = EDGE_CURVE ( 'NONE', #2406, #10001, #7176, .T. ) ;
#4427 = ORIENTED_EDGE ( 'NONE', *, *, #6080, .T. ) ;
#4428 = CARTESIAN_POINT ( 'NONE',  ( 23.78088215633500369, -205.8820313402289912, -43.61798626738902840 ) ) ;
#4429 = CARTESIAN_POINT ( 'NONE',  ( 15.78088215633500013, -205.8820313402289912, -41.11798626738899287 ) ) ;
#4430 = CARTESIAN_POINT ( 'NONE',  ( 21.14066008988079304, -294.1245757748764618, -24.59576819982576978 ) ) ;
#4431 = CARTESIAN_POINT ( 'NONE',  ( 17.70301020654958890, -283.5703457665573524, -38.31105765269113306 ) ) ;
#4432 = ADVANCED_FACE ( 'NONE', ( #2680 ), #945, .T. ) ;
#4433 = DIRECTION ( 'NONE',  ( 0.000000000000000000, 0.000000000000000000, -1.000000000000000000 ) ) ;
#4434 = CARTESIAN_POINT ( 'NONE',  ( 58.22846836323153497, -233.0334767943453755, -38.11798626738902840 ) ) ;
#4435 = ADVANCED_FACE ( 'NONE', ( #4255 ), #11010, .F. ) ;
#4436 = CARTESIAN_POINT ( 'NONE',  ( 26.65588215633500369, -266.1320313402289912, -33.11798626738899998 ) ) ;
#4437 = ADVANCED_FACE ( 'NONE', ( #2626 ), #6069, .F. ) ;
#4438 = VECTOR ( 'NONE', #714, 1000.000000000000000 ) ;
#4439 = DIRECTION ( 'NONE',  ( 0.1931034482758567095, -0.9811784028727770224, 0.000000000000000000 ) ) ;
#4440 = DIRECTION ( 'NONE',  ( 0.000000000000000000, 0.000000000000000000, -1.000000000000000000 ) ) ;
#4441 = EDGE_LOOP ( 'NONE', ( #2082, #9247 ) ) ;
#4442 = EDGE_LOOP ( 'NONE', ( #7433, #4645, #6941, #5363 ) ) ;
#4443 = ORIENTED_EDGE ( 'NONE', *, *, #8855, .T. ) ;
#4444 = DIRECTION ( 'NONE',  ( 2.478176394252580155E-16, -1.000000000000000000, 0.000000000000000000 ) ) ;
#4445 = AXIS2_PLACEMENT_3D ( 'NONE', #3971, #10947, #4191 ) ;
#4446 = VERTEX_POINT ( 'NONE', #100 ) ;
#4447 = DIRECTION ( 'NONE',  ( -0.7071067811865475727, 0.000000000000000000, 0.7071067811865475727 ) ) ;
#4448 = DIRECTION ( 'NONE',  ( 0.000000000000000000, 1.000000000000000000, 0.000000000000000000 ) ) ;
#4449 = DIRECTION ( 'NONE',  ( 0.000000000000000000, -1.000000000000000000, 0.000000000000000000 ) ) ;
#4450 = VECTOR ( 'NONE', #9712, 1000.000000000000000 ) ;
#4451 = CARTESIAN_POINT ( 'NONE',  ( 60.95450281344052001, -287.5033752715016817, -38.89448103167514148 ) ) ;
#4452 = CARTESIAN_POINT ( 'NONE',  ( 21.65013650944844059, -232.8994106912641655, -24.80133835318501312 ) ) ;
#4453 = ORIENTED_EDGE ( 'NONE', *, *, #5403, .F. ) ;
#4454 = EDGE_LOOP ( 'NONE', ( #5075, #2522 ) ) ;
#4455 = ORIENTED_EDGE ( 'NONE', *, *, #1722, .T. ) ;
#4456 = VERTEX_POINT ( 'NONE', #6969 ) ;
#4457 = AXIS2_PLACEMENT_3D ( 'NONE', #4951, #10081, #7386 ) ;
#4458 = CARTESIAN_POINT ( 'NONE',  ( 17.06398166386228965, -231.7459709587982104, -38.65600606400958128 ) ) ;
#4459 = DIRECTION ( 'NONE',  ( 0.000000000000000000, 0.000000000000000000, -1.000000000000000000 ) ) ;
#4460 = LINE ( 'NONE', #7903, #3007 ) ;
#4461 = DIRECTION ( 'NONE',  ( 0.000000000000000000, 0.000000000000000000, -1.000000000000000000 ) ) ;
#4462 = CARTESIAN_POINT ( 'NONE',  ( 56.78088215633500369, -297.1286001945092607, -38.11798626738899998 ) ) ;
#4463 = DIRECTION ( 'NONE',  ( 0.000000000000000000, 0.000000000000000000, 1.000000000000000000 ) ) ;
#4464 = CARTESIAN_POINT ( 'NONE',  ( 30.20588215633500440, -317.6820313402290026, -23.81798626738900282 ) ) ;
#4465 = AXIS2_PLACEMENT_3D ( 'NONE', #8820, #4249, #6007 ) ;
#4466 = ORIENTED_EDGE ( 'NONE', *, *, #341, .F. ) ;
#4467 = ORIENTED_EDGE ( 'NONE', *, *, #7182, .T. ) ;
#4468 = ORIENTED_EDGE ( 'NONE', *, *, #7874, .T. ) ;
#4469 = EDGE_CURVE ( 'NONE', #1980, #2474, #6125, .T. ) ;
#4470 = CARTESIAN_POINT ( 'NONE',  ( 26.90588215633500369, -317.6820313402290026, -23.81798626738900282 ) ) ;
#4471 = AXIS2_PLACEMENT_3D ( 'NONE', #8347, #738, #3152 ) ;
#4472 = AXIS2_PLACEMENT_3D ( 'NONE', #10651, #10706, #4625 ) ;
#4473 = DIRECTION ( 'NONE',  ( -1.000000000000000000, 0.000000000000000000, 0.000000000000000000 ) ) ;
#4474 = DIRECTION ( 'NONE',  ( 0.000000000000000000, 0.000000000000000000, 1.000000000000000000 ) ) ;
#4475 = LINE ( 'NONE', #7917, #983 ) ;
#4476 = CARTESIAN_POINT ( 'NONE',  ( 32.40588215633500369, -282.7165313402289826, -26.81798626738900282 ) ) ;
#4477 = ADVANCED_BREP_SHAPE_REPRESENTATION ( '', ( #9736, #9418 ), #3486 ) ;
#4478 = CARTESIAN_POINT ( 'NONE',  ( 23.78088215633500369, -200.8820313402289912, -38.11798626738899998 ) ) ;
#4479 = AXIS2_PLACEMENT_3D ( 'NONE', #773, #8487, #9329 ) ;
#4480 = VECTOR ( 'NONE', #11019, 1000.000000000000000 ) ;
#4481 = EDGE_CURVE ( 'NONE', #450, #10453, #10048, .T. ) ;
#4482 = ORIENTED_EDGE ( 'NONE', *, *, #8492, .T. ) ;
#4483 = LINE ( 'NONE', #10670, #6638 ) ;
#4484 = CARTESIAN_POINT ( 'NONE',  ( 47.78088215633500369, -256.0820313402289798, -34.71798626738900140 ) ) ;
#4485 = DIRECTION ( 'NONE',  ( 0.000000000000000000, 0.000000000000000000, 1.000000000000000000 ) ) ;
#4486 = DIRECTION ( 'NONE',  ( -0.000000000000000000, -0.000000000000000000, -1.000000000000000000 ) ) ;
#4487 = DIRECTION ( 'NONE',  ( 0.000000000000000000, 0.000000000000000000, -1.000000000000000000 ) ) ;
#4488 = CARTESIAN_POINT ( 'NONE',  ( 59.62906753387370173, -233.5621013411688693, -35.61035423231784591 ) ) ;
#4489 = AXIS2_PLACEMENT_3D ( 'NONE', #10226, #2508, #5108 ) ;
#4490 = LINE ( 'NONE', #10569, #6005 ) ;
#4491 = EDGE_CURVE ( 'NONE', #9825, #10484, #6741, .T. ) ;
#4492 = VECTOR ( 'NONE', #6378, 1000.000000000000000 ) ;
#4493 = DIRECTION ( 'NONE',  ( 0.000000000000000000, 0.000000000000000000, -1.000000000000000000 ) ) ;
#4494 = DIRECTION ( 'NONE',  ( -0.000000000000000000, -0.000000000000000000, -1.000000000000000000 ) ) ;
#4495 = EDGE_CURVE ( 'NONE', #460, #5996, #2144, .T. ) ;
#4496 = VERTEX_POINT ( 'NONE', #829 ) ;
#4497 = ORIENTED_EDGE ( 'NONE', *, *, #2543, .T. ) ;
#4499 = EDGE_CURVE ( 'NONE', #5740, #7158, #9878, .T. ) ;
#4498 = VECTOR ( 'NONE', #10077, 1000.000000000000000 ) ;
#4500 = ORIENTED_EDGE ( 'NONE', *, *, #2420, .F. ) ;
#4502 = ADVANCED_FACE ( 'NONE', ( #2955 ), #1159, .F. ) ;
#4501 = AXIS2_PLACEMENT_3D ( 'NONE', #4892, #10131, #2409 ) ;
#4503 = FACE_OUTER_BOUND ( 'NONE', #9433, .T. ) ;
#4504 = EDGE_LOOP ( 'NONE', ( #3692, #181, #6783, #679 ) ) ;
#4505 = DIRECTION ( 'NONE',  ( 0.000000000000000000, 0.000000000000000000, -1.000000000000000000 ) ) ;
#4506 = DIRECTION ( 'NONE',  ( 0.000000000000000000, 1.000000000000000000, 0.000000000000000000 ) ) ;
#4507 = AXIS2_PLACEMENT_3D ( 'NONE', #4383, #2628, #10402 ) ;
#4508 = CARTESIAN_POINT ( 'NONE',  ( 61.62877801720874515, -289.7378125215849991, -40.11534191117038262 ) ) ;
#4509 = LINE ( 'NONE', #119, #8709 ) ;
#4510 = ORIENTED_EDGE ( 'NONE', *, *, #1401, .T. ) ;
#4511 = ORIENTED_EDGE ( 'NONE', *, *, #1527, .F. ) ;
#4512 = ORIENTED_EDGE ( 'NONE', *, *, #7808, .F. ) ;
#4513 = ORIENTED_EDGE ( 'NONE', *, *, #3102, .T. ) ;
#4514 = ADVANCED_FACE ( 'NONE', ( #2008 ), #262, .F. ) ;
#4515 = B_SPLINE_CURVE_WITH_KNOTS ( 'NONE', 3,
 ( #5080, #1875, #5249, #1702, #7902, #6946, #2539, #8522, #862, #5987 ),
 .UNSPECIFIED., .F., .F.,
 ( 4, 2, 2, 2, 4 ),
 ( 4.177767360805210146E-17, 0.0006440711173368113491, 0.001288142234673581065, 0.001932213352010350672, 0.002576284469347120062 ),
 .UNSPECIFIED. ) ;
#4516 = CIRCLE ( 'NONE', #2891, 3.250000000000002665 ) ;
#4517 = CARTESIAN_POINT ( 'NONE',  ( 20.90588215633500369, -244.4176336443679531, -35.11798626738899998 ) ) ;
#4518 = CARTESIAN_POINT ( 'NONE',  ( 17.07009192073629933, -234.1266612764894433, -38.46216121924797449 ) ) ;
#4519 = CARTESIAN_POINT ( 'NONE',  ( 48.78088215633500369, -312.3820313402289912, -34.71798626738900140 ) ) ;
#4520 = CARTESIAN_POINT ( 'NONE',  ( 50.78088215633499658, -213.8820313402290196, -33.11798626738899998 ) ) ;
#4521 = CARTESIAN_POINT ( 'NONE',  ( 50.53088215633499658, -326.3820313402290481, -38.11798626738899287 ) ) ;
#4522 = CARTESIAN_POINT ( 'NONE',  ( 23.49588215633502131, -237.2108035506304873, -27.21798626738900140 ) ) ;
#4523 = DIRECTION ( 'NONE',  ( -1.000000000000000000, 0.000000000000000000, 0.000000000000000000 ) ) ;
#4524 = VECTOR ( 'NONE', #6923, 1000.000000000000000 ) ;
#4525 = DIRECTION ( 'NONE',  ( 0.000000000000000000, 0.000000000000000000, -1.000000000000000000 ) ) ;
#4526 = VERTEX_POINT ( 'NONE', #7191 ) ;
#4527 = ORIENTED_EDGE ( 'NONE', *, *, #1331, .T. ) ;
#4528 = ORIENTED_EDGE ( 'NONE', *, *, #2197, .F. ) ;
#4529 = CARTESIAN_POINT ( 'NONE',  ( 46.85588215633499942, -301.4000313402290203, -23.81798626738900282 ) ) ;
#4530 = AXIS2_PLACEMENT_3D ( 'NONE', #9263, #5662, #6612 ) ;
#4531 = CARTESIAN_POINT ( 'NONE',  ( 44.93088215633500226, -279.5760313402290080, -24.31798626738900282 ) ) ;
#4532 = CARTESIAN_POINT ( 'NONE',  ( 61.63088215633501932, -289.9034704378889273, -43.11798626738900708 ) ) ;
#4533 = CARTESIAN_POINT ( 'NONE',  ( 20.90588215633500369, -266.1320313402289912, -38.11798626738899998 ) ) ;
#4534 = AXIS2_PLACEMENT_3D ( 'NONE', #1850, #2689, #1621 ) ;
#4535 = DIRECTION ( 'NONE',  ( 0.000000000000000000, -1.000000000000000000, 0.000000000000000000 ) ) ;
#4536 = CARTESIAN_POINT ( 'NONE',  ( 32.63088215633499800, -272.1760313402289739, -26.81798626738900282 ) ) ;
#4537 = AXIS2_PLACEMENT_3D ( 'NONE', #1216, #3648, #1905 ) ;
#4538 = ORIENTED_EDGE ( 'NONE', *, *, #11007, .F. ) ;
#4539 = VECTOR ( 'NONE', #5478, 1000.000000000000000 ) ;
#4540 = ADVANCED_FACE ( 'NONE', ( #313 ), #7244, .T. ) ;
#4541 = ORIENTED_EDGE ( 'NONE', *, *, #5725, .F. ) ;
#4542 = CARTESIAN_POINT ( 'NONE',  ( 23.98638941297683047, -291.6613005187749650, -24.43747901074716466 ) ) ;
#4543 = DIRECTION ( 'NONE',  ( 0.000000000000000000, 0.000000000000000000, -1.000000000000000000 ) ) ;
#4544 = CARTESIAN_POINT ( 'NONE',  ( 57.08295112185224696, -294.1318714394173526, -24.51798626738906606 ) ) ;
#4545 = CIRCLE ( 'NONE', #7792, 3.000000000000002665 ) ;
#4546 = CARTESIAN_POINT ( 'NONE',  ( 18.19138218554386910, -286.0334719600963354, -37.93760748509971137 ) ) ;
#4547 = CARTESIAN_POINT ( 'NONE',  ( 32.40588215633500369, -240.9235313402290046, 223.6996348679430184 ) ) ;
#4548 = CARTESIAN_POINT ( 'NONE',  ( 61.50504540745331639, -238.5523481247427924, -39.76528504864867131 ) ) ;
#4549 = AXIS2_PLACEMENT_3D ( 'NONE', #6423, #9808, #2041 ) ;
#4550 = CARTESIAN_POINT ( 'NONE',  ( 50.78088215633499658, -214.5820313402290083, -23.81798626738900282 ) ) ;
#4551 = CARTESIAN_POINT ( 'NONE',  ( 57.51088215633501477, -289.9034704378889273, -33.11798626738899998 ) ) ;
#4552 = EDGE_CURVE ( 'NONE', #6769, #7546, #1104, .T. ) ;
#4553 = LINE ( 'NONE', #8893, #3208 ) ;
#4554 = CONICAL_SURFACE ( 'NONE', #5994, 3.699999999999991296, 0.7853981633974477239 ) ;
#4555 = ORIENTED_EDGE ( 'NONE', *, *, #9865, .T. ) ;
#4556 = VERTEX_POINT ( 'NONE', #7135 ) ;
#4557 = AXIS2_PLACEMENT_3D ( 'NONE', #3482, #5961, #9506 ) ;
#4558 = ORIENTED_EDGE ( 'NONE', *, *, #6351, .T. ) ;
#4559 = DIRECTION ( 'NONE',  ( 0.000000000000000000, -1.000000000000000000, 0.000000000000000000 ) ) ;
#4560 = ORIENTED_EDGE ( 'NONE', *, *, #3361, .T. ) ;
#4561 = CARTESIAN_POINT ( 'NONE',  ( 23.78088215633500369, -326.3820313402290481, -44.11798626738900708 ) ) ;
#4562 = CARTESIAN_POINT ( 'NONE',  ( 47.78088215633500369, -220.3820313402289912, -34.71798626738900140 ) ) ;
#4563 = EDGE_CURVE ( 'NONE', #10300, #5089, #10240, .T. ) ;
#4564 = VECTOR ( 'NONE', #8935, 1000.000000000000000 ) ;
#4565 = EDGE_CURVE ( 'NONE', #8768, #7728, #7079, .T. ) ;
#4566 = EDGE_CURVE ( 'NONE', #1077, #615, #10777, .T. ) ;
#4567 = CARTESIAN_POINT ( 'NONE',  ( 61.59803038682024123, -290.4461586535374522, -39.55672376674844770 ) ) ;
#4568 = ORIENTED_EDGE ( 'NONE', *, *, #7001, .T. ) ;
#4569 = ORIENTED_EDGE ( 'NONE', *, *, #4685, .F. ) ;
#4570 = ORIENTED_EDGE ( 'NONE', *, *, #5787, .T. ) ;
#4571 = EDGE_CURVE ( 'NONE', #233, #5393, #4483, .T. ) ;
#4572 = VERTEX_POINT ( 'NONE', #2898 ) ;
#4574 = ORIENTED_EDGE ( 'NONE', *, *, #4211, .F. ) ;
#4573 = VECTOR ( 'NONE', #6386, 1000.000000000000114 ) ;
#4575 = DIRECTION ( 'NONE',  ( 1.000000000000000000, 0.000000000000000000, -0.000000000000000000 ) ) ;
#4576 = CARTESIAN_POINT ( 'NONE',  ( 18.31876937021744922, -230.3060808622643663, -38.14549606372536772 ) ) ;
#4577 = CARTESIAN_POINT ( 'NONE',  ( 29.65588215633500369, -235.6320313402289912, -26.81798626738900282 ) ) ;
#4578 = CARTESIAN_POINT ( 'NONE',  ( 38.78088215633501079, -265.8950313402290249, -26.81798626738900282 ) ) ;
#4579 = EDGE_CURVE ( 'NONE', #6139, #4526, #3463, .T. ) ;
#4580 = DIRECTION ( 'NONE',  ( -1.000000000000000000, 0.000000000000000000, 0.000000000000000000 ) ) ;
#4581 = DIRECTION ( 'NONE',  ( 1.000000000000000000, 1.822188525185719948E-16, 0.000000000000000000 ) ) ;
#4582 = CARTESIAN_POINT ( 'NONE',  ( 44.93088215633500226, -231.1330313402289960, -24.31798626738900282 ) ) ;
#4583 = ORIENTED_EDGE ( 'NONE', *, *, #1925, .F. ) ;
#4584 = ORIENTED_EDGE ( 'NONE', *, *, #3383, .T. ) ;
#4585 = ORIENTED_EDGE ( 'NONE', *, *, #7317, .F. ) ;
#4586 = LINE ( 'NONE', #2051, #5410 ) ;
#4587 = CYLINDRICAL_SURFACE ( 'NONE', #7964, 3.250000000000002665 ) ;
#4588 = CARTESIAN_POINT ( 'NONE',  ( 24.14190092067403626, -220.9033766778755989, -24.28189931999282081 ) ) ;
#4589 = DIRECTION ( 'NONE',  ( 1.000000000000000000, 0.000000000000000000, 0.000000000000000000 ) ) ;
#4590 = CARTESIAN_POINT ( 'NONE',  ( 16.20674337460740944, -240.5412871188600548, -39.54151671911813537 ) ) ;
#4591 = DIRECTION ( 'NONE',  ( 0.000000000000000000, 0.000000000000000000, 1.000000000000000000 ) ) ;
#4592 = VERTEX_POINT ( 'NONE', #2060 ) ;
#4593 = VERTEX_POINT ( 'NONE', #5485 ) ;
#4594 = CARTESIAN_POINT ( 'NONE',  ( 29.65588215633500369, -250.7370313402290094, -23.81798626738900282 ) ) ;
#4595 = FACE_BOUND ( 'NONE', #3194, .T. ) ;
#4596 = LINE ( 'NONE', #3748, #1121 ) ;
#4597 = DIRECTION ( 'NONE',  ( 0.000000000000000000, 0.000000000000000000, 1.000000000000000000 ) ) ;
#4598 = CARTESIAN_POINT ( 'NONE',  ( 61.68345669195736747, -236.8798565016997770, -39.99293858997804563 ) ) ;
#4599 = DIRECTION ( 'NONE',  ( -0.7071067811865489050, 0.000000000000000000, 0.7071067811865460184 ) ) ;
#4600 = LINE ( 'NONE', #2908, #9752 ) ;
#4601 = LINE ( 'NONE', #5334, #8083 ) ;
#4602 = ORIENTED_EDGE ( 'NONE', *, *, #9150, .T. ) ;
#4603 = EDGE_LOOP ( 'NONE', ( #3991, #8195 ) ) ;
#4604 = EDGE_LOOP ( 'NONE', ( #3378, #1497 ) ) ;
#4605 = CARTESIAN_POINT ( 'NONE',  ( 59.23480010662317596, -286.0762347914614452, -35.37766501776039973 ) ) ;
#4606 = ORIENTED_EDGE ( 'NONE', *, *, #8641, .T. ) ;
#4607 = EDGE_CURVE ( 'NONE', #682, #7335, #10454, .T. ) ;
#4608 = FACE_OUTER_BOUND ( 'NONE', #3226, .T. ) ;
#4609 = VECTOR ( 'NONE', #10116, 1000.000000000000000 ) ;
#4610 = CYLINDRICAL_SURFACE ( 'NONE', #595, 1.300000000000023359 ) ;
#4611 = CARTESIAN_POINT ( 'NONE',  ( 61.63060764795176283, -289.9871787223110573, -39.78270269158193173 ) ) ;
#4612 = EDGE_LOOP ( 'NONE', ( #4170, #6112, #5893, #7093 ) ) ;
#4613 = VECTOR ( 'NONE', #8470, 1000.000000000000000 ) ;
#4614 = ORIENTED_EDGE ( 'NONE', *, *, #4491, .T. ) ;
#4615 = VERTEX_POINT ( 'NONE', #206 ) ;
#4616 = ORIENTED_EDGE ( 'NONE', *, *, #2068, .T. ) ;
#4617 = EDGE_LOOP ( 'NONE', ( #6621, #10224, #10097, #4228 ) ) ;
#4618 = EDGE_CURVE ( 'NONE', #8784, #11107, #8086, .T. ) ;
#4619 = DIRECTION ( 'NONE',  ( 0.000000000000000000, 0.000000000000000000, 1.000000000000000000 ) ) ;
#4620 = DIRECTION ( 'NONE',  ( -0.000000000000000000, -0.000000000000000000, -1.000000000000000000 ) ) ;
#4621 = CARTESIAN_POINT ( 'NONE',  ( 23.63919798796011662, -240.2193310577758609, -24.78467043576388207 ) ) ;
#4622 = VECTOR ( 'NONE', #2499, 1000.000000000000000 ) ;
#4623 = DIRECTION ( 'NONE',  ( 1.000000000000000000, 0.000000000000000000, 0.000000000000000000 ) ) ;
#4624 = EDGE_CURVE ( 'NONE', #10766, #789, #5386, .T. ) ;
#4625 = DIRECTION ( 'NONE',  ( 1.000000000000000000, 0.000000000000000000, 0.000000000000000000 ) ) ;
#4626 = DIRECTION ( 'NONE',  ( 0.000000000000000000, 1.000000000000000000, 0.000000000000000000 ) ) ;
#4627 = DIRECTION ( 'NONE',  ( 0.000000000000000000, 0.000000000000000000, 1.000000000000000000 ) ) ;
#4628 = VERTEX_POINT ( 'NONE', #3583 ) ;
#4629 = ORIENTED_EDGE ( 'NONE', *, *, #1995, .F. ) ;
#4630 = ORIENTED_EDGE ( 'NONE', *, *, #6057, .F. ) ;
#4631 = VECTOR ( 'NONE', #1140, 1000.000000000000000 ) ;
#4632 = EDGE_CURVE ( 'NONE', #5825, #326, #5559, .T. ) ;
#4633 = EDGE_CURVE ( 'NONE', #1712, #5938, #7023, .T. ) ;
#4634 = B_SPLINE_CURVE_WITH_KNOTS ( 'NONE', 3,
 ( #9208, #1489, #4923, #3230, #6671, #878, #1773, #10391, #5317, #3404, #2557, #10218, #6004, #1717, #3462, #8760, #6907, #10337, #11115, #5211, #139, #4309, #7015, #4369, #10274, #8656, #8537, #2731, #9490, #6849, #10447, #3574, #7755, #936, #7863, #5096, #5944, #1835, #6059, #2618, #9438, #7811, #3632, #91, #3521, #7692, #8711, #6960 ),
 .UNSPECIFIED., .F., .F.,
 ( 4, 2, 2, 2, 2, 2, 2, 2, 2, 2, 2, 2, 2, 2, 2, 2, 2, 2, 2, 2, 2, 2, 2, 4 ),
 ( 0.000000000000000000, 0.0004784227689013956729, 0.0009568455378027913459, 0.001913691075605582692, 0.002870536613408373929, 0.003827382151211165384, 0.004784227689013956404, 0.005741073226816747858, 0.006697918764619539313, 0.007176341533520943713, 0.007415552917971638541, 0.007654764302422334236, 0.007893975686873028197, 0.008133187071323723025, 0.008611609840225239315, 0.009568455378028369041, 0.01052530091583150224, 0.01148214645363463196, 0.01243899199143776342, 0.01339583752924089488, 0.01387426029814246148, 0.01435268306704402634, 0.01483110583594559294, 0.01530952860484715607 ),
 .UNSPECIFIED. ) ;
#4635 = EDGE_CURVE ( 'NONE', #9573, #6216, #6608, .T. ) ;
#4636 = DIRECTION ( 'NONE',  ( 1.000000000000000000, 0.000000000000000000, 0.000000000000000000 ) ) ;
#4637 = CARTESIAN_POINT ( 'NONE',  ( 29.90588215633500369, -286.8800777381588887, -34.71798626738900140 ) ) ;
#4638 = CARTESIAN_POINT ( 'NONE',  ( 23.90566762210126939, -220.9327681779809893, -24.51777176383416901 ) ) ;
#4639 = PLANE ( 'NONE',  #5829 ) ;
#4640 = EDGE_CURVE ( 'NONE', #2280, #4974, #1485, .T. ) ;
#4641 = CIRCLE ( 'NONE', #6992, 2.999999999999999112 ) ;
#4642 = DIRECTION ( 'NONE',  ( 0.000000000000000000, 0.000000000000000000, 1.000000000000000000 ) ) ;
#4643 = DIRECTION ( 'NONE',  ( -0.000000000000000000, -0.000000000000000000, 1.000000000000000000 ) ) ;
#4644 = ORIENTED_EDGE ( 'NONE', *, *, #3808, .T. ) ;
#4645 = ORIENTED_EDGE ( 'NONE', *, *, #10129, .T. ) ;
#4646 = CARTESIAN_POINT ( 'NONE',  ( 28.90588215633500013, -299.6320313402289912, -38.11798626738899998 ) ) ;
#4648 = EDGE_CURVE ( 'NONE', #299, #3195, #8365, .T. ) ;
#4647 = VECTOR ( 'NONE', #2661, 1000.000000000000000 ) ;
#4649 = DIRECTION ( 'NONE',  ( -1.000000000000000000, 0.000000000000000000, 0.000000000000000000 ) ) ;
#4650 = FACE_OUTER_BOUND ( 'NONE', #8506, .T. ) ;
#4651 = CARTESIAN_POINT ( 'NONE',  ( 20.90588215633500369, -297.1171293569119030, -33.11798626738899998 ) ) ;
#4652 = CARTESIAN_POINT ( 'NONE',  ( 61.64062434620466036, -237.9382764915291943, -40.15158154493760634 ) ) ;
#4653 = DIRECTION ( 'NONE',  ( -0.5773502691896250649, 0.5773502691896260641, -0.5773502691896260641 ) ) ;
#4654 = LINE ( 'NONE', #9100, #5360 ) ;
#4655 = DIRECTION ( 'NONE',  ( 0.000000000000000000, 0.000000000000000000, 1.000000000000000000 ) ) ;
#4656 = AXIS2_PLACEMENT_3D ( 'NONE', #3872, #10632, #1966 ) ;
#4657 = VECTOR ( 'NONE', #6190, 1000.000000000000000 ) ;
#4658 = LINE ( 'NONE', #8097, #3214 ) ;
#4659 = B_SPLINE_CURVE_WITH_KNOTS ( 'NONE', 3,
 ( #1614, #5110, #6800, #3354, #4430, #3414, #5050, #1844, #8722, #5277, #831, #6071 ),
 .UNSPECIFIED., .F., .F.,
 ( 4, 2, 2, 2, 2, 4 ),
 ( 0.000000000000000000, 0.0003236295231255666019, 0.0006472590462511332039, 0.001294518092502266408, 0.001941777138753399612, 0.002589036185004532815 ),
 .UNSPECIFIED. ) ;
#4660 = ORIENTED_EDGE ( 'NONE', *, *, #10109, .T. ) ;
#4661 = VERTEX_POINT ( 'NONE', #2268 ) ;
#4662 = ORIENTED_EDGE ( 'NONE', *, *, #7953, .T. ) ;
#4663 = CARTESIAN_POINT ( 'NONE',  ( 61.51148216795084522, -288.8781740698865406, -39.07427764573571949 ) ) ;
#4664 = LINE ( 'NONE', #3873, #3537 ) ;
#4665 = CARTESIAN_POINT ( 'NONE',  ( 53.78088215633500369, -315.3820313402289912, -33.11798626738899998 ) ) ;
#4666 = AXIS2_PLACEMENT_3D ( 'NONE', #7572, #1656, #2496 ) ;
#4667 = CIRCLE ( 'NONE', #10428, 5.000000000000004441 ) ;
#4668 = CARTESIAN_POINT ( 'NONE',  ( 23.90588215633500369, -216.8820313402289912, -24.51798626738900211 ) ) ;
#4669 = CARTESIAN_POINT ( 'NONE',  ( 61.31303402494970101, -288.2755235443174797, -38.30431889549647195 ) ) ;
#4670 = VECTOR ( 'NONE', #2526, 1000.000000000000000 ) ;
#4671 = VERTEX_POINT ( 'NONE', #8196 ) ;
#4672 = VECTOR ( 'NONE', #4686, 1000.000000000000000 ) ;
#4673 = ORIENTED_EDGE ( 'NONE', *, *, #9311, .F. ) ;
#4674 = EDGE_LOOP ( 'NONE', ( #8673, #6097, #3525, #2194 ) ) ;
#4675 = EDGE_LOOP ( 'NONE', ( #2942, #7672, #5001, #9846 ) ) ;
#4676 = ORIENTED_EDGE ( 'NONE', *, *, #9301, .F. ) ;
#4677 = DIRECTION ( 'NONE',  ( 0.000000000000000000, 0.000000000000000000, 1.000000000000000000 ) ) ;
#4678 = EDGE_CURVE ( 'NONE', #274, #10002, #4132, .T. ) ;
#4679 = FILL_AREA_STYLE_COLOUR ( '', #2535 ) ;
#4680 = AXIS2_PLACEMENT_3D ( 'NONE', #6127, #9561, #8546 ) ;
#4681 = DIRECTION ( 'NONE',  ( -1.000000000000000000, 0.000000000000000000, 0.000000000000000000 ) ) ;
#4682 = CARTESIAN_POINT ( 'NONE',  ( 29.78088215633500369, -282.8820313402289912, -38.11798626738899287 ) ) ;
#4683 = CARTESIAN_POINT ( 'NONE',  ( 57.38088215633500511, -289.9034704378889273, -38.11798626738899998 ) ) ;
#4684 = CARTESIAN_POINT ( 'NONE',  ( 28.90588215633500013, -219.8820313402289912, -34.71798626738900140 ) ) ;
#4685 = EDGE_CURVE ( 'NONE', #10300, #8784, #9881, .T. ) ;
#4686 = DIRECTION ( 'NONE',  ( 1.000000000000000000, 2.915501640297150339E-16, 0.000000000000000000 ) ) ;
#4687 = VERTEX_POINT ( 'NONE', #9042 ) ;
#4688 = ORIENTED_EDGE ( 'NONE', *, *, #1734, .F. ) ;
#4689 = AXIS2_PLACEMENT_3D ( 'NONE', #8871, #1198, #4636 ) ;
#4690 = ORIENTED_EDGE ( 'NONE', *, *, #3225, .F. ) ;
#4691 = CARTESIAN_POINT ( 'NONE',  ( 56.65045317157982652, -294.1124146440474760, -24.55965948486544903 ) ) ;
#4692 = CARTESIAN_POINT ( 'NONE',  ( 21.48088215633500653, -289.9034704378889273, -43.11798626738900708 ) ) ;
#4693 = AXIS2_PLACEMENT_3D ( 'NONE', #4323, #7766, #5225 ) ;
#4694 = CARTESIAN_POINT ( 'NONE',  ( 36.84338215633500369, -218.8820313402289912, 220.0996348679430525 ) ) ;
#4695 = DIRECTION ( 'NONE',  ( 1.000000000000000000, 0.000000000000000000, 0.000000000000000000 ) ) ;
#4696 = EDGE_CURVE ( 'NONE', #10819, #8399, #2865, .T. ) ;
#4697 = DIRECTION ( 'NONE',  ( 0.000000000000000000, 0.000000000000000000, 1.000000000000000000 ) ) ;
#4698 = ADVANCED_FACE ( 'NONE', ( #7348 ), #6560, .F. ) ;
#4699 = EDGE_CURVE ( 'NONE', #11122, #9743, #1373, .T. ) ;
#4700 = VERTEX_POINT ( 'NONE', #4975 ) ;
#4701 = CIRCLE ( 'NONE', #1283, 1.299999999999999156 ) ;
#4703 = ADVANCED_FACE ( 'NONE', ( #5149, #4243, #2615, #11055, #10271 ), #8800, .T. ) ;
#4702 = VERTEX_POINT ( 'NONE', #5882 ) ;
#4704 = DIRECTION ( 'NONE',  ( 0.000000000000000000, 0.000000000000000000, -1.000000000000000000 ) ) ;
#4705 = DIRECTION ( 'NONE',  ( 0.000000000000000000, 0.000000000000000000, 1.000000000000000000 ) ) ;
#4706 = AXIS2_PLACEMENT_3D ( 'NONE', #6927, #3538, #10235 ) ;
#4707 = FACE_OUTER_BOUND ( 'NONE', #4317, .T. ) ;
#4708 = LINE ( 'NONE', #428, #8677 ) ;
#4709 = CARTESIAN_POINT ( 'NONE',  ( 61.64198706861531463, -235.5391206089203422, -40.21262225465599016 ) ) ;
#4710 = PLANE ( 'NONE',  #8342 ) ;
#4711 = CARTESIAN_POINT ( 'NONE',  ( 44.93088215633500226, -272.1760313402289739, -26.81798626738900282 ) ) ;
#4712 = PLANE ( 'NONE',  #2735 ) ;
#4713 = VECTOR ( 'NONE', #8694, 1000.000000000000000 ) ;
#4714 = EDGE_CURVE ( 'NONE', #4572, #217, #7689, .T. ) ;
#4715 = DIRECTION ( 'NONE',  ( 0.000000000000000000, 1.000000000000000000, 0.000000000000000000 ) ) ;
#4716 = ORIENTED_EDGE ( 'NONE', *, *, #7923, .F. ) ;
#4717 = ORIENTED_EDGE ( 'NONE', *, *, #7607, .T. ) ;
#4718 = DIRECTION ( 'NONE',  ( -0.7071067811865435759, 0.000000000000000000, -0.7071067811865514585 ) ) ;
#4719 = MECHANICAL_DESIGN_GEOMETRIC_PRESENTATION_REPRESENTATION (  '', ( #2366 ), #6511 ) ;
#4720 = DIRECTION ( 'NONE',  ( 1.000000000000000000, 0.000000000000000000, 0.000000000000000000 ) ) ;
#4721 = AXIS2_PLACEMENT_3D ( 'NONE', #9464, #9408, #1746 ) ;
#4722 = CARTESIAN_POINT ( 'NONE',  ( 20.57898560461087456, -241.4354970538558973, -43.11798626738900708 ) ) ;
#4723 = DIRECTION ( 'NONE',  ( 0.7071067811865474617, 0.000000000000000000, 0.7071067811865474617 ) ) ;
#4724 = DIRECTION ( 'NONE',  ( 0.000000000000000000, -1.000000000000000000, 0.000000000000000000 ) ) ;
#4725 = CARTESIAN_POINT ( 'NONE',  ( 59.23463607961374322, -296.7919236690943308, -38.14441408389429000 ) ) ;
#4726 = AXIS2_PLACEMENT_3D ( 'NONE', #5822, #6048, #1707 ) ;
#4727 = ORIENTED_EDGE ( 'NONE', *, *, #3780, .F. ) ;
#4728 = ORIENTED_EDGE ( 'NONE', *, *, #1342, .F. ) ;
#4729 = VERTEX_POINT ( 'NONE', #9487 ) ;
#4730 = ORIENTED_EDGE ( 'NONE', *, *, #632, .T. ) ;
#4731 = ORIENTED_EDGE ( 'NONE', *, *, #4747, .T. ) ;
#4732 = CARTESIAN_POINT ( 'NONE',  ( 30.70588215633500440, -309.9910313402289717, -24.31798626738900282 ) ) ;
#4733 = CIRCLE ( 'NONE', #7979, 3.000000000000002665 ) ;
#4734 = DIRECTION ( 'NONE',  ( 0.000000000000000000, 0.000000000000000000, -1.000000000000000000 ) ) ;
#4735 = VECTOR ( 'NONE', #4653, 1000.000000000000114 ) ;
#4736 = LINE ( 'NONE', #1239, #1654 ) ;
#4737 = FACE_OUTER_BOUND ( 'NONE', #5643, .T. ) ;
#4738 = CARTESIAN_POINT ( 'NONE',  ( 32.63088215633499800, -244.8140313402290076, -24.31798626738900282 ) ) ;
#4739 = DIRECTION ( 'NONE',  ( 1.000000000000000000, 2.478176394252580155E-16, 0.000000000000000000 ) ) ;
#4740 = LINE ( 'NONE', #403, #1426 ) ;
#4741 = CIRCLE ( 'NONE', #10316, 3.550000000000001155 ) ;
#4742 = ORIENTED_EDGE ( 'NONE', *, *, #4273, .F. ) ;
#4743 = EDGE_LOOP ( 'NONE', ( #9057, #3830, #2179, #2752 ) ) ;
#4744 = AXIS2_PLACEMENT_3D ( 'NONE', #9304, #5930, #10204 ) ;
#4745 = ORIENTED_EDGE ( 'NONE', *, *, #10741, .F. ) ;
#4746 = FACE_OUTER_BOUND ( 'NONE', #9733, .T. ) ;
#4747 = EDGE_CURVE ( 'NONE', #5059, #5287, #3399, .T. ) ;
#4748 = PRODUCT_DEFINITION_FORMATION_WITH_SPECIFIED_SOURCE ( 'ANY', '', #10520, .NOT_KNOWN. ) ;
#4749 = CARTESIAN_POINT ( 'NONE',  ( 16.13733773562658058, -291.2167224583681104, -38.71041298573183553 ) ) ;
#4750 = DIRECTION ( 'NONE',  ( 0.000000000000000000, -0.7071067811865475727, 0.7071067811865475727 ) ) ;
#4751 = CARTESIAN_POINT ( 'NONE',  ( 47.78088215633500369, -220.3820313402289912, 220.0996348679430525 ) ) ;
#4752 = CARTESIAN_POINT ( 'NONE',  ( 17.06429185053115205, -231.7295573882188364, -38.64822671364231610 ) ) ;
#4753 = LINE ( 'NONE', #8192, #9760 ) ;
#4754 = VERTEX_POINT ( 'NONE', #3342 ) ;
#4755 = ORIENTED_EDGE ( 'NONE', *, *, #7162, .T. ) ;
#4756 = CARTESIAN_POINT ( 'NONE',  ( 61.51188758905026077, -287.5387576081360521, -39.86986030984320450 ) ) ;
#4757 = LINE ( 'NONE', #10944, #3617 ) ;
#4758 = EDGE_CURVE ( 'NONE', #860, #8879, #1597, .T. ) ;
#4759 = ADVANCED_FACE ( 'NONE', ( #5350 ), #7635, .T. ) ;
#4760 = CARTESIAN_POINT ( 'NONE',  ( 56.14588215633498436, -237.2108035506304873, -43.11798626738900708 ) ) ;
#4761 = CARTESIAN_POINT ( 'NONE',  ( 56.78088215633501079, -282.6783406812687076, -35.11798626738899998 ) ) ;
#4762 = CARTESIAN_POINT ( 'NONE',  ( 61.68817973353129958, -236.9461923978700213, -40.03679307409817056 ) ) ;
#4763 = DIRECTION ( 'NONE',  ( 1.000000000000000000, 7.656710514656241666E-15, 0.000000000000000000 ) ) ;
#4764 = DIRECTION ( 'NONE',  ( -2.915501640297150339E-16, 1.000000000000000000, 0.000000000000000000 ) ) ;
#4765 = LINE ( 'NONE', #1333, #4888 ) ;
#4766 = ADVANCED_FACE ( 'NONE', ( #2437 ), #8533, .F. ) ;
#4767 = CARTESIAN_POINT ( 'NONE',  ( 58.94938612078538398, -244.2736960123297933, -38.11798626738879392 ) ) ;
#4768 = CARTESIAN_POINT ( 'NONE',  ( 23.78088215633500369, -198.3820313402289344, -44.11798626738900708 ) ) ;
#4769 = VERTEX_POINT ( 'NONE', #1713 ) ;
#4770 = ORIENTED_EDGE ( 'NONE', *, *, #3470, .T. ) ;
#4771 = FACE_BOUND ( 'NONE', #2364, .T. ) ;
#4772 = EDGE_CURVE ( 'NONE', #260, #9800, #8082, .T. ) ;
#4773 = CARTESIAN_POINT ( 'NONE',  ( 61.61996228743592496, -290.2172014903330819, -39.70515685071277545 ) ) ;
#4774 = EDGE_CURVE ( 'NONE', #70, #4137, #1425, .T. ) ;
#4775 = EDGE_CURVE ( 'NONE', #2293, #10954, #9526, .T. ) ;
#4776 = CYLINDRICAL_SURFACE ( 'NONE', #241, 3.250000000000002665 ) ;
#4777 = CARTESIAN_POINT ( 'NONE',  ( 56.54791313513734252, -285.6830122604746407, -24.59584511955971919 ) ) ;
#4778 = CARTESIAN_POINT ( 'NONE',  ( 58.58188618348611953, -294.0417821868292094, -37.92058128988680465 ) ) ;
#4779 = EDGE_LOOP ( 'NONE', ( #42, #7050, #7858, #8811 ) ) ;
#4780 = ORIENTED_EDGE ( 'NONE', *, *, #7248, .T. ) ;
#4781 = ORIENTED_EDGE ( 'NONE', *, *, #5136, .F. ) ;
#4782 = EDGE_LOOP ( 'NONE', ( #5682, #6469, #4047, #1247 ) ) ;
#4783 = CARTESIAN_POINT ( 'NONE',  ( 53.08088215633500084, -315.3820313402289912, -23.81798626738900282 ) ) ;
#4784 = ORIENTED_EDGE ( 'NONE', *, *, #3528, .F. ) ;
#4785 = DIRECTION ( 'NONE',  ( -0.7071067811865475727, 0.000000000000000000, 0.7071067811865475727 ) ) ;
#4786 = ADVANCED_FACE ( 'NONE', ( #9315 ), #8474, .T. ) ;
#4787 = FILL_AREA_STYLE ('',( #4679 ) ) ;
#4788 = DIRECTION ( 'NONE',  ( 0.000000000000000000, 1.000000000000000000, 0.000000000000000000 ) ) ;
#4789 = DIRECTION ( 'NONE',  ( 1.000000000000000000, 7.501506923142931944E-15, 0.000000000000000000 ) ) ;
#4790 = VECTOR ( 'NONE', #605, 1000.000000000000000 ) ;
#4791 = PLANE ( 'NONE',  #7906 ) ;
#4792 = FACE_OUTER_BOUND ( 'NONE', #3936, .T. ) ;
#4793 = PLANE ( 'NONE',  #158 ) ;
#4794 = ORIENTED_EDGE ( 'NONE', *, *, #1803, .T. ) ;
#4795 = ORIENTED_EDGE ( 'NONE', *, *, #2479, .F. ) ;
#4796 = EDGE_LOOP ( 'NONE', ( #5460, #10640, #9836, #9689 ) ) ;
#4797 = CIRCLE ( 'NONE', #11086, 1.500000000000001332 ) ;
#4798 = CARTESIAN_POINT ( 'NONE',  ( 18.36676887631501387, -241.1999800148163331, -37.90484139650839523 ) ) ;
#4799 = CARTESIAN_POINT ( 'NONE',  ( 16.00988469068567710, -290.7628172311624439, -39.89177302563946625 ) ) ;
#4800 = CARTESIAN_POINT ( 'NONE',  ( 20.90588215633500724, -244.4176336443679531, -35.11798626738899998 ) ) ;
#4801 = CARTESIAN_POINT ( 'NONE',  ( 53.78088215633500369, -205.8820313402289912, -44.11798626738900708 ) ) ;
#4802 = CARTESIAN_POINT ( 'NONE',  ( 23.78088215633500369, -334.3820313402290481, -41.11798626738899287 ) ) ;
#4803 = PLANE ( 'NONE',  #6887 ) ;
#4804 = AXIS2_PLACEMENT_3D ( 'NONE', #357, #7291, #5369 ) ;
#4805 = VERTEX_POINT ( 'NONE', #6000 ) ;
#4806 = ORIENTED_EDGE ( 'NONE', *, *, #5358, .F. ) ;
#4807 = CARTESIAN_POINT ( 'NONE',  ( 28.90588215633500013, -269.7855313402289994, -33.11798626738899998 ) ) ;
#4808 = ADVANCED_FACE ( 'NONE', ( #1540 ), #4304, .F. ) ;
#4809 = DIRECTION ( 'NONE',  ( 0.9949874371066200762, 0.1000000000000001305, 0.000000000000000000 ) ) ;
#4810 = CIRCLE ( 'NONE', #4457, 7.249999999999999112 ) ;
#4811 = CARTESIAN_POINT ( 'NONE',  ( 16.99588215633502131, -237.2108035506304873, -23.81798626738900282 ) ) ;
#4812 = CARTESIAN_POINT ( 'NONE',  ( 53.78088215633500369, -315.3820313402289912, -33.11798626738899998 ) ) ;
#4813 = CARTESIAN_POINT ( 'NONE',  ( 58.50565162162875055, -241.3362024096118716, -35.11798627234604453 ) ) ;
#4814 = DIRECTION ( 'NONE',  ( -1.000000000000000000, 0.000000000000000000, 0.000000000000000000 ) ) ;
#4815 = CARTESIAN_POINT ( 'NONE',  ( 54.07248711604556490, -286.9088878113864780, -24.80959122709955622 ) ) ;
#4816 = CARTESIAN_POINT ( 'NONE',  ( 28.90588215633500013, -256.1045313402289594, -33.11798626738899998 ) ) ;
#4817 = CARTESIAN_POINT ( 'NONE',  ( 61.35411812911557661, -240.5445324970016259, -39.54015171586310373 ) ) ;
#4818 = CARTESIAN_POINT ( 'NONE',  ( 32.40588215633500369, -227.2425313402290215, -33.11798626738899998 ) ) ;
#4819 = EDGE_CURVE ( 'NONE', #8217, #10267, #7489, .T. ) ;
#4820 = VECTOR ( 'NONE', #4423, 1000.000000000000000 ) ;
#4821 = ORIENTED_EDGE ( 'NONE', *, *, #2222, .F. ) ;
#4822 = ORIENTED_EDGE ( 'NONE', *, *, #1675, .T. ) ;
#4823 = DIRECTION ( 'NONE',  ( 1.000000000000000000, 0.000000000000000000, 0.000000000000000000 ) ) ;
#4824 = CARTESIAN_POINT ( 'NONE',  ( 47.78088215633500369, -253.3820313402290196, -38.11798626738899998 ) ) ;
#4825 = CARTESIAN_POINT ( 'NONE',  ( 20.18088215633500226, -289.9034704378889273, -23.81798626738900282 ) ) ;
#4826 = VECTOR ( 'NONE', #2463, 1000.000000000000000 ) ;
#4827 = CARTESIAN_POINT ( 'NONE',  ( 57.44588215633498862, -237.2108035506304873, -33.11798626738899998 ) ) ;
#4828 = VECTOR ( 'NONE', #9598, 1000.000000000000000 ) ;
#4829 = LINE ( 'NONE', #550, #5779 ) ;
#4830 = CARTESIAN_POINT ( 'NONE',  ( 59.78704379588397444, -293.4090584597468592, -35.75835569224979338 ) ) ;
#4831 = EDGE_CURVE ( 'NONE', #10314, #9962, #6786, .T. ) ;
#4832 = EDGE_CURVE ( 'NONE', #3885, #2279, #2503, .T. ) ;
#4833 = ORIENTED_EDGE ( 'NONE', *, *, #6766, .F. ) ;
#4834 = ADVANCED_FACE ( 'NONE', ( #1183 ), #8011, .F. ) ;
#4835 = ORIENTED_EDGE ( 'NONE', *, *, #6855, .F. ) ;
#4836 = ORIENTED_EDGE ( 'NONE', *, *, #11007, .T. ) ;
#4837 = EDGE_LOOP ( 'NONE', ( #500, #10600, #1909, #9734 ) ) ;
#4838 = AXIS2_PLACEMENT_3D ( 'NONE', #4265, #6928, #8552 ) ;
#4839 = CARTESIAN_POINT ( 'NONE',  ( 54.20891124334504951, -284.5084132183372958, -24.94601535439903728 ) ) ;
#4840 = VERTEX_POINT ( 'NONE', #2822 ) ;
#4841 = FACE_OUTER_BOUND ( 'NONE', #6516, .T. ) ;
#4842 = LINE ( 'NONE', #8436, #3440 ) ;
#4843 = CARTESIAN_POINT ( 'NONE',  ( 60.99588215633497867, -237.2108035506304873, -23.81798626738900282 ) ) ;
#4844 = DIRECTION ( 'NONE',  ( 0.000000000000000000, 1.000000000000000000, 0.000000000000000000 ) ) ;
#4845 = AXIS2_PLACEMENT_3D ( 'NONE', #7869, #2798, #3693 ) ;
#4846 = VECTOR ( 'NONE', #1217, 1000.000000000000000 ) ;
#4847 = FACE_OUTER_BOUND ( 'NONE', #6027, .T. ) ;
#4848 = CARTESIAN_POINT ( 'NONE',  ( 61.28088215633506053, -205.8820313402289912, -44.11798626738900708 ) ) ;
#4849 = CARTESIAN_POINT ( 'NONE',  ( 29.78088215633500369, -293.2770313402289730, -23.81798626738900282 ) ) ;
#4850 = EDGE_CURVE ( 'NONE', #6901, #10088, #6113, .T. ) ;
#4851 = EDGE_LOOP ( 'NONE', ( #6883, #8471, #8508, #10860 ) ) ;
#4852 = ORIENTED_EDGE ( 'NONE', *, *, #4469, .F. ) ;
#4853 = ORIENTED_EDGE ( 'NONE', *, *, #9522, .F. ) ;
#4854 = AXIS2_PLACEMENT_3D ( 'NONE', #1352, #3886, #8225 ) ;
#4855 = DIRECTION ( 'NONE',  ( 0.000000000000000000, 0.000000000000000000, -1.000000000000000000 ) ) ;
#4856 = CARTESIAN_POINT ( 'NONE',  ( 16.22184133846762677, -291.5112057225783246, -39.44622881649909374 ) ) ;
#4857 = CARTESIAN_POINT ( 'NONE',  ( 29.65588215633500369, -235.6320313402289912, -23.81798626738900282 ) ) ;
#4858 = FACE_OUTER_BOUND ( 'NONE', #5851, .T. ) ;
#4859 = CARTESIAN_POINT ( 'NONE',  ( 57.05605457012809723, -241.4428874880107685, -24.51798626738900921 ) ) ;
#4860 = CARTESIAN_POINT ( 'NONE',  ( 57.08295112185224696, -285.6750694363605021, -33.11798626738899998 ) ) ;
#4861 = VECTOR ( 'NONE', #4143, 999.9999999999998863 ) ;
#4862 = ORIENTED_EDGE ( 'NONE', *, *, #1365, .T. ) ;
#4863 = ORIENTED_EDGE ( 'NONE', *, *, #5494, .F. ) ;
#4864 = ORIENTED_EDGE ( 'NONE', *, *, #10205, .F. ) ;
#4865 = CARTESIAN_POINT ( 'NONE',  ( 59.09995661617851681, -282.9392168224391639, -38.13144735469727209 ) ) ;
#4866 = DIRECTION ( 'NONE',  ( 0.000000000000000000, 0.000000000000000000, -1.000000000000000000 ) ) ;
#4867 = AXIS2_PLACEMENT_3D ( 'NONE', #10501, #3734, #8972 ) ;
#4868 = DIRECTION ( 'NONE',  ( 1.000000000000000000, 0.000000000000000000, -0.000000000000000000 ) ) ;
#4869 = CARTESIAN_POINT ( 'NONE',  ( 58.35251110677796760, -241.3844764561269471, -38.01625464450452085 ) ) ;
#4870 = CARTESIAN_POINT ( 'NONE',  ( 27.90588215633500369, -303.7570313402290481, -23.81798626738900282 ) ) ;
#4871 = CARTESIAN_POINT ( 'NONE',  ( 22.47370440097555999, -232.5570923719126313, -24.71464692610562608 ) ) ;
#4872 = CARTESIAN_POINT ( 'NONE',  ( 23.78088215633500369, -326.3820313402290481, -44.11798626738900708 ) ) ;
#4873 = CARTESIAN_POINT ( 'NONE',  ( 61.72529856571490825, -236.5062967602255242, -40.53321752454612437 ) ) ;
#4874 = CYLINDRICAL_SURFACE ( 'NONE', #10503, 3.000000000000002665 ) ;
#4875 = AXIS2_PLACEMENT_3D ( 'NONE', #1362, #9194, #9083 ) ;
#4876 = EDGE_LOOP ( 'NONE', ( #5420, #1595, #2925, #2353, #1564, #4583, #7459 ) ) ;
#4877 = ORIENTED_EDGE ( 'NONE', *, *, #6598, .T. ) ;
#4878 = FACE_BOUND ( 'NONE', #10282, .T. ) ;
#4879 = CARTESIAN_POINT ( 'NONE',  ( 61.51061697333633305, -290.9324683718161282, -39.07002524315888792 ) ) ;
#4880 = CARTESIAN_POINT ( 'NONE',  ( 38.84338215633500369, -220.9327681779809893, -33.11798626738899998 ) ) ;
#4881 = LINE ( 'NONE', #2340, #8218 ) ;
#4883 = EDGE_CURVE ( 'NONE', #5863, #6929, #8956, .T. ) ;
#4882 = CIRCLE ( 'NONE', #4530, 0.7500000000000006661 ) ;
#4884 = CARTESIAN_POINT ( 'NONE',  ( 38.84338215633500369, -317.6820313402290026, -23.81798626738900282 ) ) ;
#4885 = LINE ( 'NONE', #7597, #1886 ) ;
#4886 = CARTESIAN_POINT ( 'NONE',  ( 61.35266944669658784, -293.0481815146097802, -39.56482689881342907 ) ) ;
#4887 = ORIENTED_EDGE ( 'NONE', *, *, #5725, .T. ) ;
#4888 = VECTOR ( 'NONE', #3179, 1000.000000000000000 ) ;
#4889 = VERTEX_POINT ( 'NONE', #9074 ) ;
#4890 = VERTEX_POINT ( 'NONE', #5574 ) ;
#4891 = ORIENTED_EDGE ( 'NONE', *, *, #3022, .T. ) ;
#4892 = CARTESIAN_POINT ( 'NONE',  ( 20.24588215633502131, -237.2108035506304873, -33.11798626738899998 ) ) ;
#4893 = ORIENTED_EDGE ( 'NONE', *, *, #10685, .T. ) ;
#4894 = CARTESIAN_POINT ( 'NONE',  ( 57.51088215633501477, -289.9034704378889273, -24.51798626738906606 ) ) ;
#4895 = ADVANCED_FACE ( 'NONE', ( #10702 ), #9694, .F. ) ;
#4896 = LINE ( 'NONE', #5635, #5620 ) ;
#4897 = ADVANCED_FACE ( 'NONE', ( #7279 ), #5632, .F. ) ;
#4898 = CARTESIAN_POINT ( 'NONE',  ( 56.78088215633500369, -234.8820313402289912, -23.81798626738900282 ) ) ;
#4899 = CIRCLE ( 'NONE', #400, 3.250000000000002665 ) ;
#4900 = CARTESIAN_POINT ( 'NONE',  ( 53.78088215633500369, -334.3820313402290481, -41.11798626738899287 ) ) ;
#4901 = FACE_OUTER_BOUND ( 'NONE', #6167, .T. ) ;
#4902 = DIRECTION ( 'NONE',  ( 1.000000000000000000, 0.000000000000000000, 0.000000000000000000 ) ) ;
#4903 = EDGE_CURVE ( 'NONE', #9179, #9544, #5215, .T. ) ;
#4904 = ORIENTED_EDGE ( 'NONE', *, *, #8767, .T. ) ;
#4905 = EDGE_LOOP ( 'NONE', ( #7159, #1897, #8840, #2457 ) ) ;
#4906 = VERTEX_POINT ( 'NONE', #3035 ) ;
#4907 = VECTOR ( 'NONE', #2990, 1000.000000000000000 ) ;
#4908 = TOROIDAL_SURFACE ( 'NONE', #7077, 7.249999999999999112, 3.000000000000000000 ) ;
#4909 = CARTESIAN_POINT ( 'NONE',  ( 32.40588215633500369, -242.4235313402290046, -33.11798626738899998 ) ) ;
#4910 = ADVANCED_FACE ( 'NONE', ( #7326 ), #8176, .T. ) ;
#4911 = CARTESIAN_POINT ( 'NONE',  ( 17.16753707087108083, -295.5004373794999424, -38.58184319739092416 ) ) ;
#4912 = DIRECTION ( 'NONE',  ( 0.000000000000000000, -1.000000000000000000, 0.000000000000000000 ) ) ;
#4913 = CARTESIAN_POINT ( 'NONE',  ( 24.60588215633500297, -216.8820313402289912, -23.81798626738900282 ) ) ;
#4914 = DIRECTION ( 'NONE',  ( 0.000000000000000000, -1.000000000000000000, 0.000000000000000000 ) ) ;
#4915 = CYLINDRICAL_SURFACE ( 'NONE', #1852, 3.000000000000002665 ) ;
#4916 = ORIENTED_EDGE ( 'NONE', *, *, #1008, .T. ) ;
#4917 = EDGE_LOOP ( 'NONE', ( #4069, #6665, #4569, #10370, #1063, #10849, #10444, #3599, #2552, #2819, #3316, #6753, #2363, #162, #8910, #5013, #1523, #5905, #4378 ) ) ;
#4918 = ORIENTED_EDGE ( 'NONE', *, *, #916, .F. ) ;
#4919 = CARTESIAN_POINT ( 'NONE',  ( 61.51049535569456594, -292.2761089948321001, -39.86683523882680191 ) ) ;
#4920 = AXIS2_PLACEMENT_3D ( 'NONE', #4751, #8190, #8466 ) ;
#4921 = CYLINDRICAL_SURFACE ( 'NONE', #9551, 0.7499999999999729106 ) ;
#4922 = DIRECTION ( 'NONE',  ( 1.000000000000000000, 0.000000000000000000, 0.000000000000000000 ) ) ;
#4923 = CARTESIAN_POINT ( 'NONE',  ( 19.04650081367513792, -285.8046891633893551, -35.13642106265411513 ) ) ;
#4924 = CARTESIAN_POINT ( 'NONE',  ( 53.78088215633500369, -205.8820313402289912, -43.61798626738902840 ) ) ;
#4925 = CARTESIAN_POINT ( 'NONE',  ( 50.78088215633499658, -315.3820313402289912, -23.81798626738900282 ) ) ;
#4926 = SURFACE_STYLE_FILL_AREA ( #8316 ) ;
#4927 = CARTESIAN_POINT ( 'NONE',  ( 59.10849555486676365, -244.1891102101585034, -38.13224120221469349 ) ) ;
#4928 = CARTESIAN_POINT ( 'NONE',  ( 0.000000000000000000, 0.000000000000000000, 0.000000000000000000 ) ) ;
#4929 = VERTEX_POINT ( 'NONE', #6477 ) ;
#4930 = VERTEX_POINT ( 'NONE', #9851 ) ;
#4931 = CARTESIAN_POINT ( 'NONE',  ( 20.90588215633500369, -216.8820313402289912, -38.11798626738899998 ) ) ;
#4932 = AXIS2_PLACEMENT_3D ( 'NONE', #445, #8805, #4724 ) ;
#4933 = CARTESIAN_POINT ( 'NONE',  ( 23.90588215633500369, -315.3820313402289912, -24.51798626738900211 ) ) ;
#4934 = DIRECTION ( 'NONE',  ( 0.000000000000000000, 0.000000000000000000, -1.000000000000000000 ) ) ;
#4935 = CARTESIAN_POINT ( 'NONE',  ( 18.78088215633500013, -326.3820313402290481, -38.11798626738899998 ) ) ;
#4936 = FACE_OUTER_BOUND ( 'NONE', #3209, .T. ) ;
#4937 = CARTESIAN_POINT ( 'NONE',  ( 44.78088215633500369, -219.6320313402290196, -34.71798626738900140 ) ) ;
#4938 = CARTESIAN_POINT ( 'NONE',  ( 60.01572157107795391, -293.3651369579288826, -38.16083194797094080 ) ) ;
#4939 = VECTOR ( 'NONE', #3621, 1000.000000000000000 ) ;
#4940 = EDGE_LOOP ( 'NONE', ( #3670, #7078, #5573, #4455 ) ) ;
#4941 = VERTEX_POINT ( 'NONE', #289 ) ;
#4942 = VERTEX_POINT ( 'NONE', #503 ) ;
#4943 = EDGE_CURVE ( 'NONE', #7134, #8672, #3940, .T. ) ;
#4944 = ORIENTED_EDGE ( 'NONE', *, *, #8329, .F. ) ;
#4945 = CARTESIAN_POINT ( 'NONE',  ( 61.68470892764208457, -237.5277611209444331, -40.00463476525937523 ) ) ;
#4946 = ORIENTED_EDGE ( 'NONE', *, *, #6002, .F. ) ;
#4947 = DIRECTION ( 'NONE',  ( 0.000000000000000000, 1.000000000000000000, 0.000000000000000000 ) ) ;
#4948 = ADVANCED_FACE ( 'NONE', ( #6314 ), #9910, .F. ) ;
#4949 = B_SPLINE_CURVE_WITH_KNOTS ( 'NONE', 3,
 ( #7007, #20, #8645, #3563, #814, #5142, #925, #129, #4354, #10438, #2720, #7061 ),
 .UNSPECIFIED., .F., .F.,
 ( 4, 2, 2, 2, 2, 4 ),
 ( -0.003157044094461199622, -0.001819939898006365468, -0.0004828357015515313128, 0.0001857163966759232780, 0.0008542684949033778688, 0.002191372691358371184 ),
 .UNSPECIFIED. ) ;
#4950 = DIRECTION ( 'NONE',  ( 0.000000000000000000, 0.000000000000000000, 1.000000000000000000 ) ) ;
#4951 = CARTESIAN_POINT ( 'NONE',  ( 20.11588215633501520, -237.2108035506304873, -38.11798626738899998 ) ) ;
#4952 = CARTESIAN_POINT ( 'NONE',  ( 23.90588215633500369, -244.4176336443679531, -35.11798626738899998 ) ) ;
#4953 = DIRECTION ( 'NONE',  ( -0.7071067811865475727, 0.000000000000000000, 0.7071067811865475727 ) ) ;
#4954 = DIRECTION ( 'NONE',  ( -0.7071067811865480168, -1.752335333352429876E-16, -0.7071067811865470176 ) ) ;
#4955 = ORIENTED_EDGE ( 'NONE', *, *, #9108, .F. ) ;
#4956 = ORIENTED_EDGE ( 'NONE', *, *, #5039, .F. ) ;
#4957 = EDGE_CURVE ( 'NONE', #9638, #10902, #8273, .T. ) ;
#4958 = EDGE_LOOP ( 'NONE', ( #4008, #7911, #971, #3993, #2152 ) ) ;
#4959 = CARTESIAN_POINT ( 'NONE',  ( 15.86569905191273833, -237.2691965285782771, -40.11345458157789068 ) ) ;
#4960 = EDGE_CURVE ( 'NONE', #6353, #2476, #9886, .T. ) ;
#4961 = AXIS2_PLACEMENT_3D ( 'NONE', #8944, #3300, #6860 ) ;
#4962 = CARTESIAN_POINT ( 'NONE',  ( 16.10409407993611097, -291.1098141635149545, -38.84488290000408739 ) ) ;
#4963 = LINE ( 'NONE', #1364, #853 ) ;
#4964 = LINE ( 'NONE', #2606, #798 ) ;
#4965 = LINE ( 'NONE', #7399, #10588 ) ;
#4966 = LINE ( 'NONE', #1588, #956 ) ;
#4967 = EDGE_CURVE ( 'NONE', #7896, #4230, #7019, .T. ) ;
#4968 = CARTESIAN_POINT ( 'NONE',  ( 32.63088215633499800, -252.2140313402290133, -26.81798626738900282 ) ) ;
#4969 = ORIENTED_EDGE ( 'NONE', *, *, #2079, .F. ) ;
#4970 = EDGE_CURVE ( 'NONE', #9704, #9954, #9749, .T. ) ;
#4972 = EDGE_CURVE ( 'NONE', #4526, #3240, #7924, .T. ) ;
#4971 = ORIENTED_EDGE ( 'NONE', *, *, #995, .T. ) ;
#4973 = AXIS2_PLACEMENT_3D ( 'NONE', #9560, #1843, #8721 ) ;
#4974 = VERTEX_POINT ( 'NONE', #7219 ) ;
#4975 = CARTESIAN_POINT ( 'NONE',  ( 20.60588215633500297, -285.6747738301858135, -33.11798626738899998 ) ) ;
#4976 = DIRECTION ( 'NONE',  ( 0.000000000000000000, 1.000000000000000000, 0.000000000000000000 ) ) ;
#4977 = DIRECTION ( 'NONE',  ( 0.000000000000000000, 0.000000000000000000, -1.000000000000000000 ) ) ;
#4978 = CARTESIAN_POINT ( 'NONE',  ( 60.68453528384961970, -240.0779363476723915, -38.62172633882286021 ) ) ;
#4979 = DIRECTION ( 'NONE',  ( 0.000000000000000000, 0.000000000000000000, 1.000000000000000000 ) ) ;
#4980 = VECTOR ( 'NONE', #8131, 1000.000000000000000 ) ;
#4981 = PLANE ( 'NONE',  #10400 ) ;
#4982 = DIRECTION ( 'NONE',  ( 0.000000000000000000, 0.000000000000000000, -1.000000000000000000 ) ) ;
#4983 = CARTESIAN_POINT ( 'NONE',  ( 23.90588215633500369, -282.6898115188659517, -33.11798626738899998 ) ) ;
#4984 = EDGE_CURVE ( 'NONE', #2245, #1743, #5798, .T. ) ;
#4985 = VERTEX_POINT ( 'NONE', #11030 ) ;
#4986 = EDGE_LOOP ( 'NONE', ( #5242, #1798, #1978, #7260 ) ) ;
#4987 = DIRECTION ( 'NONE',  ( 0.000000000000000000, 0.000000000000000000, 1.000000000000000000 ) ) ;
#4988 = CIRCLE ( 'NONE', #8948, 3.700000000000009059 ) ;
#4989 = CARTESIAN_POINT ( 'NONE',  ( 26.90588215633500369, -213.8820313402290196, -23.81798626738900282 ) ) ;
#4990 = CARTESIAN_POINT ( 'NONE',  ( 20.11588215633501520, -237.2108035506304873, -35.11798626738899998 ) ) ;
#4991 = FACE_OUTER_BOUND ( 'NONE', #4046, .T. ) ;
#4992 = CARTESIAN_POINT ( 'NONE',  ( 30.70588215633500440, -309.9910313402289717, -24.31798626738900282 ) ) ;
#4993 = LINE ( 'NONE', #3081, #3477 ) ;
#4994 = CARTESIAN_POINT ( 'NONE',  ( 55.70087492403632723, -285.4952963231950775, -25.03105893273576399 ) ) ;
#4995 = AXIS2_PLACEMENT_3D ( 'NONE', #1837, #142, #2673 ) ;
#4996 = ORIENTED_EDGE ( 'NONE', *, *, #6559, .T. ) ;
#4997 = ORIENTED_EDGE ( 'NONE', *, *, #10486, .F. ) ;
#4998 = ORIENTED_EDGE ( 'NONE', *, *, #4481, .F. ) ;
#4999 = ORIENTED_EDGE ( 'NONE', *, *, #10057, .T. ) ;
#5000 = CARTESIAN_POINT ( 'NONE',  ( 28.90588215633500013, -281.9665313402289826, 223.6996348679430184 ) ) ;
#5001 = ORIENTED_EDGE ( 'NONE', *, *, #3884, .F. ) ;
#5002 = LINE ( 'NONE', #8282, #4498 ) ;
#5003 = CIRCLE ( 'NONE', #4501, 4.250000000000007105 ) ;
#5004 = AXIS2_PLACEMENT_3D ( 'NONE', #4683, #7117, #5356 ) ;
#5005 = CARTESIAN_POINT ( 'NONE',  ( 23.90588215633500369, -282.6898115188659517, -23.81798626738900282 ) ) ;
#5006 = EDGE_CURVE ( 'NONE', #8795, #9718, #6703, .T. ) ;
#5007 = CARTESIAN_POINT ( 'NONE',  ( 31.89253623733380394, -316.6953772592302130, -25.21662126277060167 ) ) ;
#5008 = DIRECTION ( 'NONE',  ( -0.000000000000000000, -0.000000000000000000, 1.000000000000000000 ) ) ;
#5009 = CARTESIAN_POINT ( 'NONE',  ( 25.40588215633500369, -221.3122813402290205, -33.11798626738899998 ) ) ;
#5010 = CARTESIAN_POINT ( 'NONE',  ( 53.78088215633500369, -205.8820313402289912, 105.9245421747346825 ) ) ;
#5011 = VECTOR ( 'NONE', #8216, 1000.000000000000000 ) ;
#5012 = ORIENTED_EDGE ( 'NONE', *, *, #8483, .T. ) ;
#5013 = ORIENTED_EDGE ( 'NONE', *, *, #107, .T. ) ;
#5014 = EDGE_CURVE ( 'NONE', #7847, #5204, #1797, .T. ) ;
#5015 = ORIENTED_EDGE ( 'NONE', *, *, #3040, .F. ) ;
#5016 = CARTESIAN_POINT ( 'NONE',  ( 15.89872291521604275, -238.6946244103620813, -40.28257571323453590 ) ) ;
#5017 = VECTOR ( 'NONE', #4704, 1000.000000000000000 ) ;
#5018 = DIRECTION ( 'NONE',  ( 0.000000000000000000, 0.000000000000000000, -1.000000000000000000 ) ) ;
#5019 = VECTOR ( 'NONE', #1088, 999.9999999999998863 ) ;
#5020 = CARTESIAN_POINT ( 'NONE',  ( 15.98121217234903568, -289.2406282803239037, -39.44760748970045228 ) ) ;
#5021 = CARTESIAN_POINT ( 'NONE',  ( 32.13088215633499800, -252.7140313402290133, -23.81798626738900282 ) ) ;
#5022 = EDGE_CURVE ( 'NONE', #4729, #5755, #5748, .T. ) ;
#5023 = CARTESIAN_POINT ( 'NONE',  ( 26.90588215633500369, -213.8820313402290196, -33.11798626738899998 ) ) ;
#5024 = CARTESIAN_POINT ( 'NONE',  ( 20.90588215633500369, -234.8820313402289912, -23.81798626738900282 ) ) ;
#5025 = CARTESIAN_POINT ( 'NONE',  ( 50.78088215633499658, -315.3820313402289912, -33.11798626738899998 ) ) ;
#5026 = LINE ( 'NONE', #2433, #304 ) ;
#5027 = EDGE_LOOP ( 'NONE', ( #59, #727 ) ) ;
#5029 = ORIENTED_EDGE ( 'NONE', *, *, #9607, .F. ) ;
#5028 = VECTOR ( 'NONE', #7443, 1000.000000000000000 ) ;
#5030 = VERTEX_POINT ( 'NONE', #6532 ) ;
#5031 = CARTESIAN_POINT ( 'NONE',  ( 54.26088215633500766, -289.9034704378889273, -23.81798626738900282 ) ) ;
#5032 = CARTESIAN_POINT ( 'NONE',  ( 18.12997995618300706, -233.4407571043881546, -35.45810072282156966 ) ) ;
#5033 = EDGE_CURVE ( 'NONE', #3004, #3283, #8092, .T. ) ;
#5034 = LINE ( 'NONE', #2556, #5784 ) ;
#5035 = CARTESIAN_POINT ( 'NONE',  ( 61.21015892836635430, -240.9987089290223423, -39.34973815532754315 ) ) ;
#5037 = ADVANCED_FACE ( 'NONE', ( #3997 ), #5745, .F. ) ;
#5036 = TOROIDAL_SURFACE ( 'NONE', #3777, 7.249999999999999112, 3.000000000000000000 ) ;
#5038 = CARTESIAN_POINT ( 'NONE',  ( 16.54609748469140484, -285.6315947606385066, -39.11001451033111920 ) ) ;
#5039 = EDGE_CURVE ( 'NONE', #9178, #449, #5002, .T. ) ;
#5040 = CARTESIAN_POINT ( 'NONE',  ( 28.90588215633500013, -228.7425313402290215, -26.81798626738900282 ) ) ;
#5041 = DIRECTION ( 'NONE',  ( 0.000000000000000000, -1.000000000000000000, 0.000000000000000000 ) ) ;
#5042 = ITEM_DEFINED_TRANSFORMATION ( 'NONE', 'NONE', #2046,  #9418 ) ;
#5043 = EDGE_CURVE ( 'NONE', #5461, #8980, #7488, .T. ) ;
#5044 = ADVANCED_FACE ( 'NONE', ( #8509 ), #10246, .T. ) ;
#5045 = EDGE_LOOP ( 'NONE', ( #7132, #2047, #2520, #6419, #6594, #10427 ) ) ;
#5046 = AXIS2_PLACEMENT_3D ( 'NONE', #5476, #1093, #7126 ) ;
#5047 = ORIENTED_EDGE ( 'NONE', *, *, #3171, .T. ) ;
#5048 = DIRECTION ( 'NONE',  ( 0.000000000000000000, 0.000000000000000000, 1.000000000000000000 ) ) ;
#5049 = LINE ( 'NONE', #44, #10183 ) ;
#5050 = CARTESIAN_POINT ( 'NONE',  ( 21.63405398577323169, -294.2009551761635748, -24.80217040133809903 ) ) ;
#5051 = LINE ( 'NONE', #6073, #1322 ) ;
#5052 = DIRECTION ( 'NONE',  ( 0.000000000000000000, 0.000000000000000000, -1.000000000000000000 ) ) ;
#5053 = CARTESIAN_POINT ( 'NONE',  ( 38.84338215633500369, -266.3950313402290249, -23.81798626738900282 ) ) ;
#5054 = CARTESIAN_POINT ( 'NONE',  ( 57.44588215633498862, -237.2108035506304873, -33.11798626738899998 ) ) ;
#5055 = EDGE_CURVE ( 'NONE', #1440, #7868, #2154, .T. ) ;
#5056 = CARTESIAN_POINT ( 'NONE',  ( 51.03088215633499658, -216.6320313402290196, -33.11798626738899998 ) ) ;
#5057 = MECHANICAL_DESIGN_GEOMETRIC_PRESENTATION_REPRESENTATION (  '', ( #8300 ), #1640 ) ;
#5058 = CARTESIAN_POINT ( 'NONE',  ( 23.90588215633500369, -315.3820313402289912, -33.11798626738899998 ) ) ;
#5059 = VERTEX_POINT ( 'NONE', #672 ) ;
#5060 = ORIENTED_EDGE ( 'NONE', *, *, #2016, .F. ) ;
#5061 = ORIENTED_EDGE ( 'NONE', *, *, #6837, .F. ) ;
#5062 = VERTEX_POINT ( 'NONE', #9968 ) ;
#5063 = DIRECTION ( 'NONE',  ( 0.000000000000000000, 1.000000000000000000, 0.000000000000000000 ) ) ;
#5064 = ORIENTED_EDGE ( 'NONE', *, *, #2068, .F. ) ;
#5065 = VECTOR ( 'NONE', #318, 1000.000000000000000 ) ;
#5066 = CARTESIAN_POINT ( 'NONE',  ( 22.59669049824015019, -241.9473963826402496, -25.55540941747020156 ) ) ;
#5067 = CYLINDRICAL_SURFACE ( 'NONE', #232, 3.000000000000002665 ) ;
#5068 = DIRECTION ( 'NONE',  ( -0.000000000000000000, 0.000000000000000000, 1.000000000000000000 ) ) ;
#5069 = DIRECTION ( 'NONE',  ( -0.000000000000000000, 1.000000000000000000, -0.000000000000000000 ) ) ;
#5070 = AXIS2_PLACEMENT_3D ( 'NONE', #2118, #6237, #9782 ) ;
#5071 = CARTESIAN_POINT ( 'NONE',  ( 25.40588215633500369, -227.2425313402290215, -33.11798626738899998 ) ) ;
#5072 = VECTOR ( 'NONE', #921, 1000.000000000000000 ) ;
#5073 = DIRECTION ( 'NONE',  ( -0.000000000000000000, -0.000000000000000000, 1.000000000000000000 ) ) ;
#5074 = VERTEX_POINT ( 'NONE', #4100 ) ;
#5075 = ORIENTED_EDGE ( 'NONE', *, *, #6305, .F. ) ;
#5076 = VERTEX_POINT ( 'NONE', #3200 ) ;
#5077 = VECTOR ( 'NONE', #259, 1000.000000000000000 ) ;
#5078 = CARTESIAN_POINT ( 'NONE',  ( 15.97852591399738920, -236.2114847608791592, -39.29432044631879251 ) ) ;
#5079 = CIRCLE ( 'NONE', #1848, 1.700000000000000178 ) ;
#5080 = CARTESIAN_POINT ( 'NONE',  ( 22.71258879559085742, -285.0847668670236885, -25.71127962813314838 ) ) ;
#5081 = CARTESIAN_POINT ( 'NONE',  ( 17.09381811080588776, -284.4434578100483577, -38.63557708758395393 ) ) ;
#5082 = CARTESIAN_POINT ( 'NONE',  ( 32.63088215633499800, -293.2570313402289912, -24.31798626738900282 ) ) ;
#5083 = ADVANCED_FACE ( 'NONE', ( #6585 ), #10133, .T. ) ;
#5084 = DIRECTION ( 'NONE',  ( 0.000000000000000000, 0.000000000000000000, 1.000000000000000000 ) ) ;
#5085 = DIRECTION ( 'NONE',  ( -0.7071067811865475727, 0.000000000000000000, -0.7071067811865475727 ) ) ;
#5086 = CARTESIAN_POINT ( 'NONE',  ( 57.05605457012809723, -232.9787196132502061, -35.11798626738899998 ) ) ;
#5087 = CARTESIAN_POINT ( 'NONE',  ( 53.78088215633500369, -326.3820313402290481, -44.11798626738900708 ) ) ;
#5088 = EDGE_LOOP ( 'NONE', ( #2913, #7772, #1918, #7278 ) ) ;
#5089 = VERTEX_POINT ( 'NONE', #10186 ) ;
#5090 = EDGE_CURVE ( 'NONE', #1513, #6593, #6692, .T. ) ;
#5091 = ORIENTED_EDGE ( 'NONE', *, *, #2769, .F. ) ;
#5092 = CARTESIAN_POINT ( 'NONE',  ( 23.78088215633500369, -331.3820313402290481, -41.11798626738899998 ) ) ;
#5093 = CARTESIAN_POINT ( 'NONE',  ( 17.45721072637088866, -233.8846472579869271, -36.02569419879922918 ) ) ;
#5094 = AXIS2_PLACEMENT_3D ( 'NONE', #8427, #5719, #9215 ) ;
#5095 = CARTESIAN_POINT ( 'NONE',  ( 45.43088215633500937, -238.5330313402290301, -23.81798626738900282 ) ) ;
#5096 = CARTESIAN_POINT ( 'NONE',  ( 16.86207994798466103, -292.5669262127574370, -36.88204699527449293 ) ) ;
#5097 = VECTOR ( 'NONE', #9996, 1000.000000000000000 ) ;
#5098 = CARTESIAN_POINT ( 'NONE',  ( 18.17393512686208368, -296.6726976676201843, -38.17641551499150410 ) ) ;
#5099 = CARTESIAN_POINT ( 'NONE',  ( 22.07741402984463619, -232.7527026915207102, -25.08765142937645010 ) ) ;
#5100 = B_SPLINE_CURVE_WITH_KNOTS ( 'NONE', 3,
 ( #5862, #9294, #4167, #7616 ),
 .UNSPECIFIED., .F., .F.,
 ( 4, 4 ),
 ( 0.000000000000000000, 0.001252669590459210263 ),
 .UNSPECIFIED. ) ;
#5101 = CARTESIAN_POINT ( 'NONE',  ( 57.51088215633501477, -289.9034704378889273, -23.81798626738900282 ) ) ;
#5102 = CARTESIAN_POINT ( 'NONE',  ( 0.000000000000000000, 0.000000000000000000, 0.000000000000000000 ) ) ;
#5103 = ORIENTED_EDGE ( 'NONE', *, *, #4618, .F. ) ;
#5104 = VECTOR ( 'NONE', #7563, 1000.000000000000000 ) ;
#5105 = ADVANCED_FACE ( 'NONE', ( #4219 ), #2247, .F. ) ;
#5106 = ORIENTED_EDGE ( 'NONE', *, *, #2427, .F. ) ;
#5107 = ADVANCED_FACE ( 'NONE', ( #4841 ), #4335, .T. ) ;
#5108 = DIRECTION ( 'NONE',  ( 1.000000000000000000, 0.000000000000000000, 0.000000000000000000 ) ) ;
#5109 = CARTESIAN_POINT ( 'NONE',  ( 32.40588215633500369, -227.2425313402290215, -26.81798626738900282 ) ) ;
#5110 = CARTESIAN_POINT ( 'NONE',  ( 20.71492996737731573, -294.1212073282152346, -24.51798626738895237 ) ) ;
#5111 = DIRECTION ( 'NONE',  ( 0.000000000000000000, 0.000000000000000000, 1.000000000000000000 ) ) ;
#5112 = CARTESIAN_POINT ( 'NONE',  ( 29.65588215633500369, -264.5070313402289912, -23.81798626738900282 ) ) ;
#5113 = CARTESIAN_POINT ( 'NONE',  ( 32.40588215633500369, -296.3975313402290226, -33.11798626738899998 ) ) ;
#5114 = CARTESIAN_POINT ( 'NONE',  ( 23.90588215633500369, -315.3820313402289912, -23.81798626738900282 ) ) ;
#5115 = EDGE_CURVE ( 'NONE', #10985, #10453, #3602, .T. ) ;
#5116 = CARTESIAN_POINT ( 'NONE',  ( 54.19588215633498862, -237.2108035506304873, -23.81798626738900282 ) ) ;
#5117 = DIRECTION ( 'NONE',  ( 0.000000000000000000, -0.7071067811865474617, -0.7071067811865474617 ) ) ;
#5118 = ORIENTED_EDGE ( 'NONE', *, *, #145, .T. ) ;
#5119 = ADVANCED_FACE ( 'NONE', ( #5341 ), #7663, .T. ) ;
#5120 = ORIENTED_EDGE ( 'NONE', *, *, #10821, .T. ) ;
#5121 = EDGE_LOOP ( 'NONE', ( #9744, #1736, #4673, #273 ) ) ;
#5122 = ADVANCED_FACE ( 'NONE', ( #6087 ), #1859, .T. ) ;
#5123 = ORIENTED_EDGE ( 'NONE', *, *, #2155, .F. ) ;
#5124 = EDGE_CURVE ( 'NONE', #3195, #6084, #8822, .T. ) ;
#5125 = CARTESIAN_POINT ( 'NONE',  ( 47.78088215633500369, -257.3820313402290481, -38.11798626738899287 ) ) ;
#5126 = ORIENTED_EDGE ( 'NONE', *, *, #686, .T. ) ;
#5127 = DIRECTION ( 'NONE',  ( 0.000000000000000000, -1.000000000000000000, 0.000000000000000000 ) ) ;
#5128 = CARTESIAN_POINT ( 'NONE',  ( 38.78088215633500369, -244.8140313402290076, -26.81798626738900282 ) ) ;
#5129 = CARTESIAN_POINT ( 'NONE',  ( 26.90588215633500369, -216.8820313402289912, -33.11798626738899998 ) ) ;
#5130 = CARTESIAN_POINT ( 'NONE',  ( 59.14659984669336978, -285.9255444478487220, -37.89406417597005827 ) ) ;
#5131 = DIRECTION ( 'NONE',  ( 0.000000000000000000, -0.7071067811865474617, -0.7071067811865474617 ) ) ;
#5132 = CARTESIAN_POINT ( 'NONE',  ( 55.81088215633501193, -289.9034704378889273, -23.81798626738900282 ) ) ;
#5133 = VERTEX_POINT ( 'NONE', #5292 ) ;
#5134 = ORIENTED_EDGE ( 'NONE', *, *, #578, .T. ) ;
#5135 = EDGE_LOOP ( 'NONE', ( #8618, #6654, #8940, #3896, #2007, #8224 ) ) ;
#5136 = EDGE_CURVE ( 'NONE', #10126, #8352, #1432, .T. ) ;
#5137 = CARTESIAN_POINT ( 'NONE',  ( 16.38723599420451293, -239.3447449989344875, -39.17466442137411065 ) ) ;
#5138 = PLANE ( 'NONE',  #223 ) ;
#5139 = CARTESIAN_POINT ( 'NONE',  ( 15.93066304038793390, -289.9564921071977324, -39.78639693156556234 ) ) ;
#5140 = DIRECTION ( 'NONE',  ( -0.7071067811865475727, 0.000000000000000000, 0.7071067811865475727 ) ) ;
#5141 = DIRECTION ( 'NONE',  ( 0.000000000000000000, 1.000000000000000000, 0.000000000000000000 ) ) ;
#5142 = CARTESIAN_POINT ( 'NONE',  ( 53.84879497076720867, -239.6080259171076534, -24.58589908182123196 ) ) ;
#5143 = CARTESIAN_POINT ( 'NONE',  ( 53.26088215633500766, -289.9034704378889273, -24.51798626738906606 ) ) ;
#5144 = DIRECTION ( 'NONE',  ( -0.000000000000000000, 1.000000000000000000, -0.000000000000000000 ) ) ;
#5145 = DIRECTION ( 'NONE',  ( 1.000000000000000000, 0.000000000000000000, 0.000000000000000000 ) ) ;
#5146 = ORIENTED_EDGE ( 'NONE', *, *, #2971, .F. ) ;
#5147 = VERTEX_POINT ( 'NONE', #8734 ) ;
#5148 = EDGE_LOOP ( 'NONE', ( #5134, #9816, #1856, #10417 ) ) ;
#5149 = FACE_BOUND ( 'NONE', #3855, .T. ) ;
#5150 = AXIS2_PLACEMENT_3D ( 'NONE', #5896, #8545, #9330 ) ;
#5151 = CARTESIAN_POINT ( 'NONE',  ( 17.44662229917191354, -240.5203626058567181, -36.05043575098613218 ) ) ;
#5152 = PLANE ( 'NONE',  #6677 ) ;
#5153 = DIRECTION ( 'NONE',  ( 0.000000000000000000, -1.000000000000000000, 0.000000000000000000 ) ) ;
#5154 = CARTESIAN_POINT ( 'NONE',  ( 20.90588215633500369, -266.1320313402289912, -38.11798626738899998 ) ) ;
#5155 = CARTESIAN_POINT ( 'NONE',  ( 25.40588215633500369, -254.6045313402289878, -33.11798626738899998 ) ) ;
#5156 = DIRECTION ( 'NONE',  ( 0.000000000000000000, 0.000000000000000000, 1.000000000000000000 ) ) ;
#5157 = VECTOR ( 'NONE', #8529, 1000.000000000000000 ) ;
#5158 =( LENGTH_UNIT ( ) NAMED_UNIT ( * ) SI_UNIT ( .MILLI., .METRE. ) );
#5159 = ORIENTED_EDGE ( 'NONE', *, *, #9923, .F. ) ;
#5160 = ADVANCED_FACE ( 'NONE', ( #10361, #11081 ), #7839, .F. ) ;
#5161 = VERTEX_POINT ( 'NONE', #1912 ) ;
#5162 = LINE ( 'NONE', #887, #2092 ) ;
#5163 = CARTESIAN_POINT ( 'NONE',  ( 57.38088215633500511, -289.9034704378889273, -35.11798626738899998 ) ) ;
#5164 = SPHERICAL_SURFACE ( 'NONE', #4018, 3.000000000000000000 ) ;
#5165 = CARTESIAN_POINT ( 'NONE',  ( 57.05605457012809723, -241.4428874880107685, -33.11798626738899998 ) ) ;
#5166 = DIRECTION ( 'NONE',  ( -0.5773502691896250649, 0.5773502691896260641, -0.5773502691896260641 ) ) ;
#5167 = DIRECTION ( 'NONE',  ( -0.000000000000000000, -0.000000000000000000, -1.000000000000000000 ) ) ;
#5168 = DIRECTION ( 'NONE',  ( -0.5773502691896250649, 0.5773502691896260641, 0.5773502691896260641 ) ) ;
#5169 = EDGE_CURVE ( 'NONE', #8569, #6254, #7888, .T. ) ;
#5170 = CARTESIAN_POINT ( 'NONE',  ( 22.64347437617813341, -232.4364693848615389, -24.51798626738898790 ) ) ;
#5171 = EDGE_LOOP ( 'NONE', ( #234, #9867 ) ) ;
#5172 = VERTEX_POINT ( 'NONE', #1067 ) ;
#5173 = ORIENTED_EDGE ( 'NONE', *, *, #9607, .T. ) ;
#5174 = VERTEX_POINT ( 'NONE', #1015 ) ;
#5175 = DIRECTION ( 'NONE',  ( 0.9957844558541816271, -0.09172413793103360857, 0.000000000000000000 ) ) ;
#5176 = ORIENTED_EDGE ( 'NONE', *, *, #9675, .T. ) ;
#5177 = DIRECTION ( 'NONE',  ( 0.000000000000000000, -1.000000000000000000, 0.000000000000000000 ) ) ;
#5178 = CARTESIAN_POINT ( 'NONE',  ( 46.85588215633499942, -301.4000313402290203, -24.31798626738900282 ) ) ;
#5179 = CIRCLE ( 'NONE', #3746, 1.500000000000001332 ) ;
#5180 = EDGE_CURVE ( 'NONE', #10238, #4890, #60, .T. ) ;
#5181 = CARTESIAN_POINT ( 'NONE',  ( 59.29621523094306212, -233.3816563689016164, -35.39573316967729255 ) ) ;
#5182 = EDGE_CURVE ( 'NONE', #3088, #789, #6198, .T. ) ;
#5183 = EDGE_CURVE ( 'NONE', #1349, #6769, #1615, .T. ) ;
#5184 = CARTESIAN_POINT ( 'NONE',  ( 58.78088215633499658, -282.7899270170613022, -38.11798626738899998 ) ) ;
#5185 = CARTESIAN_POINT ( 'NONE',  ( 20.18088215633500226, -289.9034704378889273, -27.21798626738900140 ) ) ;
#5186 = DIRECTION ( 'NONE',  ( 0.1089655172413785539, 0.9940455301706854208, 0.000000000000000000 ) ) ;
#5187 = ORIENTED_EDGE ( 'NONE', *, *, #6909, .T. ) ;
#5188 = ORIENTED_EDGE ( 'NONE', *, *, #2555, .F. ) ;
#5189 = ORIENTED_EDGE ( 'NONE', *, *, #933, .F. ) ;
#5190 = ORIENTED_EDGE ( 'NONE', *, *, #7257, .F. ) ;
#5191 = AXIS2_PLACEMENT_3D ( 'NONE', #10094, #6779, #1478 ) ;
#5192 = CARTESIAN_POINT ( 'NONE',  ( 15.86729792047651699, -237.3397988469217239, -40.09706652169839458 ) ) ;
#5193 = LINE ( 'NONE', #8639, #5072 ) ;
#5194 = CARTESIAN_POINT ( 'NONE',  ( 15.98656773501248196, -289.1729063596212654, -39.95520064570585816 ) ) ;
#5195 = CARTESIAN_POINT ( 'NONE',  ( 26.90588215633500369, -210.8820313402289912, -38.11798626738899998 ) ) ;
#5196 = TOROIDAL_SURFACE ( 'NONE', #10232, 5.000000000000003553, 3.000000000000000000 ) ;
#5197 = CARTESIAN_POINT ( 'NONE',  ( 48.78088215633500369, -286.8820313402289912, -34.71798626738900140 ) ) ;
#5199 = EDGE_CURVE ( 'NONE', #7322, #11062, #9463, .T. ) ;
#5198 = AXIS2_PLACEMENT_3D ( 'NONE', #1534, #7454, #2263 ) ;
#5200 = DIRECTION ( 'NONE',  ( 0.000000000000000000, -1.000000000000000000, 0.000000000000000000 ) ) ;
#5201 = CARTESIAN_POINT ( 'NONE',  ( 56.78088215633500369, -297.1286001945092607, -43.11798626738900708 ) ) ;
#5202 = FACE_OUTER_BOUND ( 'NONE', #8168, .T. ) ;
#5203 = FACE_OUTER_BOUND ( 'NONE', #9340, .T. ) ;
#5204 = VERTEX_POINT ( 'NONE', #6142 ) ;
#5205 = ORIENTED_EDGE ( 'NONE', *, *, #3239, .T. ) ;
#5206 = VECTOR ( 'NONE', #1842, 1000.000000000000000 ) ;
#5207 = ORIENTED_EDGE ( 'NONE', *, *, #10757, .F. ) ;
#5208 = CIRCLE ( 'NONE', #346, 1.500000000000001332 ) ;
#5209 = CARTESIAN_POINT ( 'NONE',  ( 19.00365040486185819, -241.3159529319940475, -35.13833488405364847 ) ) ;
#5210 = PLANE ( 'NONE',  #9567 ) ;
#5211 = CARTESIAN_POINT ( 'NONE',  ( 15.95121311584018642, -289.4833537761406319, -39.63999109228308271 ) ) ;
#5212 = CARTESIAN_POINT ( 'NONE',  ( 16.34297374917693446, -286.2545131360440109, -39.36219137502160947 ) ) ;
#5213 = CARTESIAN_POINT ( 'NONE',  ( 18.78088215633500013, -244.3368315466462093, -38.11798626738899998 ) ) ;
#5214 = CARTESIAN_POINT ( 'NONE',  ( 38.84338215633500369, -318.3820313402290481, -23.81798626738900282 ) ) ;
#5215 = CIRCLE ( 'NONE', #4854, 3.000000000000002665 ) ;
#5216 = AXIS2_PLACEMENT_3D ( 'NONE', #7523, #6514, #4715 ) ;
#5217 =( LENGTH_UNIT ( ) NAMED_UNIT ( * ) SI_UNIT ( .MILLI., .METRE. ) );
#5218 = EDGE_LOOP ( 'NONE', ( #1963, #6999, #6371, #8350 ) ) ;
#5219 = ORIENTED_EDGE ( 'NONE', *, *, #1945, .T. ) ;
#5220 = CARTESIAN_POINT ( 'NONE',  ( 56.78088215633500369, -216.8820313402289912, -35.11798626738899998 ) ) ;
#5221 = CARTESIAN_POINT ( 'NONE',  ( 45.66922807533621409, -316.6953772592302130, -25.21662126277060167 ) ) ;
#5222 = CYLINDRICAL_SURFACE ( 'NONE', #8284, 3.000000000000002665 ) ;
#5223 = VECTOR ( 'NONE', #1554, 1000.000000000000000 ) ;
#5224 = FACE_BOUND ( 'NONE', #3146, .T. ) ;
#5225 = DIRECTION ( 'NONE',  ( 1.000000000000000000, 0.000000000000000000, 0.000000000000000000 ) ) ;
#5226 = CARTESIAN_POINT ( 'NONE',  ( 59.42290479367049016, -233.3222061510846288, -37.94470752502408573 ) ) ;
#5227 = CARTESIAN_POINT ( 'NONE',  ( 44.93088215633500226, -216.9520313402290128, -23.81798626738900282 ) ) ;
#5228 = CARTESIAN_POINT ( 'NONE',  ( 33.86421548966833939, -232.3663646735623161, -25.55131960072230157 ) ) ;
#5229 = CARTESIAN_POINT ( 'NONE',  ( 32.63088215633499800, -293.2570313402289912, -26.81798626738900282 ) ) ;
#5230 = VECTOR ( 'NONE', #9250, 999.9999999999998863 ) ;
#5231 = ORIENTED_EDGE ( 'NONE', *, *, #8904, .T. ) ;
#5232 = ORIENTED_EDGE ( 'NONE', *, *, #10109, .F. ) ;
#5233 = ORIENTED_EDGE ( 'NONE', *, *, #6841, .T. ) ;
#5234 = FACE_OUTER_BOUND ( 'NONE', #10212, .T. ) ;
#5235 = CARTESIAN_POINT ( 'NONE',  ( 32.13088215633499800, -266.1320313402289912, -23.81798626738900282 ) ) ;
#5236 = ADVANCED_FACE ( 'NONE', ( #5973 ), #1691, .F. ) ;
#5237 = DIRECTION ( 'NONE',  ( -0.000000000000000000, -1.000000000000000000, 0.000000000000000000 ) ) ;
#5238 = CARTESIAN_POINT ( 'NONE',  ( 26.90588215633500369, -213.8820313402290196, -24.51798626738900211 ) ) ;
#5239 = CARTESIAN_POINT ( 'NONE',  ( 61.32165281754660668, -235.4550710952057102, -38.24571298476836034 ) ) ;
#5240 = CARTESIAN_POINT ( 'NONE',  ( 20.76753153163159027, -232.9907689544112941, -24.51798626738901987 ) ) ;
#5241 = VERTEX_POINT ( 'NONE', #6875 ) ;
#5242 = ORIENTED_EDGE ( 'NONE', *, *, #4832, .T. ) ;
#5243 = ORIENTED_EDGE ( 'NONE', *, *, #376, .F. ) ;
#5244 = ORIENTED_EDGE ( 'NONE', *, *, #6157, .T. ) ;
#5245 = EDGE_CURVE ( 'NONE', #6858, #6811, #10305, .T. ) ;
#5246 = EDGE_CURVE ( 'NONE', #10470, #10076, #907, .T. ) ;
#5247 = EDGE_CURVE ( 'NONE', #3879, #8156, #8678, .T. ) ;
#5248 = CARTESIAN_POINT ( 'NONE',  ( 18.05023719624684730, -233.4941723687019248, -35.52735251041159614 ) ) ;
#5249 = CARTESIAN_POINT ( 'NONE',  ( 22.44664350587094148, -285.2694091881918439, -25.42528703043046434 ) ) ;
#5250 = LINE ( 'NONE', #6891, #10013 ) ;
#5251 = VECTOR ( 'NONE', #2716, 1000.000000000000000 ) ;
#5252 = CARTESIAN_POINT ( 'NONE',  ( 57.44588215633498862, -237.2108035506304873, -33.11798626738899998 ) ) ;
#5253 = ADVANCED_FACE ( 'NONE', ( #2127 ), #9683, .F. ) ;
#5254 = DIRECTION ( 'NONE',  ( 0.000000000000000000, -1.000000000000000000, 0.000000000000000000 ) ) ;
#5255 = CARTESIAN_POINT ( 'NONE',  ( 29.78088215633500369, -291.7770313402290299, -23.81798626738900282 ) ) ;
#5256 = DIRECTION ( 'NONE',  ( 0.000000000000000000, -1.000000000000000000, 0.000000000000000000 ) ) ;
#5257 = ORIENTED_EDGE ( 'NONE', *, *, #8056, .F. ) ;
#5258 = EDGE_LOOP ( 'NONE', ( #2464, #9190, #6871, #2611 ) ) ;
#5259 = ORIENTED_EDGE ( 'NONE', *, *, #433, .T. ) ;
#5260 = VECTOR ( 'NONE', #4493, 1000.000000000000000 ) ;
#5261 = EDGE_CURVE ( 'NONE', #615, #1077, #2320, .T. ) ;
#5262 = VECTOR ( 'NONE', #530, 1000.000000000000000 ) ;
#5263 = EDGE_CURVE ( 'NONE', #586, #2180, #10737, .T. ) ;
#5264 = CARTESIAN_POINT ( 'NONE',  ( 16.03738900088272601, -235.9990777276061920, -39.00404624078405647 ) ) ;
#5265 = DIRECTION ( 'NONE',  ( -0.000000000000000000, -0.000000000000000000, -1.000000000000000000 ) ) ;
#5266 = CARTESIAN_POINT ( 'NONE',  ( 45.43088215633500937, -293.7570313402289912, -23.81798626738900282 ) ) ;
#5267 = DIRECTION ( 'NONE',  ( -0.000000000000000000, -0.000000000000000000, 1.000000000000000000 ) ) ;
#5268 = FACE_OUTER_BOUND ( 'NONE', #1538, .T. ) ;
#5269 = VECTOR ( 'NONE', #10095, 1000.000000000000000 ) ;
#5270 = CARTESIAN_POINT ( 'NONE',  ( 57.44588215633498862, -237.2108035506304873, -27.21798626738900140 ) ) ;
#5271 = AXIS2_PLACEMENT_3D ( 'NONE', #7890, #9579, #8564 ) ;
#5272 = CARTESIAN_POINT ( 'NONE',  ( -61.04490184193110736, 267.9425135205224819, 38.61798626738900708 ) ) ;
#5273 = ORIENTED_EDGE ( 'NONE', *, *, #3960, .T. ) ;
#5274 = CARTESIAN_POINT ( 'NONE',  ( 29.78088215633500369, -291.7770313402290299, -26.81798626738900282 ) ) ;
#5275 = VECTOR ( 'NONE', #7062, 1000.000000000000000 ) ;
#5276 = DIRECTION ( 'NONE',  ( 1.000000000000000000, 0.000000000000000000, 0.000000000000000000 ) ) ;
#5277 = CARTESIAN_POINT ( 'NONE',  ( 22.44570383256504442, -294.5369558801815515, -25.42435251531767193 ) ) ;
#5278 = DIRECTION ( 'NONE',  ( 0.000000000000000000, 1.000000000000000000, 0.000000000000000000 ) ) ;
#5279 = CARTESIAN_POINT ( 'NONE',  ( 57.38088215633500511, -289.9034704378889273, -43.11798626738900708 ) ) ;
#5280 = LINE ( 'NONE', #8668, #3545 ) ;
#5281 = CARTESIAN_POINT ( 'NONE',  ( 20.24588215633502131, -237.2108035506304873, -23.81798626738900282 ) ) ;
#5282 = FACE_OUTER_BOUND ( 'NONE', #1452, .T. ) ;
#5283 = DIRECTION ( 'NONE',  ( 1.000000000000000000, 0.000000000000000000, 0.000000000000000000 ) ) ;
#5284 = AXIS2_PLACEMENT_3D ( 'NONE', #7359, #599, #1335 ) ;
#5285 = AXIS2_PLACEMENT_3D ( 'NONE', #10351, #9395, #7830 ) ;
#5286 = ORIENTED_EDGE ( 'NONE', *, *, #4832, .F. ) ;
#5287 = VERTEX_POINT ( 'NONE', #4665 ) ;
#5288 = VERTEX_POINT ( 'NONE', #7266 ) ;
#5289 = DIRECTION ( 'NONE',  ( 0.000000000000000000, 0.000000000000000000, 1.000000000000000000 ) ) ;
#5290 = B_SPLINE_CURVE_WITH_KNOTS ( 'NONE', 3,
 ( #6910, #7639, #4248, #5098, #10104, #2619, #10275, #3290, #1774, #824, #11002, #2387, #5887, #6735, #11116, #10163, #36, #2441, #8538, #1661, #2559, #9320, #703, #1602, #6060, #9491, #5212, #5038, #6851, #93, #8658, #8480, #937, #7757, #5833, #3405, #762, #6006 ),
 .UNSPECIFIED., .F., .F.,
 ( 4, 2, 2, 2, 2, 2, 2, 2, 2, 2, 2, 2, 2, 2, 2, 2, 2, 2, 4 ),
 ( 8.129174079621313113E-17, 0.0005249484383277109494, 0.001049896876655340584, 0.002099793753310611345, 0.003149690629965882106, 0.004199587506621154168, 0.005249484383276424061, 0.006299381259931694822, 0.007349278136586965583, 0.008399175013242235477, 0.009449071889897506238, 0.01049896876655277700, 0.01154886564320804603, 0.01259876251986331679, 0.01364865939651858928, 0.01469855627317386004, 0.01574845314982912733, 0.01627340158815682516, 0.01679835002648452300 ),
 .UNSPECIFIED. ) ;
#5291 = EDGE_LOOP ( 'NONE', ( #4887, #10180, #2423, #1079 ) ) ;
#5292 = CARTESIAN_POINT ( 'NONE',  ( 47.78088215633500369, -219.0820313402290083, -38.11798626738899287 ) ) ;
#5293 = AXIS2_PLACEMENT_3D ( 'NONE', #4801, #3959, #3162 ) ;
#5294 = FACE_OUTER_BOUND ( 'NONE', #4617, .T. ) ;
#5295 = CARTESIAN_POINT ( 'NONE',  ( 47.78088215633500369, -220.3820313402289912, -34.71798626738900140 ) ) ;
#5296 = CYLINDRICAL_SURFACE ( 'NONE', #11131, 3.250000000000002665 ) ;
#5297 = PLANE ( 'NONE',  #3295 ) ;
#5298 = ADVANCED_FACE ( 'NONE', ( #329 ), #9791, .F. ) ;
#5299 = EDGE_LOOP ( 'NONE', ( #8856, #10818 ) ) ;
#5300 = EDGE_LOOP ( 'NONE', ( #5539, #69, #9585, #6266, #2653, #4795, #627, #3703, #10751, #1132, #573, #5555, #393, #2205, #4568, #1829, #1230, #9144, #3919, #2816, #7998, #6942, #1416, #8158, #4836, #8414 ) ) ;
#5301 = VERTEX_POINT ( 'NONE', #9738 ) ;
#5302 = ORIENTED_EDGE ( 'NONE', *, *, #2558, .T. ) ;
#5303 = CARTESIAN_POINT ( 'NONE',  ( 16.45804795074397475, -233.0937579634713188, -39.21115538505887343 ) ) ;
#5304 = CARTESIAN_POINT ( 'NONE',  ( 18.78088215633500013, -282.7899270170613022, -38.11798626738899998 ) ) ;
#5305 = CARTESIAN_POINT ( 'NONE',  ( 20.24588215633502131, -237.2108035506304873, -45.13880154756031970 ) ) ;
#5306 = CARTESIAN_POINT ( 'NONE',  ( 23.90588215633500369, -234.8820313402289912, -24.51798626738900211 ) ) ;
#5307 = DIRECTION ( 'NONE',  ( 0.5773502691896257311, 0.5773502691896257311, -0.5773502691896257311 ) ) ;
#5308 = CARTESIAN_POINT ( 'NONE',  ( 56.78088215633500369, -229.9913662456876580, -24.51798626738900921 ) ) ;
#5309 = EDGE_CURVE ( 'NONE', #3339, #5938, #9002, .T. ) ;
#5310 = CARTESIAN_POINT ( 'NONE',  ( 20.24588215633502131, -237.2108035506304873, -33.11798626738899998 ) ) ;
#5311 = VERTEX_POINT ( 'NONE', #9897 ) ;
#5312 = ORIENTED_EDGE ( 'NONE', *, *, #4307, .T. ) ;
#5313 = ORIENTED_EDGE ( 'NONE', *, *, #1188, .F. ) ;
#5314 = EDGE_CURVE ( 'NONE', #2549, #8220, #10690, .T. ) ;
#5315 = DIRECTION ( 'NONE',  ( -1.000000000000000000, 0.000000000000000000, 0.000000000000000000 ) ) ;
#5316 = CARTESIAN_POINT ( 'NONE',  ( 19.36019250116258306, -294.0734786500982523, -38.11798626738899998 ) ) ;
#5317 = CARTESIAN_POINT ( 'NONE',  ( 17.34713461010412772, -286.7278161163618506, -36.18527826504556799 ) ) ;
#5318 = DIRECTION ( 'NONE',  ( 1.000000000000000000, 0.000000000000000000, 0.000000000000000000 ) ) ;
#5319 = CARTESIAN_POINT ( 'NONE',  ( 26.90588215633500369, -315.3820313402289912, -35.11798626738899998 ) ) ;
#5320 = EDGE_CURVE ( 'NONE', #3050, #3827, #716, .T. ) ;
#5321 = CARTESIAN_POINT ( 'NONE',  ( 32.63088215633499800, -224.8520313402290185, -26.81798626738900282 ) ) ;
#5322 = ADVANCED_FACE ( 'NONE', ( #6303 ), #5399, .T. ) ;
#5323 = EDGE_CURVE ( 'NONE', #680, #2863, #10578, .T. ) ;
#5324 = VERTEX_POINT ( 'NONE', #6462 ) ;
#5325 = CARTESIAN_POINT ( 'NONE',  ( 29.65588215633500369, -237.1320313402289912, -23.81798626738900282 ) ) ;
#5326 = FACE_OUTER_BOUND ( 'NONE', #99, .T. ) ;
#5327 = CYLINDRICAL_SURFACE ( 'NONE', #2327, 3.250000000000002665 ) ;
#5328 = CARTESIAN_POINT ( 'NONE',  ( 25.40588215633500369, -242.4235313402290046, -33.11798626738899998 ) ) ;
#5329 = DIRECTION ( 'NONE',  ( 1.000000000000000000, 0.000000000000000000, 0.000000000000000000 ) ) ;
#5330 = FACE_OUTER_BOUND ( 'NONE', #7430, .T. ) ;
#5331 = CARTESIAN_POINT ( 'NONE',  ( 57.05605457012809723, -241.4428874880107685, -45.13880154756031970 ) ) ;
#5332 = LINE ( 'NONE', #8780, #8136 ) ;
#5333 = EDGE_CURVE ( 'NONE', #8919, #859, #2183, .T. ) ;
#5334 = CARTESIAN_POINT ( 'NONE',  ( 38.84338215633500369, -316.8820313402290481, -33.11798626738899998 ) ) ;
#5335 = ORIENTED_EDGE ( 'NONE', *, *, #7458, .F. ) ;
#5336 = ORIENTED_EDGE ( 'NONE', *, *, #6627, .T. ) ;
#5337 = ORIENTED_EDGE ( 'NONE', *, *, #4648, .T. ) ;
#5338 = DIRECTION ( 'NONE',  ( 1.000000000000000000, 0.000000000000000000, 0.000000000000000000 ) ) ;
#5339 = AXIS2_PLACEMENT_3D ( 'NONE', #10044, #9319, #8479 ) ;
#5340 = CARTESIAN_POINT ( 'NONE',  ( 58.78088215633499658, -244.3368315466462093, -35.11798626738899287 ) ) ;
#5341 = FACE_OUTER_BOUND ( 'NONE', #6300, .T. ) ;
#5342 = DIRECTION ( 'NONE',  ( 0.000000000000000000, 0.000000000000000000, -1.000000000000000000 ) ) ;
#5343 = AXIS2_PLACEMENT_3D ( 'NONE', #11047, #3333, #10203 ) ;
#5344 = CARTESIAN_POINT ( 'NONE',  ( 61.69579140234433368, -289.3517506353747990, -40.40824533652516237 ) ) ;
#5345 = PLANE ( 'NONE',  #248 ) ;
#5346 = VERTEX_POINT ( 'NONE', #9060 ) ;
#5347 = ORIENTED_EDGE ( 'NONE', *, *, #7450, .T. ) ;
#5348 = ORIENTED_EDGE ( 'NONE', *, *, #5381, .F. ) ;
#5349 = ORIENTED_EDGE ( 'NONE', *, *, #7471, .T. ) ;
#5350 = FACE_OUTER_BOUND ( 'NONE', #9454, .T. ) ;
#5351 = VECTOR ( 'NONE', #6993, 999.9999999999998863 ) ;
#5352 = CARTESIAN_POINT ( 'NONE',  ( 19.33329594943845109, -233.0334767943454040, -35.11798626738899998 ) ) ;
#5353 = CARTESIAN_POINT ( 'NONE',  ( 20.60588215633500297, -285.6747738301858135, -24.51798626738895592 ) ) ;
#5354 = CARTESIAN_POINT ( 'NONE',  ( 57.02915801840397592, -285.6680495460770430, -35.11798626738899998 ) ) ;
#5355 = DIRECTION ( 'NONE',  ( 0.000000000000000000, 0.000000000000000000, 1.000000000000000000 ) ) ;
#5356 = DIRECTION ( 'NONE',  ( 1.000000000000000000, 0.000000000000000000, 0.000000000000000000 ) ) ;
#5357 = DIRECTION ( 'NONE',  ( 0.000000000000000000, -1.000000000000000000, 0.000000000000000000 ) ) ;
#5358 = EDGE_CURVE ( 'NONE', #3895, #8996, #2519, .T. ) ;
#5359 = DIRECTION ( 'NONE',  ( 0.000000000000000000, 0.000000000000000000, -1.000000000000000000 ) ) ;
#5360 = VECTOR ( 'NONE', #7355, 1000.000000000000000 ) ;
#5361 = ORIENTED_EDGE ( 'NONE', *, *, #5588, .F. ) ;
#5362 = ORIENTED_EDGE ( 'NONE', *, *, #4632, .T. ) ;
#5363 = ORIENTED_EDGE ( 'NONE', *, *, #6418, .F. ) ;
#5364 = CARTESIAN_POINT ( 'NONE',  ( 55.10354190300952837, -294.6241527712051607, -25.56661110140815651 ) ) ;
#5365 = EDGE_CURVE ( 'NONE', #9119, #8854, #384, .T. ) ;
#5366 = AXIS2_PLACEMENT_3D ( 'NONE', #2882, #3893, #5471 ) ;
#5367 = CIRCLE ( 'NONE', #3391, 3.550000000000001155 ) ;
#5368 = DIRECTION ( 'NONE',  ( 0.000000000000000000, -1.000000000000000000, 0.000000000000000000 ) ) ;
#5369 = DIRECTION ( 'NONE',  ( 0.000000000000000000, 1.000000000000000000, 0.000000000000000000 ) ) ;
#5370 = CARTESIAN_POINT ( 'NONE',  ( 20.60588215633500653, -285.6747738301858135, -33.11798626738899998 ) ) ;
#5371 = DIRECTION ( 'NONE',  ( 0.000000000000000000, -1.000000000000000000, 0.000000000000000000 ) ) ;
#5372 = DIRECTION ( 'NONE',  ( 0.000000000000000000, 0.000000000000000000, -1.000000000000000000 ) ) ;
#5373 = ORIENTED_EDGE ( 'NONE', *, *, #10185, .T. ) ;
#5374 = TOROIDAL_SURFACE ( 'NONE', #10939, 6.000000000000000000, 3.000000000000000000 ) ;
#5375 = AXIS2_PLACEMENT_3D ( 'NONE', #5965, #9398, #1623 ) ;
#5376 = ORIENTED_EDGE ( 'NONE', *, *, #9251, .F. ) ;
#5377 = DIRECTION ( 'NONE',  ( 0.000000000000000000, 0.000000000000000000, 1.000000000000000000 ) ) ;
#5378 = PRODUCT_DEFINITION ( 'UNKNOWN', '', #4748, #9802 ) ;
#5379 = CARTESIAN_POINT ( 'NONE',  ( 38.78088215633501079, -238.5330313402290301, -24.31798626738900282 ) ) ;
#5380 = CARTESIAN_POINT ( 'NONE',  ( 32.63088215633499800, -285.8570313402290139, -24.31798626738900282 ) ) ;
#5381 = EDGE_CURVE ( 'NONE', #787, #3714, #5402, .T. ) ;
#5382 = EDGE_CURVE ( 'NONE', #9758, #9908, #8900, .T. ) ;
#5383 = CARTESIAN_POINT ( 'NONE',  ( 17.17275864215873682, -284.3090382644173246, -38.58354852625291187 ) ) ;
#5384 = DIRECTION ( 'NONE',  ( 1.000000000000000000, 0.000000000000000000, 0.000000000000000000 ) ) ;
#5385 = CARTESIAN_POINT ( 'NONE',  ( 61.21584862698458096, -233.4415124041618128, -39.35756878694341765 ) ) ;
#5386 = CIRCLE ( 'NONE', #345, 8.000000000000007105 ) ;
#5387 = CARTESIAN_POINT ( 'NONE',  ( 53.78088215633500369, -234.8820313402289912, -24.51798626738900211 ) ) ;
#5388 = CIRCLE ( 'NONE', #2688, 0.7500000000000006661 ) ;
#5389 = CARTESIAN_POINT ( 'NONE',  ( 45.43088215633500937, -244.3140313402290076, -23.81798626738900282 ) ) ;
#5390 = ADVANCED_FACE ( 'NONE', ( #9841 ), #6406, .T. ) ;
#5391 = DIRECTION ( 'NONE',  ( 1.000000000000000000, 0.000000000000000000, 0.000000000000000000 ) ) ;
#5392 = ORIENTED_EDGE ( 'NONE', *, *, #7668, .T. ) ;
#5393 = VERTEX_POINT ( 'NONE', #1174 ) ;
#5394 = VECTOR ( 'NONE', #169, 1000.000000000000114 ) ;
#5395 = ORIENTED_EDGE ( 'NONE', *, *, #3442, .T. ) ;
#5396 = VECTOR ( 'NONE', #9355, 1000.000000000000000 ) ;
#5397 = CARTESIAN_POINT ( 'NONE',  ( 59.71735552034219552, -286.3509801317483721, -35.69991704510193387 ) ) ;
#5398 = ORIENTED_EDGE ( 'NONE', *, *, #7456, .F. ) ;
#5399 = PLANE ( 'NONE',  #1261 ) ;
#5400 = ADVANCED_FACE ( 'NONE', ( #4608 ), #1340, .F. ) ;
#5401 = CARTESIAN_POINT ( 'NONE',  ( 20.53088215633500013, -205.8820313402289912, -38.11798626738899287 ) ) ;
#5402 = CIRCLE ( 'NONE', #6850, 3.000000000000002665 ) ;
#5403 = EDGE_CURVE ( 'NONE', #2166, #787, #8946, .T. ) ;
#5404 = CARTESIAN_POINT ( 'NONE',  ( 61.60695720752381277, -290.3775185775417640, -40.04729406619600240 ) ) ;
#5405 = ORIENTED_EDGE ( 'NONE', *, *, #3743, .T. ) ;
#5406 = ORIENTED_EDGE ( 'NONE', *, *, #5582, .F. ) ;
#5407 = ORIENTED_EDGE ( 'NONE', *, *, #8599, .T. ) ;
#5408 = ORIENTED_EDGE ( 'NONE', *, *, #8416, .F. ) ;
#5409 = ORIENTED_EDGE ( 'NONE', *, *, #363, .T. ) ;
#5410 = VECTOR ( 'NONE', #7013, 1000.000000000000000 ) ;
#5411 = CARTESIAN_POINT ( 'NONE',  ( 56.78088215633501079, -297.1286001945092039, -35.11798626738899998 ) ) ;
#5412 = CARTESIAN_POINT ( 'NONE',  ( 18.76527900932334703, -233.0988467622860583, -37.90197404243756552 ) ) ;
#5413 = CARTESIAN_POINT ( 'NONE',  ( 32.40588215633500369, -255.3545313402290162, 223.6996348679430184 ) ) ;
#5414 = DIRECTION ( 'NONE',  ( 0.000000000000000000, 0.000000000000000000, -1.000000000000000000 ) ) ;
#5415 = LINE ( 'NONE', #3891, #3580 ) ;
#5416 = FACE_OUTER_BOUND ( 'NONE', #4109, .T. ) ;
#5417 = AXIS2_PLACEMENT_3D ( 'NONE', #396, #5898, #1406 ) ;
#5418 = LINE ( 'NONE', #7227, #7739 ) ;
#5419 = ORIENTED_EDGE ( 'NONE', *, *, #5022, .F. ) ;
#5420 = ORIENTED_EDGE ( 'NONE', *, *, #10951, .F. ) ;
#5421 = ORIENTED_EDGE ( 'NONE', *, *, #9108, .T. ) ;
#5422 = CARTESIAN_POINT ( 'NONE',  ( 53.78088215633500369, -205.8820313402289912, -44.11798626738900708 ) ) ;
#5423 = CIRCLE ( 'NONE', #3983, 1.700000000000000178 ) ;
#5424 = CARTESIAN_POINT ( 'NONE',  ( 18.32740809894112743, -296.7918256986908432, -38.14451905154476918 ) ) ;
#5425 = FACE_OUTER_BOUND ( 'NONE', #8939, .T. ) ;
#5426 = CYLINDRICAL_SURFACE ( 'NONE', #7090, 2.999999999999999112 ) ;
#5427 = CARTESIAN_POINT ( 'NONE',  ( 16.51389456026496205, -241.4837717677843614, -39.14602558945462363 ) ) ;
#5428 = CARTESIAN_POINT ( 'NONE',  ( 16.93088215633500226, -289.9034704378889273, -23.81798626738900282 ) ) ;
#5429 = AXIS2_PLACEMENT_3D ( 'NONE', #5214, #881, #7696 ) ;
#5430 = ORIENTED_EDGE ( 'NONE', *, *, #10668, .F. ) ;
#5432 = EDGE_CURVE ( 'NONE', #3490, #10056, #10117, .T. ) ;
#5431 = AXIS2_PLACEMENT_3D ( 'NONE', #209, #3643, #10514 ) ;
#5433 = ORIENTED_EDGE ( 'NONE', *, *, #9805, .F. ) ;
#5434 = DIRECTION ( 'NONE',  ( 0.000000000000000000, -1.000000000000000000, 0.000000000000000000 ) ) ;
#5435 = CARTESIAN_POINT ( 'NONE',  ( 53.78088215633500369, -216.8820313402289912, -24.51798626738900211 ) ) ;
#5436 = DIRECTION ( 'NONE',  ( 0.000000000000000000, 0.000000000000000000, 1.000000000000000000 ) ) ;
#5437 = PLANE ( 'NONE',  #214 ) ;
#5438 = CARTESIAN_POINT ( 'NONE',  ( 61.66570813214905655, -236.6894358200895567, -39.84140160980481937 ) ) ;
#5439 = AXIS2_PLACEMENT_3D ( 'NONE', #11035, #2414, #7439 ) ;
#5440 = LINE ( 'NONE', #7198, #4735 ) ;
#5441 = DIRECTION ( 'NONE',  ( 2.478176394252580155E-16, -1.000000000000000000, 0.000000000000000000 ) ) ;
#5442 = CARTESIAN_POINT ( 'NONE',  ( 38.84338215633500369, -316.8820313402290481, 223.6996348679430184 ) ) ;
#5443 = ADVANCED_FACE ( 'NONE', ( #3923 ), #5036, .F. ) ;
#5444 = AXIS2_PLACEMENT_3D ( 'NONE', #6213, #8864, #4003 ) ;
#5445 = ORIENTED_EDGE ( 'NONE', *, *, #5522, .F. ) ;
#5446 = ORIENTED_EDGE ( 'NONE', *, *, #5588, .T. ) ;
#5447 = VECTOR ( 'NONE', #2972, 1000.000000000000000 ) ;
#5448 = ORIENTED_EDGE ( 'NONE', *, *, #4678, .T. ) ;
#5449 = CARTESIAN_POINT ( 'NONE',  ( 58.20157181150747050, -285.7334622256796592, -35.11798626738899998 ) ) ;
#5450 = ORIENTED_EDGE ( 'NONE', *, *, #6355, .F. ) ;
#5451 = DIRECTION ( 'NONE',  ( 1.000000000000000000, 0.000000000000000000, 0.000000000000000000 ) ) ;
#5452 = EDGE_CURVE ( 'NONE', #9312, #4266, #8211, .T. ) ;
#5453 = DIRECTION ( 'NONE',  ( 1.000000000000000000, 0.000000000000000000, 0.000000000000000000 ) ) ;
#5454 = AXIS2_PLACEMENT_3D ( 'NONE', #6565, #2274, #5716 ) ;
#5455 = CARTESIAN_POINT ( 'NONE',  ( 61.22332331478669687, -288.0736424025412248, -38.03019626964015742 ) ) ;
#5456 = EDGE_CURVE ( 'NONE', #235, #693, #7589, .T. ) ;
#5457 = EDGE_CURVE ( 'NONE', #1277, #5301, #1443, .T. ) ;
#5458 = ORIENTED_EDGE ( 'NONE', *, *, #8189, .F. ) ;
#5459 = EDGE_CURVE ( 'NONE', #9934, #4615, #6684, .T. ) ;
#5460 = ORIENTED_EDGE ( 'NONE', *, *, #1885, .T. ) ;
#5461 = VERTEX_POINT ( 'NONE', #10061 ) ;
#5462 = VERTEX_POINT ( 'NONE', #2339 ) ;
#5464 = ORIENTED_EDGE ( 'NONE', *, *, #10699, .F. ) ;
#5463 = AXIS2_PLACEMENT_3D ( 'NONE', #9254, #11048, #7741 ) ;
#5465 = DIRECTION ( 'NONE',  ( 2.478176394252580155E-16, -1.000000000000000000, 0.000000000000000000 ) ) ;
#5466 = CARTESIAN_POINT ( 'NONE',  ( 16.54178576104548881, -234.8104500482603214, -38.97162285969089623 ) ) ;
#5467 = CARTESIAN_POINT ( 'NONE',  ( 57.02915801840396881, -294.1388913297008116, -33.11798626738899998 ) ) ;
#5468 = CARTESIAN_POINT ( 'NONE',  ( 25.40588215633500369, -256.1045313402289594, 223.6996348679430184 ) ) ;
#5469 = CARTESIAN_POINT ( 'NONE',  ( 32.63088215633499800, -285.8570313402290139, -26.81798626738900282 ) ) ;
#5470 = CARTESIAN_POINT ( 'NONE',  ( 38.78088215633501079, -265.8950313402290249, -23.81798626738900282 ) ) ;
#5471 = DIRECTION ( 'NONE',  ( 1.000000000000000000, 0.000000000000000000, 0.000000000000000000 ) ) ;
#5472 = EDGE_CURVE ( 'NONE', #10360, #9181, #725, .T. ) ;
#5473 = ORIENTED_EDGE ( 'NONE', *, *, #227, .F. ) ;
#5474 = VERTEX_POINT ( 'NONE', #3187 ) ;
#5475 = VERTEX_POINT ( 'NONE', #10905 ) ;
#5476 = CARTESIAN_POINT ( 'NONE',  ( 29.90588215633500369, -286.8800777381588887, -38.11798626738899998 ) ) ;
#5477 = PRODUCT_DEFINITION_SHAPE ( 'NONE', 'NONE',  #11140 ) ;
#5478 = DIRECTION ( 'NONE',  ( 2.478176394252580155E-16, -1.000000000000000000, 0.000000000000000000 ) ) ;
#5479 = CARTESIAN_POINT ( 'NONE',  ( 24.01317185411928534, -220.9174288407390918, -24.41050265271704589 ) ) ;
#5480 = DIRECTION ( 'NONE',  ( 0.000000000000000000, 0.000000000000000000, 1.000000000000000000 ) ) ;
#5481 = CARTESIAN_POINT ( 'NONE',  ( 15.83646574695509557, -237.9153103410354504, -40.53321752454611016 ) ) ;
#5482 = CARTESIAN_POINT ( 'NONE',  ( 32.40588215633500369, -268.2855313402289994, -33.11798626738899998 ) ) ;
#5483 = ORIENTED_EDGE ( 'NONE', *, *, #7226, .T. ) ;
#5484 = ORIENTED_EDGE ( 'NONE', *, *, #10335, .F. ) ;
#5485 = CARTESIAN_POINT ( 'NONE',  ( 32.63088215633499800, -252.2140313402290133, -24.31798626738900282 ) ) ;
#5486 = CARTESIAN_POINT ( 'NONE',  ( 56.92093962808223750, -232.9911653805123137, -24.51798626738900921 ) ) ;
#5487 = DIRECTION ( 'NONE',  ( 0.000000000000000000, -1.000000000000000000, 0.000000000000000000 ) ) ;
#5488 = DIRECTION ( 'NONE',  ( 1.000000000000000000, 0.000000000000000000, 0.000000000000000000 ) ) ;
#5489 = CARTESIAN_POINT ( 'NONE',  ( 61.39199161405585414, -240.3270854296891912, -39.63131400332383691 ) ) ;
#5490 = DIRECTION ( 'NONE',  ( 0.000000000000000000, -1.000000000000000000, 0.000000000000000000 ) ) ;
#5491 = DIRECTION ( 'NONE',  ( 1.000000000000000000, 0.000000000000000000, 0.000000000000000000 ) ) ;
#5492 = DIRECTION ( 'NONE',  ( 0.000000000000000000, 1.000000000000000000, -0.000000000000000000 ) ) ;
#5493 = CARTESIAN_POINT ( 'NONE',  ( 47.78088215633500369, -223.3820313402289912, 220.0996348679430525 ) ) ;
#5494 = EDGE_CURVE ( 'NONE', #10589, #2598, #14, .T. ) ;
#5495 = ORIENTED_EDGE ( 'NONE', *, *, #1070, .T. ) ;
#5496 = ORIENTED_EDGE ( 'NONE', *, *, #6280, .T. ) ;
#5497 = ORIENTED_EDGE ( 'NONE', *, *, #3106, .T. ) ;
#5498 = FACE_OUTER_BOUND ( 'NONE', #10750, .T. ) ;
#5499 = FACE_OUTER_BOUND ( 'NONE', #8504, .T. ) ;
#5500 = CARTESIAN_POINT ( 'NONE',  ( 48.78088215633500369, -238.8820313402290196, 220.0996348679430525 ) ) ;
#5501 = VECTOR ( 'NONE', #7588, 1000.000000000000000 ) ;
#5502 = ADVANCED_FACE ( 'NONE', ( #2449 ), #1392, .F. ) ;
#5503 = DIRECTION ( 'NONE',  ( 0.000000000000000000, 0.000000000000000000, -1.000000000000000000 ) ) ;
#5504 = CARTESIAN_POINT ( 'NONE',  ( 61.43477639790233269, -287.1263845604955236, -39.71115258119893809 ) ) ;
#5505 = VERTEX_POINT ( 'NONE', #3136 ) ;
#5506 = CIRCLE ( 'NONE', #8040, 0.7499999999999729106 ) ;
#5507 = VERTEX_POINT ( 'NONE', #5897 ) ;
#5508 = ORIENTED_EDGE ( 'NONE', *, *, #10888, .F. ) ;
#5509 = VERTEX_POINT ( 'NONE', #8434 ) ;
#5510 = VERTEX_POINT ( 'NONE', #488 ) ;
#5511 = DIRECTION ( 'NONE',  ( 1.000000000000000000, 0.000000000000000000, 0.000000000000000000 ) ) ;
#5512 = EDGE_CURVE ( 'NONE', #9718, #3454, #9546, .T. ) ;
#5513 = LINE ( 'NONE', #5575, #6320 ) ;
#5514 = ADVANCED_FACE ( 'NONE', ( #3244 ), #10793, .T. ) ;
#5515 = LINE ( 'NONE', #1139, #2745 ) ;
#5516 = ADVANCED_FACE ( 'NONE', ( #8378 ), #659, .T. ) ;
#5517 = AXIS2_PLACEMENT_3D ( 'NONE', #4800, #4117, #7561 ) ;
#5518 = DIRECTION ( 'NONE',  ( 0.000000000000000000, 0.000000000000000000, 1.000000000000000000 ) ) ;
#5519 = DIRECTION ( 'NONE',  ( 0.000000000000000000, 0.000000000000000000, 1.000000000000000000 ) ) ;
#5520 = DIRECTION ( 'NONE',  ( 0.000000000000000000, 0.000000000000000000, 1.000000000000000000 ) ) ;
#5521 = LINE ( 'NONE', #8123, #7020 ) ;
#5522 = EDGE_CURVE ( 'NONE', #999, #4890, #3981, .T. ) ;
#5523 = ADVANCED_FACE ( 'NONE', ( #2285 ), #3606, .F. ) ;
#5524 = ORIENTED_EDGE ( 'NONE', *, *, #10799, .F. ) ;
#5525 = ADVANCED_BREP_SHAPE_REPRESENTATION ( '', ( #6288, #9418 ), #2581 ) ;
#5526 = ORIENTED_EDGE ( 'NONE', *, *, #681, .F. ) ;
#5527 = ORIENTED_EDGE ( 'NONE', *, *, #1329, .F. ) ;
#5528 = AXIS2_PLACEMENT_3D ( 'NONE', #7330, #1408, #2251 ) ;
#5529 = CARTESIAN_POINT ( 'NONE',  ( 32.13088215633499800, -266.1320313402289912, -23.81798626738900282 ) ) ;
#5530 = EDGE_CURVE ( 'NONE', #6083, #4137, #7764, .T. ) ;
#5531 = FACE_OUTER_BOUND ( 'NONE', #9296, .T. ) ;
#5532 = DIRECTION ( 'NONE',  ( -0.000000000000000000, -0.000000000000000000, 1.000000000000000000 ) ) ;
#5533 = DIRECTION ( 'NONE',  ( -0.1000000000000012407, -0.9949874371066198542, 0.000000000000000000 ) ) ;
#5534 = VECTOR ( 'NONE', #5947, 1000.000000000000000 ) ;
#5535 = CARTESIAN_POINT ( 'NONE',  ( 29.90588215633500369, -278.8839849422990937, -38.11798626738899998 ) ) ;
#5536 = CARTESIAN_POINT ( 'NONE',  ( 53.78088215633500369, -229.9913662456876580, -35.11798626738899998 ) ) ;
#5537 = VERTEX_POINT ( 'NONE', #6971 ) ;
#5538 =( BOUNDED_CURVE ( )  B_SPLINE_CURVE ( 3, ( #7283, #3781, #6376, #8179 ),
 .UNSPECIFIED., .F., .F. ) 
 B_SPLINE_CURVE_WITH_KNOTS ( ( 4, 4 ),
 ( 0.000000000000000000, 0.9200805897118934373 ),
 .UNSPECIFIED. ) 
 CURVE ( )  GEOMETRIC_REPRESENTATION_ITEM ( )  RATIONAL_B_SPLINE_CURVE ( ( 1.000000000000000000, 0.9306897386487085200, 0.9306897386487085200, 1.000000000000000000 ) ) 
 REPRESENTATION_ITEM ( '' )  );
#5539 = ORIENTED_EDGE ( 'NONE', *, *, #4747, .F. ) ;
#5540 = DIRECTION ( 'NONE',  ( 0.000000000000000000, 0.000000000000000000, 1.000000000000000000 ) ) ;
#5541 = VECTOR ( 'NONE', #6950, 1000.000000000000000 ) ;
#5542 = DIRECTION ( 'NONE',  ( 0.000000000000000000, 0.000000000000000000, 1.000000000000000000 ) ) ;
#5543 = CARTESIAN_POINT ( 'NONE',  ( 44.93088215633500226, -217.4520313402290128, -24.31798626738900282 ) ) ;
#5544 = CARTESIAN_POINT ( 'NONE',  ( 57.51088215633501477, -289.9034704378889273, -27.21798626738900140 ) ) ;
#5545 = B_SPLINE_CURVE_WITH_KNOTS ( 'NONE', 3,
 ( #175, #7102, #1019, #4452, #3609, #7950, #10478, #6939, #5240, #231 ),
 .UNSPECIFIED., .F., .F.,
 ( 4, 2, 2, 2, 4 ),
 ( 0.000000000000000000, 0.0004008300684827080800, 0.0008016601369654161599, 0.001202490205448124294, 0.001603320273930832320 ),
 .UNSPECIFIED. ) ;
#5546 = CARTESIAN_POINT ( 'NONE',  ( 60.95852948907943869, -234.8070882623549096, -37.31824251872557596 ) ) ;
#5547 = DIRECTION ( 'NONE',  ( 0.000000000000000000, -1.000000000000000000, 0.000000000000000000 ) ) ;
#5548 = CARTESIAN_POINT ( 'NONE',  ( 46.85588215633499942, -309.9910313402289717, -23.81798626738900282 ) ) ;
#5549 = DIRECTION ( 'NONE',  ( 1.000000000000000000, 0.000000000000000000, 0.000000000000000000 ) ) ;
#5550 = VECTOR ( 'NONE', #8732, 1000.000000000000000 ) ;
#5551 = VECTOR ( 'NONE', #7167, 1000.000000000000000 ) ;
#5552 = DIRECTION ( 'NONE',  ( 1.000000000000000000, 0.000000000000000000, 0.000000000000000000 ) ) ;
#5553 = ORIENTED_EDGE ( 'NONE', *, *, #9174, .T. ) ;
#5554 = ORIENTED_EDGE ( 'NONE', *, *, #9597, .F. ) ;
#5555 = ORIENTED_EDGE ( 'NONE', *, *, #1059, .T. ) ;
#5556 = DIRECTION ( 'NONE',  ( 0.000000000000000000, 0.000000000000000000, -1.000000000000000000 ) ) ;
#5557 = CARTESIAN_POINT ( 'NONE',  ( 61.05026591821146553, -292.0574892141391388, -37.58639435488719727 ) ) ;
#5558 = DIRECTION ( 'NONE',  ( 0.000000000000000000, 0.000000000000000000, 1.000000000000000000 ) ) ;
#5559 = CIRCLE ( 'NONE', #3944, 1.300000000000023359 ) ;
#5560 = AXIS2_PLACEMENT_3D ( 'NONE', #1061, #2069, #5391 ) ;
#5561 = EDGE_CURVE ( 'NONE', #7229, #4526, #4659, .T. ) ;
#5562 = FACE_OUTER_BOUND ( 'NONE', #4366, .T. ) ;
#5563 = CARTESIAN_POINT ( 'NONE',  ( 20.90588215633500369, -229.9909074294941149, -23.81798626738900282 ) ) ;
#5564 = CARTESIAN_POINT ( 'NONE',  ( 61.17613817069642579, -286.1105921872987778, -39.30436312817361255 ) ) ;
#5565 = VECTOR ( 'NONE', #441, 1000.000000000000114 ) ;
#5566 = B_SPLINE_CURVE_WITH_KNOTS ( 'NONE', 3,
 ( #8681, #7612, #2469, #4397, #1747, #11036, #850, #7841, #6034, #2647, #5239, #6937, #1570, #3497, #6876, #10245, #966, #9350, #4276, #10364, #7723, #6091, #5181, #9521, #5, #117, #1806, #3550 ),
 .UNSPECIFIED., .F., .F.,
 ( 4, 2, 2, 2, 2, 2, 2, 2, 2, 2, 2, 2, 2, 4 ),
 ( 0.007946221453111837821, 0.008192036282408795764, 0.008437851111705753707, 0.008929480770299681736, 0.009912740087487558610, 0.01089599940467543375, 0.01187925872186331062, 0.01286251803905118576, 0.01335414769764512594, 0.01384577735623906611, 0.01433740701483300628, 0.01482903667342694645, 0.01532066633202088662, 0.01581229599061482680 ),
 .UNSPECIFIED. ) ;
#5567 = ORIENTED_EDGE ( 'NONE', *, *, #6206, .F. ) ;
#5568 = AXIS2_PLACEMENT_3D ( 'NONE', #5010, #1467, #626 ) ;
#5569 = ORIENTED_EDGE ( 'NONE', *, *, #3155, .T. ) ;
#5570 = ORIENTED_EDGE ( 'NONE', *, *, #8416, .T. ) ;
#5571 = EDGE_CURVE ( 'NONE', #2083, #2188, #5957, .T. ) ;
#5572 = EDGE_LOOP ( 'NONE', ( #6322, #1023, #2652, #7148 ) ) ;
#5573 = ORIENTED_EDGE ( 'NONE', *, *, #376, .T. ) ;
#5574 = CARTESIAN_POINT ( 'NONE',  ( 32.13088215633499800, -244.3140313402290076, -23.81798626738900282 ) ) ;
#5575 = CARTESIAN_POINT ( 'NONE',  ( 28.40588215633500369, 0.000000000000000000, -29.11798626738900353 ) ) ;
#5576 = VECTOR ( 'NONE', #10526, 1000.000000000000000 ) ;
#5577 = FACE_OUTER_BOUND ( 'NONE', #9748, .T. ) ;
#5578 = CARTESIAN_POINT ( 'NONE',  ( 23.90588215633500369, -218.8820313402289912, -24.51798626738899500 ) ) ;
#5579 = CARTESIAN_POINT ( 'NONE',  ( 44.93088215633500226, -258.4950313402289908, -24.31798626738900282 ) ) ;
#5580 = FACE_OUTER_BOUND ( 'NONE', #9922, .T. ) ;
#5581 = CARTESIAN_POINT ( 'NONE',  ( 32.63088215633499800, -262.1950313402289794, -24.31798626738900282 ) ) ;
#5582 = EDGE_CURVE ( 'NONE', #10072, #10633, #7929, .T. ) ;
#5583 = ORIENTED_EDGE ( 'NONE', *, *, #9589, .F. ) ;
#5584 = ORIENTED_EDGE ( 'NONE', *, *, #9473, .T. ) ;
#5586 = ADVANCED_FACE ( 'NONE', ( #150 ), #5222, .T. ) ;
#5585 = CIRCLE ( 'NONE', #8469, 8.000000000000007105 ) ;
#5588 = EDGE_CURVE ( 'NONE', #9705, #6811, #8605, .T. ) ;
#5587 = ORIENTED_EDGE ( 'NONE', *, *, #9520, .F. ) ;
#5589 = CARTESIAN_POINT ( 'NONE',  ( 56.86506512296002569, -294.1098205079017589, -24.51798626738904119 ) ) ;
#5590 = ADVANCED_FACE ( 'NONE', ( #888 ), #11125, .F. ) ;
#5591 = CARTESIAN_POINT ( 'NONE',  ( 18.45618696525550462, -293.7900984271547600, -35.31548766363916059 ) ) ;
#5592 = CARTESIAN_POINT ( 'NONE',  ( 24.35761370862968178, -220.8866911791285759, -24.06626189945027505 ) ) ;
#5593 = CIRCLE ( 'NONE', #10087, 4.249999999999996447 ) ;
#5594 = CYLINDRICAL_SURFACE ( 'NONE', #4920, 3.000000000000002665 ) ;
#5595 = CARTESIAN_POINT ( 'NONE',  ( 18.16032084815459058, -230.4268991583473678, -38.17912461771921784 ) ) ;
#5596 = CARTESIAN_POINT ( 'NONE',  ( 47.78088215633500369, -223.3820313402289912, -34.71798626738900140 ) ) ;
#5597 = ADVANCED_FACE ( 'NONE', ( #7826, #10228 ), #8665, .F. ) ;
#5598 = ORIENTED_EDGE ( 'NONE', *, *, #8426, .T. ) ;
#5599 = EDGE_CURVE ( 'NONE', #5969, #7457, #777, .T. ) ;
#5600 = ADVANCED_FACE ( 'NONE', ( #1674 ), #7025, .F. ) ;
#5601 = VECTOR ( 'NONE', #1376, 1000.000000000000000 ) ;
#5602 = ORIENTED_EDGE ( 'NONE', *, *, #2543, .F. ) ;
#5603 = CARTESIAN_POINT ( 'NONE',  ( 61.60657198466891060, -291.6229021603803631, -40.10228743976319521 ) ) ;
#5604 = DIRECTION ( 'NONE',  ( 0.000000000000000000, 0.000000000000000000, 1.000000000000000000 ) ) ;
#5605 = CARTESIAN_POINT ( 'NONE',  ( 38.84338215633500369, -266.1320313402289912, -38.11798626738899998 ) ) ;
#5606 = LINE ( 'NONE', #2851, #10989 ) ;
#5607 = CARTESIAN_POINT ( 'NONE',  ( 61.71264549136966338, -236.3214115394649184, -40.47969393831030516 ) ) ;
#5608 = DIRECTION ( 'NONE',  ( -1.000000000000000000, 0.000000000000000000, 0.000000000000000000 ) ) ;
#5609 = LINE ( 'NONE', #7304, #1756 ) ;
#5610 = CIRCLE ( 'NONE', #9390, 3.000000000000002665 ) ;
#5611 = DIRECTION ( 'NONE',  ( 0.000000000000000000, 0.000000000000000000, 1.000000000000000000 ) ) ;
#5612 = AXIS2_PLACEMENT_3D ( 'NONE', #7849, #9642, #10375 ) ;
#5613 = CARTESIAN_POINT ( 'NONE',  ( 61.63948530127527192, -238.9267558483207949, -40.19757737125280528 ) ) ;
#5614 = DIRECTION ( 'NONE',  ( 1.000000000000000000, 0.000000000000000000, 0.000000000000000000 ) ) ;
#5615 = ORIENTED_EDGE ( 'NONE', *, *, #2035, .F. ) ;
#5616 = VERTEX_POINT ( 'NONE', #4257 ) ;
#5617 = DIRECTION ( 'NONE',  ( 1.000000000000000000, 0.000000000000000000, 0.000000000000000000 ) ) ;
#5618 = VECTOR ( 'NONE', #8979, 1000.000000000000000 ) ;
#5619 = CARTESIAN_POINT ( 'NONE',  ( 58.20157181150742076, -294.0734786500982523, -35.11798626738899998 ) ) ;
#5620 = VECTOR ( 'NONE', #621, 1000.000000000000000 ) ;
#5621 = DIRECTION ( 'NONE',  ( 0.000000000000000000, 0.000000000000000000, -1.000000000000000000 ) ) ;
#5622 = DIRECTION ( 'NONE',  ( -0.000000000000000000, -0.000000000000000000, 1.000000000000000000 ) ) ;
#5623 = CARTESIAN_POINT ( 'NONE',  ( 57.08295112185224696, -285.6750694363605021, -24.51798626738906606 ) ) ;
#5624 = CARTESIAN_POINT ( 'NONE',  ( 60.08695800055144076, -293.1829651598764030, -36.04911078418732728 ) ) ;
#5625 = VECTOR ( 'NONE', #1558, 1000.000000000000000 ) ;
#5626 = VERTEX_POINT ( 'NONE', #10456 ) ;
#5627 = ORIENTED_EDGE ( 'NONE', *, *, #6294, .T. ) ;
#5628 = ORIENTED_EDGE ( 'NONE', *, *, #8553, .F. ) ;
#5629 = ORIENTED_EDGE ( 'NONE', *, *, #3435, .T. ) ;
#5630 = CARTESIAN_POINT ( 'NONE',  ( 23.49588215633502131, -237.2108035506304873, -23.81798626738900282 ) ) ;
#5631 = ORIENTED_EDGE ( 'NONE', *, *, #5382, .T. ) ;
#5632 = PLANE ( 'NONE',  #10426 ) ;
#5633 = PRESENTATION_STYLE_ASSIGNMENT (( #3037 ) ) ;
#5634 = AXIS2_PLACEMENT_3D ( 'NONE', #2805, #10677, #1214 ) ;
#5635 = CARTESIAN_POINT ( 'NONE',  ( 26.90588215633500369, -213.8820313402290196, -35.11798626738899998 ) ) ;
#5636 = DIRECTION ( 'NONE',  ( 0.000000000000000000, -1.000000000000000000, 0.000000000000000000 ) ) ;
#5637 = EDGE_CURVE ( 'NONE', #252, #2495, #1091, .T. ) ;
#5638 = DIRECTION ( 'NONE',  ( 0.000000000000000000, 0.000000000000000000, -1.000000000000000000 ) ) ;
#5639 = LINE ( 'NONE', #9860, #8155 ) ;
#5640 = CARTESIAN_POINT ( 'NONE',  ( 20.18088215633500226, -289.9034704378889273, -43.11798626738900708 ) ) ;
#5641 = AXIS2_PLACEMENT_3D ( 'NONE', #969, #3553, #10425 ) ;
#5642 = EDGE_LOOP ( 'NONE', ( #10535, #2884, #899, #7012 ) ) ;
#5643 = EDGE_LOOP ( 'NONE', ( #3501, #7997, #10545, #1131 ) ) ;
#5644 = AXIS2_PLACEMENT_3D ( 'NONE', #3058, #6497, #10663 ) ;
#5645 = ORIENTED_EDGE ( 'NONE', *, *, #9906, .T. ) ;
#5646 = AXIS2_PLACEMENT_3D ( 'NONE', #10352, #6134, #9507 ) ;
#5647 = CARTESIAN_POINT ( 'NONE',  ( 18.66737558371813677, -241.2978359430109094, -37.89602657076259362 ) ) ;
#5648 = CARTESIAN_POINT ( 'NONE',  ( 16.01982049657624785, -290.7765269157421812, -39.23526322119584364 ) ) ;
#5649 = PLANE ( 'NONE',  #2458 ) ;
#5650 = EDGE_CURVE ( 'NONE', #10633, #10016, #7703, .T. ) ;
#5651 = FACE_BOUND ( 'NONE', #4095, .T. ) ;
#5652 = CARTESIAN_POINT ( 'NONE',  ( 50.53088215633499658, -205.8820313402289912, -44.11798626738900708 ) ) ;
#5653 = CARTESIAN_POINT ( 'NONE',  ( 32.63088215633499800, -244.8140313402290076, -24.31798626738900282 ) ) ;
#5654 = AXIS2_PLACEMENT_3D ( 'NONE', #2342, #6749, #610 ) ;
#5655 = ORIENTED_EDGE ( 'NONE', *, *, #4758, .T. ) ;
#5656 = EDGE_CURVE ( 'NONE', #10072, #8558, #4204, .T. ) ;
#5657 = ORIENTED_EDGE ( 'NONE', *, *, #629, .F. ) ;
#5658 = CARTESIAN_POINT ( 'NONE',  ( 60.10681116705388405, -295.9332976716022472, -38.41855878532010848 ) ) ;
#5659 = CARTESIAN_POINT ( 'NONE',  ( 23.78088215633500369, -205.8820313402289912, -38.11798626738899998 ) ) ;
#5660 = DIRECTION ( 'NONE',  ( 0.000000000000000000, 0.000000000000000000, 1.000000000000000000 ) ) ;
#5661 = ADVANCED_FACE ( 'NONE', ( #2573 ), #9722, .F. ) ;
#5662 = DIRECTION ( 'NONE',  ( 0.000000000000000000, -0.000000000000000000, -1.000000000000000000 ) ) ;
#5663 = CARTESIAN_POINT ( 'NONE',  ( 59.97186917589770161, -243.4393674124441134, -38.36261490025196963 ) ) ;
#5664 = EDGE_CURVE ( 'NONE', #7847, #8085, #3581, .T. ) ;
#5665 = CARTESIAN_POINT ( 'NONE',  ( 28.90588215633500013, -254.6045313402289878, -33.11798626738899998 ) ) ;
#5666 = ADVANCED_FACE ( 'NONE', ( #8087 ), #2956, .F. ) ;
#5667 = DIRECTION ( 'NONE',  ( 0.000000000000000000, 0.000000000000000000, 1.000000000000000000 ) ) ;
#5668 = LINE ( 'NONE', #9101, #1653 ) ;
#5669 = DIRECTION ( 'NONE',  ( 0.000000000000000000, -1.000000000000000000, 0.000000000000000000 ) ) ;
#5670 =( NAMED_UNIT ( * ) PLANE_ANGLE_UNIT ( ) SI_UNIT ( $, .RADIAN. ) );
#5671 = ORIENTED_EDGE ( 'NONE', *, *, #4758, .F. ) ;
#5672 = ORIENTED_EDGE ( 'NONE', *, *, #3513, .F. ) ;
#5673 = CARTESIAN_POINT ( 'NONE',  ( 47.78088215633500369, -220.3820313402289912, -38.11798626738899287 ) ) ;
#5674 = DIRECTION ( 'NONE',  ( 2.478176394252580155E-16, -1.000000000000000000, 0.000000000000000000 ) ) ;
#5675 = DIRECTION ( 'NONE',  ( -0.9940455301706855318, -0.1089655172413772910, 0.000000000000000000 ) ) ;
#5676 = DIRECTION ( 'NONE',  ( 0.000000000000000000, 1.000000000000000000, 0.000000000000000000 ) ) ;
#5677 = EDGE_CURVE ( 'NONE', #682, #235, #9183, .T. ) ;
#5678 = DIRECTION ( 'NONE',  ( 0.000000000000000000, -0.000000000000000000, 1.000000000000000000 ) ) ;
#5679 = CARTESIAN_POINT ( 'NONE',  ( 59.46528375256370680, -293.6159917973104143, -35.50412903911463758 ) ) ;
#5680 = ORIENTED_EDGE ( 'NONE', *, *, #2078, .F. ) ;
#5681 = ORIENTED_EDGE ( 'NONE', *, *, #6633, .F. ) ;
#5682 = ORIENTED_EDGE ( 'NONE', *, *, #1604, .F. ) ;
#5683 = VERTEX_POINT ( 'NONE', #1160 ) ;
#5684 = DIRECTION ( 'NONE',  ( 0.000000000000000000, 0.000000000000000000, 1.000000000000000000 ) ) ;
#5685 = CIRCLE ( 'NONE', #8571, 2.999999999999999112 ) ;
#5686 = ORIENTED_EDGE ( 'NONE', *, *, #9724, .T. ) ;
#5687 = CARTESIAN_POINT ( 'NONE',  ( 20.18088215633500226, -289.9034704378889273, -23.81798626738900282 ) ) ;
#5688 = DIRECTION ( 'NONE',  ( -0.7071067811865474617, -0.7071067811865474617, 0.000000000000000000 ) ) ;
#5689 = DIRECTION ( 'NONE',  ( 1.000000000000000000, 0.000000000000000000, 0.000000000000000000 ) ) ;
#5690 = DIRECTION ( 'NONE',  ( 0.000000000000000000, 0.000000000000000000, -1.000000000000000000 ) ) ;
#5691 = AXIS2_PLACEMENT_3D ( 'NONE', #5087, #1591, #2610 ) ;
#5692 = FACE_OUTER_BOUND ( 'NONE', #10193, .T. ) ;
#5693 = DIRECTION ( 'NONE',  ( 0.000000000000000000, 0.000000000000000000, -1.000000000000000000 ) ) ;
#5694 = DIRECTION ( 'NONE',  ( -0.9811784028727763562, -0.1931034482758600679, -0.000000000000000000 ) ) ;
#5695 = VERTEX_POINT ( 'NONE', #208 ) ;
#5696 = ORIENTED_EDGE ( 'NONE', *, *, #10836, .T. ) ;
#5697 = ORIENTED_EDGE ( 'NONE', *, *, #8510, .F. ) ;
#5698 = AXIS2_PLACEMENT_3D ( 'NONE', #9377, #1040, #7916 ) ;
#5699 = CARTESIAN_POINT ( 'NONE',  ( 53.78088215633500369, -205.8820313402289912, -41.11798626738899287 ) ) ;
#5700 = CARTESIAN_POINT ( 'NONE',  ( 15.85693835424145348, -290.1129841385363193, -40.44665833982365655 ) ) ;
#5701 = CARTESIAN_POINT ( 'NONE',  ( 53.78088215633500369, -297.3820313402289912, -24.51798626738899856 ) ) ;
#5702 = EDGE_CURVE ( 'NONE', #4215, #9181, #7928, .T. ) ;
#5703 = FACE_OUTER_BOUND ( 'NONE', #11074, .T. ) ;
#5704 = FACE_OUTER_BOUND ( 'NONE', #2108, .T. ) ;
#5705 = CARTESIAN_POINT ( 'NONE',  ( 51.03088215633499658, -266.1320313402289912, -33.11798626738899998 ) ) ;
#5706 = VECTOR ( 'NONE', #7797, 1000.000000000000000 ) ;
#5707 = VERTEX_POINT ( 'NONE', #264 ) ;
#5708 = ADVANCED_FACE ( 'NONE', ( #1900, #8931 ), #7988, .T. ) ;
#5709 = ORIENTED_EDGE ( 'NONE', *, *, #6591, .F. ) ;
#5710 = CARTESIAN_POINT ( 'NONE',  ( 61.21879056349305870, -293.5524277397337869, -39.36219137502160947 ) ) ;
#5711 = FACE_OUTER_BOUND ( 'NONE', #1511, .T. ) ;
#5712 = CIRCLE ( 'NONE', #3909, 2.999999999999999112 ) ;
#5713 = DIRECTION ( 'NONE',  ( 0.000000000000000000, 0.000000000000000000, -1.000000000000000000 ) ) ;
#5714 = DIRECTION ( 'NONE',  ( 0.000000000000000000, 1.000000000000000000, 0.000000000000000000 ) ) ;
#5715 = CARTESIAN_POINT ( 'NONE',  ( 59.67331910649066629, -243.7591239842593609, -38.25180302002038246 ) ) ;
#5716 = DIRECTION ( 'NONE',  ( 1.000000000000000000, 0.000000000000000000, 0.000000000000000000 ) ) ;
#5717 = DIRECTION ( 'NONE',  ( -0.000000000000000000, -0.000000000000000000, -1.000000000000000000 ) ) ;
#5718 = CARTESIAN_POINT ( 'NONE',  ( 23.90588215633500369, -297.1171293569119030, -24.51798626738900211 ) ) ;
#5719 = DIRECTION ( 'NONE',  ( 0.000000000000000000, 0.000000000000000000, 1.000000000000000000 ) ) ;
#5720 = VECTOR ( 'NONE', #8936, 1000.000000000000000 ) ;
#5721 = ADVANCED_FACE ( 'NONE', ( #3858 ), #5327, .F. ) ;
#5722 = ORIENTED_EDGE ( 'NONE', *, *, #3916, .F. ) ;
#5723 = ADVANCED_FACE ( 'NONE', ( #7083, #4595, #10616, #6340, #3801, #6231 ), #7299, .T. ) ;
#5724 = ORIENTED_EDGE ( 'NONE', *, *, #228, .F. ) ;
#5725 = EDGE_CURVE ( 'NONE', #3062, #3339, #9827, .T. ) ;
#5726 = FACE_BOUND ( 'NONE', #4168, .T. ) ;
#5727 = CARTESIAN_POINT ( 'NONE',  ( 60.68967880903650070, -292.5792347446633244, -36.86508344202746912 ) ) ;
#5728 = DIRECTION ( 'NONE',  ( 0.000000000000000000, 0.000000000000000000, 1.000000000000000000 ) ) ;
#5729 = LINE ( 'NONE', #6746, #7492 ) ;
#5730 = VECTOR ( 'NONE', #6029, 1000.000000000000000 ) ;
#5731 = CYLINDRICAL_SURFACE ( 'NONE', #417, 1.500000000000001332 ) ;
#5732 = ADVANCED_FACE ( 'NONE', ( #10673 ), #2111, .T. ) ;
#5733 = AXIS2_PLACEMENT_3D ( 'NONE', #689, #4017, #2431 ) ;
#5734 = CARTESIAN_POINT ( 'NONE',  ( 55.10362086875342413, -285.1828476291530023, -25.56652164708781427 ) ) ;
#5735 = CARTESIAN_POINT ( 'NONE',  ( 61.21677070392802023, -291.7469217585729666, -38.01166752959413486 ) ) ;
#5736 = EDGE_LOOP ( 'NONE', ( #543, #1062 ) ) ;
#5737 = ORIENTED_EDGE ( 'NONE', *, *, #3328, .F. ) ;
#5738 = ORIENTED_EDGE ( 'NONE', *, *, #2976, .F. ) ;
#5739 = VECTOR ( 'NONE', #5540, 1000.000000000000000 ) ;
#5740 = VERTEX_POINT ( 'NONE', #6184 ) ;
#5742 = EDGE_CURVE ( 'NONE', #2474, #4805, #8829, .T. ) ;
#5741 = CIRCLE ( 'NONE', #4838, 1.300000000000002487 ) ;
#5743 = CARTESIAN_POINT ( 'NONE',  ( 58.74588215633499289, -237.2108035506304873, -33.11798626738899998 ) ) ;
#5744 = ORIENTED_EDGE ( 'NONE', *, *, #11022, .T. ) ;
#5745 = CYLINDRICAL_SURFACE ( 'NONE', #9351, 1.300000000000023359 ) ;
#5746 = DIRECTION ( 'NONE',  ( 0.000000000000000000, 0.000000000000000000, -1.000000000000000000 ) ) ;
#5747 = DIRECTION ( 'NONE',  ( 0.000000000000000000, 0.000000000000000000, 1.000000000000000000 ) ) ;
#5748 = CIRCLE ( 'NONE', #9716, 4.250000000000003553 ) ;
#5749 = AXIS2_PLACEMENT_3D ( 'NONE', #5442, #6238, #7881 ) ;
#5750 = LINE ( 'NONE', #566, #1418 ) ;
#5751 = DIRECTION ( 'NONE',  ( 0.000000000000000000, 0.000000000000000000, 1.000000000000000000 ) ) ;
#5752 = CARTESIAN_POINT ( 'NONE',  ( 53.78088215633500369, -197.8820313402289912, -43.61798626738902840 ) ) ;
#5753 = EDGE_LOOP ( 'NONE', ( #4284, #7295, #5524, #842, #6557 ) ) ;
#5754 = ORIENTED_EDGE ( 'NONE', *, *, #10799, .T. ) ;
#5755 = VERTEX_POINT ( 'NONE', #4544 ) ;
#5756 = FACE_OUTER_BOUND ( 'NONE', #2422, .T. ) ;
#5757 = CARTESIAN_POINT ( 'NONE',  ( 19.04434840436818988, -294.0483882369380240, -37.94409683034724878 ) ) ;
#5758 = DIRECTION ( 'NONE',  ( -1.000000000000000000, 0.000000000000000000, 0.000000000000000000 ) ) ;
#5759 = CARTESIAN_POINT ( 'NONE',  ( 54.80553837061512468, -233.2878497283051900, -24.99075067534127825 ) ) ;
#5760 = CARTESIAN_POINT ( 'NONE',  ( 23.90588215633500369, -311.3820313402289912, -24.51798626738900211 ) ) ;
#5761 = CARTESIAN_POINT ( 'NONE',  ( 25.40588215633500369, -227.2425313402290215, -26.81798626738900282 ) ) ;
#5762 = AXIS2_PLACEMENT_3D ( 'NONE', #10712, #409, #7449 ) ;
#5763 = EDGE_LOOP ( 'NONE', ( #7347, #10575, #4403, #10465 ) ) ;
#5764 = ORIENTED_EDGE ( 'NONE', *, *, #10758, .T. ) ;
#5765 = EDGE_LOOP ( 'NONE', ( #7957, #5724, #10669, #5697 ) ) ;
#5766 = DIRECTION ( 'NONE',  ( 2.478176394252580155E-16, -1.000000000000000000, 0.000000000000000000 ) ) ;
#5767 = LINE ( 'NONE', #1429, #551 ) ;
#5768 = AXIS2_PLACEMENT_3D ( 'NONE', #4060, #462, #1472 ) ;
#5769 = DIRECTION ( 'NONE',  ( 0.000000000000000000, 1.000000000000000000, 0.000000000000000000 ) ) ;
#5770 = CARTESIAN_POINT ( 'NONE',  ( 20.11588215633501520, -237.2108035506304873, -33.11798626738899998 ) ) ;
#5771 = DIRECTION ( 'NONE',  ( 0.000000000000000000, 0.000000000000000000, -1.000000000000000000 ) ) ;
#5772 = CARTESIAN_POINT ( 'NONE',  ( 20.60588215633500653, -285.6747738301858135, -43.11798626738900708 ) ) ;
#5773 = ADVANCED_FACE ( 'NONE', ( #3695 ), #7138, .F. ) ;
#5774 = CARTESIAN_POINT ( 'NONE',  ( 60.65559841238520278, -232.0264628198100922, -38.76857685021173694 ) ) ;
#5775 = DIRECTION ( 'NONE',  ( 0.000000000000000000, 1.000000000000000000, 0.000000000000000000 ) ) ;
#5776 = AXIS2_PLACEMENT_3D ( 'NONE', #10404, #2684, #2630 ) ;
#5777 = VERTEX_POINT ( 'NONE', #5435 ) ;
#5778 = ORIENTED_EDGE ( 'NONE', *, *, #1870, .F. ) ;
#5779 = VECTOR ( 'NONE', #10965, 1000.000000000000000 ) ;
#5780 = PLANE ( 'NONE',  #9870 ) ;
#5781 = CARTESIAN_POINT ( 'NONE',  ( 45.43088215633500937, -224.8520313402290185, -23.81798626738900282 ) ) ;
#5782 = CARTESIAN_POINT ( 'NONE',  ( 50.78088215633499658, -216.8820313402289912, -23.81798626738900282 ) ) ;
#5783 = LINE ( 'NONE', #9223, #10006 ) ;
#5784 = VECTOR ( 'NONE', #7862, 1000.000000000000000 ) ;
#5785 = CARTESIAN_POINT ( 'NONE',  ( 57.44588215633498862, -237.2108035506304873, -35.11798626738899998 ) ) ;
#5786 = DIRECTION ( 'NONE',  ( 0.000000000000000000, -1.000000000000000000, 0.000000000000000000 ) ) ;
#5787 = EDGE_CURVE ( 'NONE', #6998, #9575, #8886, .T. ) ;
#5788 = CARTESIAN_POINT ( 'NONE',  ( 61.06398781029086820, -294.0408819322707359, -39.16425335737816482 ) ) ;
#5789 = ORIENTED_EDGE ( 'NONE', *, *, #4141, .T. ) ;
#5790 = VECTOR ( 'NONE', #706, 1000.000000000000000 ) ;
#5791 = EDGE_LOOP ( 'NONE', ( #5967, #10268, #2150, #5865 ) ) ;
#5792 = VERTEX_POINT ( 'NONE', #2382 ) ;
#5793 = CIRCLE ( 'NONE', #2551, 3.000000000000002665 ) ;
#5794 = EDGE_CURVE ( 'NONE', #3211, #8220, #4757, .T. ) ;
#5795 = ORIENTED_EDGE ( 'NONE', *, *, #8214, .T. ) ;
#5796 = DIRECTION ( 'NONE',  ( 0.000000000000000000, 1.000000000000000000, 0.000000000000000000 ) ) ;
#5797 = ORIENTED_EDGE ( 'NONE', *, *, #2748, .T. ) ;
#5798 = LINE ( 'NONE', #5910, #8637 ) ;
#5799 = PLANE ( 'NONE',  #1665 ) ;
#5800 = CIRCLE ( 'NONE', #9044, 3.000000000000002665 ) ;
#5801 = EDGE_CURVE ( 'NONE', #5241, #6901, #5767, .T. ) ;
#5802 = CARTESIAN_POINT ( 'NONE',  ( 20.90588215633500369, -282.6898115188659517, -33.11798626738899998 ) ) ;
#5803 = VECTOR ( 'NONE', #3148, 1000.000000000000000 ) ;
#5804 = EDGE_CURVE ( 'NONE', #8233, #4083, #7350, .T. ) ;
#5805 = ADVANCED_FACE ( 'NONE', ( #3064 ), #4027, .F. ) ;
#5806 = LINE ( 'NONE', #9130, #171 ) ;
#5807 = DIRECTION ( 'NONE',  ( 0.000000000000000000, -1.000000000000000000, 0.000000000000000000 ) ) ;
#5808 = FACE_OUTER_BOUND ( 'NONE', #2256, .T. ) ;
#5809 = AXIS2_PLACEMENT_3D ( 'NONE', #2517, #1007, #156 ) ;
#5810 = ORIENTED_EDGE ( 'NONE', *, *, #6096, .F. ) ;
#5811 = ORIENTED_EDGE ( 'NONE', *, *, #11084, .F. ) ;
#5812 = ORIENTED_EDGE ( 'NONE', *, *, #5868, .F. ) ;
#5813 = CONICAL_SURFACE ( 'NONE', #1862, 4.250000000000003553, 0.7853981633974477239 ) ;
#5814 = AXIS2_PLACEMENT_3D ( 'NONE', #3984, #2401, #2341 ) ;
#5815 = PLANE ( 'NONE',  #5768 ) ;
#5816 = CARTESIAN_POINT ( 'NONE',  ( 18.41516446597420753, -293.8813964279290758, -37.89406417597007248 ) ) ;
#5817 = DIRECTION ( 'NONE',  ( 0.000000000000000000, 0.000000000000000000, 1.000000000000000000 ) ) ;
#5818 = DIRECTION ( 'NONE',  ( -0.000000000000000000, -0.000000000000000000, -1.000000000000000000 ) ) ;
#5819 = EDGE_CURVE ( 'NONE', #6379, #9328, #10801, .T. ) ;
#5820 = CARTESIAN_POINT ( 'NONE',  ( 29.65588215633500369, -223.3820313402289912, -26.81798626738900282 ) ) ;
#5821 = AXIS2_PLACEMENT_3D ( 'NONE', #7894, #6148, #9635 ) ;
#5822 = CARTESIAN_POINT ( 'NONE',  ( 57.38088215633500511, -289.9034704378889273, -43.11798626738900708 ) ) ;
#5823 = AXIS2_PLACEMENT_3D ( 'NONE', #7180, #4589, #2672 ) ;
#5824 = CARTESIAN_POINT ( 'NONE',  ( 16.28088215633493974, -205.8820313402289912, -44.11798626738900708 ) ) ;
#5825 = VERTEX_POINT ( 'NONE', #6505 ) ;
#5826 = EDGE_LOOP ( 'NONE', ( #5190, #1979, #3441, #6740 ) ) ;
#5827 = ORIENTED_EDGE ( 'NONE', *, *, #6568, .T. ) ;
#5828 = CARTESIAN_POINT ( 'NONE',  ( 20.11588215633501520, -237.2108035506304873, -43.11798626738900708 ) ) ;
#5829 = AXIS2_PLACEMENT_3D ( 'NONE', #8819, #7864, #9552 ) ;
#5830 = DIRECTION ( 'NONE',  ( -0.000000000000000000, -0.000000000000000000, -1.000000000000000000 ) ) ;
#5831 = LINE ( 'NONE', #1543, #7778 ) ;
#5832 = CARTESIAN_POINT ( 'NONE',  ( 59.62479797235034340, -240.8620306422976682, -35.60724353379248441 ) ) ;
#5833 = CARTESIAN_POINT ( 'NONE',  ( 18.17215244765499804, -283.1355768114927400, -38.17676097748495323 ) ) ;
#5834 = CARTESIAN_POINT ( 'NONE',  ( 22.28866297302993615, -232.6630925478614813, -24.90730824808286670 ) ) ;
#5835 = FACE_OUTER_BOUND ( 'NONE', #5088, .T. ) ;
#5836 = DIRECTION ( 'NONE',  ( 0.000000000000000000, 0.000000000000000000, 1.000000000000000000 ) ) ;
#5837 = CARTESIAN_POINT ( 'NONE',  ( 44.93088215633500226, -272.1760313402289739, -23.81798626738900282 ) ) ;
#5838 = ORIENTED_EDGE ( 'NONE', *, *, #7044, .F. ) ;
#5839 = ORIENTED_EDGE ( 'NONE', *, *, #10668, .T. ) ;
#5840 = FACE_BOUND ( 'NONE', #3395, .T. ) ;
#5841 = AXIS2_PLACEMENT_3D ( 'NONE', #3562, #188, #6410 ) ;
#5842 = CARTESIAN_POINT ( 'NONE',  ( 29.90588215633500369, -313.3820313402289912, -38.11798626738899998 ) ) ;
#5843 = DIRECTION ( 'NONE',  ( 0.000000000000000000, 0.000000000000000000, -1.000000000000000000 ) ) ;
#5844 = LINE ( 'NONE', #3356, #6191 ) ;
#5845 = CARTESIAN_POINT ( 'NONE',  ( 59.14588215633499146, -237.2108035506304873, -27.21798626738900140 ) ) ;
#5846 = DIRECTION ( 'NONE',  ( 0.000000000000000000, 0.000000000000000000, 1.000000000000000000 ) ) ;
#5847 = DIRECTION ( 'NONE',  ( 0.000000000000000000, -1.000000000000000000, 0.000000000000000000 ) ) ;
#5848 = EDGE_CURVE ( 'NONE', #8530, #10304, #1816, .T. ) ;
#5849 = CARTESIAN_POINT ( 'NONE',  ( 58.75138583297474781, -294.0120816114385320, -37.88903038158687053 ) ) ;
#5850 = ORIENTED_EDGE ( 'NONE', *, *, #6555, .T. ) ;
#5851 = EDGE_LOOP ( 'NONE', ( #8113, #3691, #9938, #10498 ) ) ;
#5852 = EDGE_LOOP ( 'NONE', ( #5337, #3556, #8690, #5061 ) ) ;
#5853 = VERTEX_POINT ( 'NONE', #529 ) ;
#5854 = CARTESIAN_POINT ( 'NONE',  ( 56.78088215633500369, -244.4302408555732882, -35.11798626738899998 ) ) ;
#5855 = ORIENTED_EDGE ( 'NONE', *, *, #3519, .F. ) ;
#5856 = EDGE_CURVE ( 'NONE', #4805, #1146, #8250, .T. ) ;
#5857 = CARTESIAN_POINT ( 'NONE',  ( 53.78088215633500369, -334.3820313402290481, 105.9245421747346825 ) ) ;
#5858 = LINE ( 'NONE', #563, #10833 ) ;
#5859 = DIRECTION ( 'NONE',  ( 0.000000000000000000, -1.000000000000000000, 0.000000000000000000 ) ) ;
#5860 = CARTESIAN_POINT ( 'NONE',  ( 32.40588215633500369, -283.4665313402289826, 223.6996348679430184 ) ) ;
#5861 = CARTESIAN_POINT ( 'NONE',  ( 22.72402865542459693, -242.0444173523736993, -25.69983976829940886 ) ) ;
#5862 = CARTESIAN_POINT ( 'NONE',  ( 55.04296710281290217, -232.4366987929583388, -24.51798626738900921 ) ) ;
#5863 = VERTEX_POINT ( 'NONE', #1542 ) ;
#5864 = EDGE_LOOP ( 'NONE', ( #8616, #7416, #6768, #4998 ) ) ;
#5865 = ORIENTED_EDGE ( 'NONE', *, *, #1388, .F. ) ;
#5866 = ADVANCED_FACE ( 'NONE', ( #5711 ), #9206, .F. ) ;
#5867 = ADVANCED_FACE ( 'NONE', ( #7463 ), #9149, .T. ) ;
#5868 = EDGE_CURVE ( 'NONE', #10016, #10902, #7936, .T. ) ;
#5869 = CARTESIAN_POINT ( 'NONE',  ( 17.47086626797054620, -240.6670023459803360, -38.20186759211947702 ) ) ;
#5870 = AXIS2_PLACEMENT_3D ( 'NONE', #10401, #4543, #1782 ) ;
#5871 = CARTESIAN_POINT ( 'NONE',  ( 16.47095516982330921, -287.7355103422355000, -39.06139065677765387 ) ) ;
#5872 = CARTESIAN_POINT ( 'NONE',  ( 29.65588215633500369, -249.2370313402290094, -23.81798626738900282 ) ) ;
#5873 = LINE ( 'NONE', #6046, #5104 ) ;
#5874 = EDGE_CURVE ( 'NONE', #3088, #11076, #199, .T. ) ;
#5875 = CARTESIAN_POINT ( 'NONE',  ( 25.40588215633500369, -240.9235313402290046, -26.81798626738900282 ) ) ;
#5876 = LINE ( 'NONE', #9306, #1126 ) ;
#5877 = CYLINDRICAL_SURFACE ( 'NONE', #6588, 3.000000000000002665 ) ;
#5878 = ORIENTED_EDGE ( 'NONE', *, *, #2641, .F. ) ;
#5879 = ORIENTED_EDGE ( 'NONE', *, *, #7642, .F. ) ;
#5880 = CIRCLE ( 'NONE', #9118, 1.500000000000001332 ) ;
#5881 = VERTEX_POINT ( 'NONE', #7573 ) ;
#5882 = CARTESIAN_POINT ( 'NONE',  ( 23.68243158367450008, -232.4364693848615389, -23.81798626738900282 ) ) ;
#5883 = EDGE_CURVE ( 'NONE', #9246, #8207, #9731, .T. ) ;
#5884 = CARTESIAN_POINT ( 'NONE',  ( 15.87445854514814236, -237.4913955135587571, -40.02852858423345594 ) ) ;
#5885 = CARTESIAN_POINT ( 'NONE',  ( 25.40588215633500369, -283.4665313402289826, -32.11798626738898577 ) ) ;
#5886 = CARTESIAN_POINT ( 'NONE',  ( 59.09179820605822187, -241.2337556613109655, -37.90158437873741093 ) ) ;
#5887 = CARTESIAN_POINT ( 'NONE',  ( 16.25508720125065310, -293.2295307778043139, -39.49269508273177109 ) ) ;
#5888 = VECTOR ( 'NONE', #9928, 1000.000000000000000 ) ;
#5889 = DIRECTION ( 'NONE',  ( -0.000000000000000000, -0.000000000000000000, 1.000000000000000000 ) ) ;
#5890 = FACE_OUTER_BOUND ( 'NONE', #11077, .T. ) ;
#5891 = APPLICATION_PROTOCOL_DEFINITION ( 'draft international standard', 'automotive_design', 1998, #3754 ) ;
#5892 = EDGE_LOOP ( 'NONE', ( #5173, #10522, #5376, #7760 ) ) ;
#5893 = ORIENTED_EDGE ( 'NONE', *, *, #10152, .T. ) ;
#5894 = DIRECTION ( 'NONE',  ( 0.000000000000000000, -1.000000000000000000, 0.000000000000000000 ) ) ;
#5895 = AXIS2_PLACEMENT_3D ( 'NONE', #8178, #10921, #4844 ) ;
#5896 = CARTESIAN_POINT ( 'NONE',  ( 57.44588215633498862, -237.2108035506304873, -33.11798626738899998 ) ) ;
#5897 = CARTESIAN_POINT ( 'NONE',  ( 29.65588215633500369, -266.0070313402289912, -23.81798626738900282 ) ) ;
#5898 = DIRECTION ( 'NONE',  ( -0.000000000000000000, -0.000000000000000000, 1.000000000000000000 ) ) ;
#5899 = LINE ( 'NONE', #9334, #2450 ) ;
#5900 = DIRECTION ( 'NONE',  ( 0.000000000000000000, 0.000000000000000000, 1.000000000000000000 ) ) ;
#5901 = DIRECTION ( 'NONE',  ( 1.000000000000000000, 2.906342996400940115E-16, 0.000000000000000000 ) ) ;
#5902 = CIRCLE ( 'NONE', #3192, 4.250000000000007105 ) ;
#5903 = CARTESIAN_POINT ( 'NONE',  ( 25.40588215633500369, -269.7855313402289994, -26.81798626738900282 ) ) ;
#5904 = ORIENTED_EDGE ( 'NONE', *, *, #442, .T. ) ;
#5905 = ORIENTED_EDGE ( 'NONE', *, *, #10502, .T. ) ;
#5906 = ORIENTED_EDGE ( 'NONE', *, *, #7815, .F. ) ;
#5907 = EDGE_LOOP ( 'NONE', ( #10764, #5795, #10697, #9259, #418, #9121, #5433 ) ) ;
#5908 = DIRECTION ( 'NONE',  ( 0.000000000000000000, 0.000000000000000000, 1.000000000000000000 ) ) ;
#5909 = EDGE_LOOP ( 'NONE', ( #2048, #1930, #6309, #8929 ) ) ;
#5910 = CARTESIAN_POINT ( 'NONE',  ( 26.65588215633500369, -315.6320313402289912, -33.11798626738899998 ) ) ;
#5911 = CIRCLE ( 'NONE', #10435, 3.249999999999999556 ) ;
#5912 = VECTOR ( 'NONE', #9142, 1000.000000000000000 ) ;
#5913 = DIRECTION ( 'NONE',  ( -1.000000000000000000, 0.000000000000000000, 0.000000000000000000 ) ) ;
#5914 = LINE ( 'NONE', #7666, #316 ) ;
#5915 = CARTESIAN_POINT ( 'NONE',  ( 59.57298559831787799, -286.2601951225212815, -35.58919249990641731 ) ) ;
#5916 = CARTESIAN_POINT ( 'NONE',  ( 20.18088215633500226, -289.9034704378889273, -23.81798626738900282 ) ) ;
#5917 = EDGE_CURVE ( 'NONE', #9704, #8919, #3170, .T. ) ;
#5918 = VECTOR ( 'NONE', #9000, 1000.000000000000000 ) ;
#5919 = DIRECTION ( 'NONE',  ( 0.000000000000000000, -1.000000000000000000, 0.000000000000000000 ) ) ;
#5920 = VECTOR ( 'NONE', #5069, 1000.000000000000000 ) ;
#5921 = ORIENTED_EDGE ( 'NONE', *, *, #166, .T. ) ;
#5922 = ORIENTED_EDGE ( 'NONE', *, *, #1888, .T. ) ;
#5923 = EDGE_LOOP ( 'NONE', ( #3504, #10886, #8137, #4852 ) ) ;
#5924 = CARTESIAN_POINT ( 'NONE',  ( 15.91946065340657945, -235.5060832618493976, -40.20615335656781042 ) ) ;
#5925 = VECTOR ( 'NONE', #1428, 1000.000000000000114 ) ;
#5926 = CARTESIAN_POINT ( 'NONE',  ( 47.78088215633500369, -313.3820313402289912, -38.11798626738899998 ) ) ;
#5927 = CIRCLE ( 'NONE', #2870, 1.000000000000000888 ) ;
#5928 = CARTESIAN_POINT ( 'NONE',  ( 17.11917180878087663, -286.9461871397370487, -36.47881096179177263 ) ) ;
#5929 = PLANE ( 'NONE',  #7875 ) ;
#5930 = DIRECTION ( 'NONE',  ( 1.000000000000000000, 0.000000000000000000, 0.000000000000000000 ) ) ;
#5931 = CARTESIAN_POINT ( 'NONE',  ( 28.90588215633500013, -283.4665313402289826, 223.6996348679430184 ) ) ;
#5932 = CARTESIAN_POINT ( 'NONE',  ( 57.05605457012809723, -232.9787196132502061, -33.11798626738899998 ) ) ;
#5933 = EDGE_CURVE ( 'NONE', #2833, #4496, #9901, .T. ) ;
#5934 = ADVANCED_FACE ( 'NONE', ( #2324 ), #4921, .T. ) ;
#5935 = DIRECTION ( 'NONE',  ( 0.000000000000000000, 0.000000000000000000, 1.000000000000000000 ) ) ;
#5936 = ORIENTED_EDGE ( 'NONE', *, *, #3036, .F. ) ;
#5938 = VERTEX_POINT ( 'NONE', #7405 ) ;
#5937 = CIRCLE ( 'NONE', #1083, 3.000000000000002665 ) ;
#5940 = EDGE_CURVE ( 'NONE', #9123, #2981, #10837, .T. ) ;
#5939 = EDGE_LOOP ( 'NONE', ( #7146, #8022, #6141, #57 ) ) ;
#5941 = DIRECTION ( 'NONE',  ( -0.000000000000000000, -0.000000000000000000, 1.000000000000000000 ) ) ;
#5942 = LINE ( 'NONE', #4187, #6662 ) ;
#5943 = PLANE ( 'NONE',  #7051 ) ;
#5944 = CARTESIAN_POINT ( 'NONE',  ( 17.00388992531119214, -292.7359495511790897, -36.64918722937082407 ) ) ;
#5945 = AXIS2_PLACEMENT_3D ( 'NONE', #9273, #1502, #5675 ) ;
#5946 = LINE ( 'NONE', #9379, #9775 ) ;
#5947 = DIRECTION ( 'NONE',  ( -0.000000000000000000, -0.000000000000000000, -1.000000000000000000 ) ) ;
#5948 = EDGE_CURVE ( 'NONE', #1524, #1219, #990, .T. ) ;
#5949 = DIRECTION ( 'NONE',  ( 1.000000000000000000, 0.000000000000000000, 0.000000000000000000 ) ) ;
#5950 = EDGE_CURVE ( 'NONE', #6584, #4729, #733, .T. ) ;
#5951 = EDGE_CURVE ( 'NONE', #6365, #4840, #9368, .T. ) ;
#5952 = VERTEX_POINT ( 'NONE', #4416 ) ;
#5953 = VECTOR ( 'NONE', #7232, 1000.000000000000000 ) ;
#5954 = ORIENTED_EDGE ( 'NONE', *, *, #2286, .T. ) ;
#5955 = DIRECTION ( 'NONE',  ( 0.000000000000000000, 0.000000000000000000, -1.000000000000000000 ) ) ;
#5956 = CARTESIAN_POINT ( 'NONE',  ( 61.69588215633498862, -237.2108035506304873, -33.11798626738899998 ) ) ;
#5957 = LINE ( 'NONE', #6016, #7558 ) ;
#5958 = CARTESIAN_POINT ( 'NONE',  ( 18.78088215633500013, -205.8820313402289912, -38.11798626738899998 ) ) ;
#5959 = DIRECTION ( 'NONE',  ( 1.000000000000000000, 0.000000000000000000, 0.000000000000000000 ) ) ;
#5960 = CARTESIAN_POINT ( 'NONE',  ( 20.57898560461087456, -241.4354970538558973, -35.11798626738899998 ) ) ;
#5961 = DIRECTION ( 'NONE',  ( -0.9829004132435487096, 0.1841379310344862519, -2.273413895201188015E-15 ) ) ;
#5962 = CARTESIAN_POINT ( 'NONE',  ( 53.78088215633500369, -266.1320313402289912, -24.51798626738900211 ) ) ;
#5963 = CONICAL_SURFACE ( 'NONE', #8476, 3.550000000000053113, 0.7853981633974477239 ) ;
#5964 = EDGE_CURVE ( 'NONE', #9512, #499, #5942, .T. ) ;
#5965 = CARTESIAN_POINT ( 'NONE',  ( 28.40588215633500369, -283.4665313402289826, -32.11798626738899998 ) ) ;
#5966 = ORIENTED_EDGE ( 'NONE', *, *, #4136, .F. ) ;
#5967 = ORIENTED_EDGE ( 'NONE', *, *, #2139, .T. ) ;
#5968 = ORIENTED_EDGE ( 'NONE', *, *, #4068, .F. ) ;
#5969 = VERTEX_POINT ( 'NONE', #10388 ) ;
#5970 = FACE_OUTER_BOUND ( 'NONE', #5852, .T. ) ;
#5971 = EDGE_LOOP ( 'NONE', ( #7361, #8363, #4070, #1975 ) ) ;
#5972 = AXIS2_PLACEMENT_3D ( 'NONE', #4651, #10567, #6449 ) ;
#5973 = FACE_OUTER_BOUND ( 'NONE', #6416, .T. ) ;
#5974 = CARTESIAN_POINT ( 'NONE',  ( 57.05605457012809723, -232.9787196132502061, -24.51798626738900921 ) ) ;
#5975 = CARTESIAN_POINT ( 'NONE',  ( 44.93088215633500226, -231.1330313402289960, -26.81798626738900282 ) ) ;
#5976 = CARTESIAN_POINT ( 'NONE',  ( 25.40588215633500369, -234.8330313402290130, -26.81798626738900282 ) ) ;
#5977 = VECTOR ( 'NONE', #6616, 1000.000000000000000 ) ;
#5978 = DIRECTION ( 'NONE',  ( -0.000000000000000000, -0.000000000000000000, 1.000000000000000000 ) ) ;
#5979 = AXIS2_PLACEMENT_3D ( 'NONE', #8887, #317, #2062 ) ;
#5980 = LINE ( 'NONE', #6881, #9352 ) ;
#5981 = EDGE_LOOP ( 'NONE', ( #10885, #6471 ) ) ;
#5982 = VERTEX_POINT ( 'NONE', #1831 ) ;
#5983 = VERTEX_POINT ( 'NONE', #2668 ) ;
#5984 = AXIS2_PLACEMENT_3D ( 'NONE', #1535, #6836, #3512 ) ;
#5985 = CARTESIAN_POINT ( 'NONE',  ( 15.86829314653608236, -237.3850420305511193, -40.35419645176835246 ) ) ;
#5986 = VECTOR ( 'NONE', #9696, 1000.000000000000000 ) ;
#5987 = CARTESIAN_POINT ( 'NONE',  ( 20.60588215633500297, -285.6747738301858135, -24.51798626738895592 ) ) ;
#5988 = CARTESIAN_POINT ( 'NONE',  ( 15.93115666471824809, -289.8197621534668542, -39.78270269158188910 ) ) ;
#5989 = FACE_OUTER_BOUND ( 'NONE', #9485, .T. ) ;
#5990 = CARTESIAN_POINT ( 'NONE',  ( 26.90588215633500369, -216.8820313402289912, -38.11798626738899998 ) ) ;
#5991 = DIRECTION ( 'NONE',  ( 0.000000000000000000, 0.000000000000000000, 1.000000000000000000 ) ) ;
#5992 = CARTESIAN_POINT ( 'NONE',  ( 23.78088215633500369, -205.8820313402289912, -44.11798626738899998 ) ) ;
#5993 = EDGE_CURVE ( 'NONE', #6809, #570, #3857, .T. ) ;
#5994 = AXIS2_PLACEMENT_3D ( 'NONE', #3266, #3205, #2531 ) ;
#5995 = CARTESIAN_POINT ( 'NONE',  ( 57.05605457012809723, -232.9787196132502061, -45.13880154756031970 ) ) ;
#5996 = VERTEX_POINT ( 'NONE', #1994 ) ;
#5997 = CONICAL_SURFACE ( 'NONE', #9229, 7.500000000000062172, 0.7853981633974171928 ) ;
#5998 = EDGE_LOOP ( 'NONE', ( #7603, #10157, #6457, #7065 ) ) ;
#5999 = ORIENTED_EDGE ( 'NONE', *, *, #3087, .F. ) ;
#6000 = CARTESIAN_POINT ( 'NONE',  ( 32.63088215633499800, -285.8570313402290139, -24.31798626738900282 ) ) ;
#6001 = CARTESIAN_POINT ( 'NONE',  ( 29.65588215633500369, -278.2770313402290299, -23.81798626738900282 ) ) ;
#6002 = EDGE_CURVE ( 'NONE', #588, #2234, #4516, .T. ) ;
#6003 = CARTESIAN_POINT ( 'NONE',  ( 28.90588215633500013, -228.7425313402290215, 223.6996348679430184 ) ) ;
#6004 = CARTESIAN_POINT ( 'NONE',  ( 16.52027729296794334, -287.7346593777598969, -37.56596288435834197 ) ) ;
#6005 = VECTOR ( 'NONE', #8093, 1000.000000000000000 ) ;
#6006 = CARTESIAN_POINT ( 'NONE',  ( 18.78088215633500013, -282.7899270170613022, -38.11798626738899998 ) ) ;
#6007 = DIRECTION ( 'NONE',  ( -1.000000000000000000, 0.000000000000000000, 0.000000000000000000 ) ) ;
#6008 = CARTESIAN_POINT ( 'NONE',  ( 20.90588215633500369, -282.6898115188659517, -35.11798626738899998 ) ) ;
#6009 = DIRECTION ( 'NONE',  ( 0.000000000000000000, 0.000000000000000000, 1.000000000000000000 ) ) ;
#6010 = ORIENTED_EDGE ( 'NONE', *, *, #1127, .T. ) ;
#6011 = AXIS2_PLACEMENT_3D ( 'NONE', #1647, #10990, #6721 ) ;
#6012 = ORIENTED_EDGE ( 'NONE', *, *, #4141, .F. ) ;
#6013 = CYLINDRICAL_SURFACE ( 'NONE', #4293, 4.249999999999996447 ) ;
#6014 = EDGE_CURVE ( 'NONE', #5076, #7335, #7033, .T. ) ;
#6015 = DIRECTION ( 'NONE',  ( 1.000000000000000000, 2.906342996400940115E-16, 0.000000000000000000 ) ) ;
#6016 = CARTESIAN_POINT ( 'NONE',  ( 23.90588215633500369, -218.8820313402289912, -35.11798626738899998 ) ) ;
#6017 = EDGE_CURVE ( 'NONE', #8054, #10356, #1889, .T. ) ;
#6018 = EDGE_CURVE ( 'NONE', #11053, #5076, #137, .T. ) ;
#6019 = DIRECTION ( 'NONE',  ( 0.000000000000000000, 0.000000000000000000, 1.000000000000000000 ) ) ;
#6020 = CARTESIAN_POINT ( 'NONE',  ( 58.20157181150747050, -285.7334622256796592, -35.11798626738899998 ) ) ;
#6021 = CARTESIAN_POINT ( 'NONE',  ( 58.79936107646076238, -233.0995114033011362, -37.90169447599667762 ) ) ;
#6022 = CARTESIAN_POINT ( 'NONE',  ( 33.86421548966835360, -292.0236980068955859, -25.55131960072230157 ) ) ;
#6023 = DIRECTION ( 'NONE',  ( -0.9811784028727768003, -0.1931034482758578474, 2.269430946113112031E-15 ) ) ;
#6024 = CARTESIAN_POINT ( 'NONE',  ( 55.61001185207917530, -232.7534420467136727, -25.08861810882288879 ) ) ;
#6025 = ORIENTED_EDGE ( 'NONE', *, *, #3442, .F. ) ;
#6026 = ORIENTED_EDGE ( 'NONE', *, *, #9771, .T. ) ;
#6027 = EDGE_LOOP ( 'NONE', ( #4513, #6902, #6179, #8824, #9665, #10430, #1965, #2764, #4969, #5232, #339, #3715, #6124, #3076, #470, #3829, #914, #120, #461, #2136, #1170, #7805, #2914, #7362, #6642, #2084, #3018, #6580, #4822, #6543, #5508, #4727 ) ) ;
#6028 = ORIENTED_EDGE ( 'NONE', *, *, #5314, .T. ) ;
#6029 = DIRECTION ( 'NONE',  ( 0.000000000000000000, 0.000000000000000000, -1.000000000000000000 ) ) ;
#6030 = ORIENTED_EDGE ( 'NONE', *, *, #8151, .T. ) ;
#6031 = DIRECTION ( 'NONE',  ( -0.000000000000000000, -1.000000000000000000, -0.000000000000000000 ) ) ;
#6032 = EDGE_CURVE ( 'NONE', #1250, #8308, #2527, .T. ) ;
#6033 = DIRECTION ( 'NONE',  ( 0.000000000000000000, 1.000000000000000000, 0.000000000000000000 ) ) ;
#6034 = CARTESIAN_POINT ( 'NONE',  ( 61.53018159289357669, -236.0186520792002227, -39.03051130029503923 ) ) ;
#6035 = CARTESIAN_POINT ( 'NONE',  ( 20.90588215633500369, -266.1320313402289912, -38.11798626738899998 ) ) ;
#6036 = CARTESIAN_POINT ( 'NONE',  ( 23.90588215633500369, -218.8820313402289912, -33.11798626738899998 ) ) ;
#6037 = FACE_OUTER_BOUND ( 'NONE', #2507, .T. ) ;
#6038 = EDGE_LOOP ( 'NONE', ( #1753, #9986 ) ) ;
#6039 = ORIENTED_EDGE ( 'NONE', *, *, #9540, .F. ) ;
#6040 = VERTEX_POINT ( 'NONE', #6269 ) ;
#6041 = ORIENTED_EDGE ( 'NONE', *, *, #629, .T. ) ;
#6042 = CARTESIAN_POINT ( 'NONE',  ( 15.96849968467536485, -239.2505109624967758, -40.07103347584193642 ) ) ;
#6043 = LINE ( 'NONE', #9475, #9925 ) ;
#6044 = CARTESIAN_POINT ( 'NONE',  ( 16.13266658592467095, -288.5552056622926784, -39.61344321340632746 ) ) ;
#6045 = DIRECTION ( 'NONE',  ( 1.000000000000000000, 0.000000000000000000, 0.000000000000000000 ) ) ;
#6046 = CARTESIAN_POINT ( 'NONE',  ( 38.84338215633500369, -213.8820313402290196, -33.11798626738899998 ) ) ;
#6047 = CARTESIAN_POINT ( 'NONE',  ( 32.40588215633500369, -228.7425313402290215, -26.81798626738900282 ) ) ;
#6048 = DIRECTION ( 'NONE',  ( 0.000000000000000000, 0.000000000000000000, 1.000000000000000000 ) ) ;
#6049 = DIRECTION ( 'NONE',  ( 0.7071067811865470176, 0.000000000000000000, -0.7071067811865480168 ) ) ;
#6050 = LINE ( 'NONE', #9483, #6243 ) ;
#6051 = VERTEX_POINT ( 'NONE', #8922 ) ;
#6052 = ORIENTED_EDGE ( 'NONE', *, *, #5183, .T. ) ;
#6053 = VERTEX_POINT ( 'NONE', #1934 ) ;
#6054 = DIRECTION ( 'NONE',  ( 0.000000000000000000, 0.000000000000000000, 1.000000000000000000 ) ) ;
#6055 = AXIS2_PLACEMENT_3D ( 'NONE', #10286, #775, #6015 ) ;
#6056 = CARTESIAN_POINT ( 'NONE',  ( 16.41890283985458510, -239.3171921459701821, -37.74512172998288406 ) ) ;
#6057 = EDGE_CURVE ( 'NONE', #1248, #9573, #7860, .T. ) ;
#6058 = LINE ( 'NONE', #2498, #9203 ) ;
#6059 = CARTESIAN_POINT ( 'NONE',  ( 17.51795689831050140, -293.2259898699321070, -35.99045560866943561 ) ) ;
#6060 = CARTESIAN_POINT ( 'NONE',  ( 16.11097163540793531, -287.2089928574734472, -39.74221069979610377 ) ) ;
#6061 = LINE ( 'NONE', #9440, #7343 ) ;
#6062 = DIRECTION ( 'NONE',  ( 0.000000000000000000, 0.000000000000000000, -1.000000000000000000 ) ) ;
#6063 = AXIS2_PLACEMENT_3D ( 'NONE', #6629, #9393, #2515 ) ;
#6064 = SHAPE_DEFINITION_REPRESENTATION ( #2692, #581 ) ;
#6065 = B_SPLINE_CURVE_WITH_KNOTS ( 'NONE', 3,
 ( #6024, #7598, #8671, #896 ),
 .UNSPECIFIED., .F., .F.,
 ( 4, 4 ),
 ( 0.000000000000000000, 0.0008632219932883391199 ),
 .UNSPECIFIED. ) ;
#6066 = EDGE_CURVE ( 'NONE', #10179, #1524, #10551, .T. ) ;
#6067 = VERTEX_POINT ( 'NONE', #9654 ) ;
#6068 = ORIENTED_EDGE ( 'NONE', *, *, #4579, .T. ) ;
#6069 = CYLINDRICAL_SURFACE ( 'NONE', #2686, 1.000000000000000888 ) ;
#6070 = DIRECTION ( 'NONE',  ( 0.09172413793103174895, 0.9957844558541819602, 0.000000000000000000 ) ) ;
#6071 = CARTESIAN_POINT ( 'NONE',  ( 22.71258879559084320, -294.7221740087542230, -25.71127962813316259 ) ) ;
#6072 = AXIS2_PLACEMENT_3D ( 'NONE', #2541, #8695, #6045 ) ;
#6073 = CARTESIAN_POINT ( 'NONE',  ( 33.59788215633500386, -242.4660313402290228, -35.65098626738900123 ) ) ;
#6074 = CARTESIAN_POINT ( 'NONE',  ( 53.78088215633500369, -266.1320313402289912, -24.51798626738900211 ) ) ;
#6075 = CARTESIAN_POINT ( 'NONE',  ( 59.01825136233880897, -230.1737137119725389, -38.11798626738899998 ) ) ;
#6076 = PLANE ( 'NONE',  #6900 ) ;
#6077 = LINE ( 'NONE', #5962, #9067 ) ;
#6078 = DIRECTION ( 'NONE',  ( 0.000000000000000000, 0.000000000000000000, -1.000000000000000000 ) ) ;
#6079 = EDGE_CURVE ( 'NONE', #1513, #7288, #7393, .T. ) ;
#6080 = EDGE_CURVE ( 'NONE', #7444, #5938, #2945, .T. ) ;
#6081 = CIRCLE ( 'NONE', #10743, 3.700000000000009059 ) ;
#6082 = ORIENTED_EDGE ( 'NONE', *, *, #11095, .F. ) ;
#6083 = VERTEX_POINT ( 'NONE', #8073 ) ;
#6084 = VERTEX_POINT ( 'NONE', #4470 ) ;
#6085 = LINE ( 'NONE', #10303, #7551 ) ;
#6086 = ORIENTED_EDGE ( 'NONE', *, *, #6418, .T. ) ;
#6087 = FACE_OUTER_BOUND ( 'NONE', #1552, .T. ) ;
#6088 = EDGE_CURVE ( 'NONE', #3326, #9119, #1150, .T. ) ;
#6089 = DIRECTION ( 'NONE',  ( -0.9949874371066191880, 0.1000000000000074302, 0.000000000000000000 ) ) ;
#6090 = CIRCLE ( 'NONE', #6611, 1.299999999999995604 ) ;
#6091 = CARTESIAN_POINT ( 'NONE',  ( 59.42868557073950342, -233.4490135729051872, -35.47357558055729498 ) ) ;
#6092 = FACE_OUTER_BOUND ( 'NONE', #7788, .T. ) ;
#6093 = DIRECTION ( 'NONE',  ( -1.000000000000000000, 0.000000000000000000, 0.000000000000000000 ) ) ;
#6094 = LINE ( 'NONE', #9527, #3053 ) ;
#6095 = ORIENTED_EDGE ( 'NONE', *, *, #3608, .T. ) ;
#6096 = EDGE_CURVE ( 'NONE', #5853, #3296, #3968, .T. ) ;
#6097 = ORIENTED_EDGE ( 'NONE', *, *, #4495, .F. ) ;
#6098 = EDGE_LOOP ( 'NONE', ( #3681, #8306, #1471, #5628 ) ) ;
#6099 = VERTEX_POINT ( 'NONE', #9762 ) ;
#6100 = VECTOR ( 'NONE', #8360, 1000.000000000000000 ) ;
#6101 = CARTESIAN_POINT ( 'NONE',  ( 15.89840607163735697, -236.6712022084635976, -39.82295022920580152 ) ) ;
#6102 = DIRECTION ( 'NONE',  ( 0.000000000000000000, 0.000000000000000000, 1.000000000000000000 ) ) ;
#6103 = PLANE ( 'NONE',  #3904 ) ;
#6104 = VECTOR ( 'NONE', #9681, 1000.000000000000000 ) ;
#6105 = CARTESIAN_POINT ( 'NONE',  ( 56.78088215633499658, -297.1286001945092039, -35.11798626738899998 ) ) ;
#6106 = AXIS2_PLACEMENT_3D ( 'NONE', #8442, #10354, #2580 ) ;
#6107 = CARTESIAN_POINT ( 'NONE',  ( 53.78088215633500369, -266.1320313402289912, -33.11798626738899998 ) ) ;
#6108 = CARTESIAN_POINT ( 'NONE',  ( 27.90588215633500369, -305.2570313402290481, -26.81798626738900282 ) ) ;
#6109 = FACE_OUTER_BOUND ( 'NONE', #10915, .T. ) ;
#6110 = ORIENTED_EDGE ( 'NONE', *, *, #6428, .F. ) ;
#6111 = ORIENTED_EDGE ( 'NONE', *, *, #7385, .T. ) ;
#6112 = ORIENTED_EDGE ( 'NONE', *, *, #6986, .F. ) ;
#6113 = CIRCLE ( 'NONE', #1241, 3.000000000000002665 ) ;
#6114 = AXIS2_PLACEMENT_3D ( 'NONE', #2389, #5359, #8809 ) ;
#6115 = CARTESIAN_POINT ( 'NONE',  ( 17.88816898882300066, -233.5818720964840338, -35.63195106983706495 ) ) ;
#6116 = CARTESIAN_POINT ( 'NONE',  ( 20.18088215633500226, -289.9034704378889273, -33.11798626738899998 ) ) ;
#6117 = CARTESIAN_POINT ( 'NONE',  ( 32.63088215633499800, -231.1330313402289960, -24.31798626738900282 ) ) ;
#6118 = FACE_OUTER_BOUND ( 'NONE', #9359, .T. ) ;
#6119 = CARTESIAN_POINT ( 'NONE',  ( 61.28088215633506053, -205.8820313402289912, -44.11798626738900708 ) ) ;
#6120 = CYLINDRICAL_SURFACE ( 'NONE', #10648, 3.000000000000002665 ) ;
#6121 = AXIS2_PLACEMENT_3D ( 'NONE', #8340, #3091, #3261 ) ;
#6122 = VECTOR ( 'NONE', #1358, 1000.000000000000000 ) ;
#6123 = ORIENTED_EDGE ( 'NONE', *, *, #7861, .F. ) ;
#6124 = ORIENTED_EDGE ( 'NONE', *, *, #548, .F. ) ;
#6125 = LINE ( 'NONE', #9559, #5206 ) ;
#6126 = PLANE ( 'NONE',  #4973 ) ;
#6127 = CARTESIAN_POINT ( 'NONE',  ( 32.40588215633500369, -227.9925313402290215, -26.81798626738900282 ) ) ;
#6128 = AXIS2_PLACEMENT_3D ( 'NONE', #4825, #6520, #10797 ) ;
#6129 = DIRECTION ( 'NONE',  ( 1.000000000000000000, 0.000000000000000000, 0.000000000000000000 ) ) ;
#6130 = DIRECTION ( 'NONE',  ( 0.000000000000000000, -1.000000000000000000, 0.000000000000000000 ) ) ;
#6131 = FACE_OUTER_BOUND ( 'NONE', #6475, .T. ) ;
#6132 = EDGE_CURVE ( 'NONE', #7728, #4572, #4586, .T. ) ;
#6133 = CARTESIAN_POINT ( 'NONE',  ( 15.78088215633500013, -205.8820313402289912, -43.61798626738902840 ) ) ;
#6134 = DIRECTION ( 'NONE',  ( 0.000000000000000000, 0.000000000000000000, 1.000000000000000000 ) ) ;
#6135 = CARTESIAN_POINT ( 'NONE',  ( 45.43088215633500937, -239.0330313402290017, -23.81798626738900282 ) ) ;
#6136 = VECTOR ( 'NONE', #8367, 1000.000000000000000 ) ;
#6137 = ORIENTED_EDGE ( 'NONE', *, *, #9021, .F. ) ;
#6138 = ORIENTED_EDGE ( 'NONE', *, *, #204, .F. ) ;
#6139 = VERTEX_POINT ( 'NONE', #305 ) ;
#6140 = CARTESIAN_POINT ( 'NONE',  ( 38.84338215633500369, -318.3820313402290481, -33.11798626738899998 ) ) ;
#6141 = ORIENTED_EDGE ( 'NONE', *, *, #7937, .F. ) ;
#6142 = CARTESIAN_POINT ( 'NONE',  ( 61.69588215633499573, -237.2108035506304873, -24.51798626738900921 ) ) ;
#6144 = ADVANCED_FACE ( 'NONE', ( #10659 ), #6383, .T. ) ;
#6143 = VECTOR ( 'NONE', #4433, 1000.000000000000000 ) ;
#6145 = CYLINDRICAL_SURFACE ( 'NONE', #5271, 1.000000000000000888 ) ;
#6146 = CARTESIAN_POINT ( 'NONE',  ( 53.52088215633504120, -289.4529810932875193, -24.25798626738903252 ) ) ;
#6147 = FACE_OUTER_BOUND ( 'NONE', #4218, .T. ) ;
#6148 = DIRECTION ( 'NONE',  ( -0.000000000000000000, -0.000000000000000000, -1.000000000000000000 ) ) ;
#6149 = ORIENTED_EDGE ( 'NONE', *, *, #7169, .T. ) ;
#6150 = EDGE_CURVE ( 'NONE', #4906, #6858, #1268, .T. ) ;
#6151 = ORIENTED_EDGE ( 'NONE', *, *, #4213, .F. ) ;
#6152 = ORIENTED_EDGE ( 'NONE', *, *, #10975, .F. ) ;
#6153 = AXIS2_PLACEMENT_3D ( 'NONE', #3123, #8420, #7464 ) ;
#6154 = ORIENTED_EDGE ( 'NONE', *, *, #7001, .F. ) ;
#6155 = EDGE_CURVE ( 'NONE', #7955, #404, #7566, .T. ) ;
#6156 = CARTESIAN_POINT ( 'NONE',  ( 16.03624583191407282, -235.9994531298933680, -39.00510882478942420 ) ) ;
#6157 = EDGE_CURVE ( 'NONE', #5505, #5755, #8815, .T. ) ;
#6158 = CARTESIAN_POINT ( 'NONE',  ( 28.90588215633500013, -295.6475313402290226, -33.11798626738899998 ) ) ;
#6159 = EDGE_CURVE ( 'NONE', #915, #277, #10929, .T. ) ;
#6160 = DIRECTION ( 'NONE',  ( -0.000000000000000000, -0.000000000000000000, 1.000000000000000000 ) ) ;
#6161 = VECTOR ( 'NONE', #2774, 1000.000000000000000 ) ;
#6162 = CARTESIAN_POINT ( 'NONE',  ( 56.78088215633500369, -244.4302408555732882, -33.11798626738899998 ) ) ;
#6163 = LINE ( 'NONE', #7799, #4828 ) ;
#6164 = CARTESIAN_POINT ( 'NONE',  ( 57.08295112185224696, -285.6750694363605021, -45.13880154756031970 ) ) ;
#6165 = CYLINDRICAL_SURFACE ( 'NONE', #8448, 3.000000000000002665 ) ;
#6166 = EDGE_LOOP ( 'NONE', ( #1149, #3638, #9310, #5207 ) ) ;
#6167 = EDGE_LOOP ( 'NONE', ( #10145, #4780, #2421, #5764 ) ) ;
#6168 = ORIENTED_EDGE ( 'NONE', *, *, #5333, .T. ) ;
#6169 = AXIS2_PLACEMENT_3D ( 'NONE', #9267, #8425, #6567 ) ;
#6170 = DIRECTION ( 'NONE',  ( 0.000000000000000000, 0.000000000000000000, 1.000000000000000000 ) ) ;
#6171 = ADVANCED_FACE ( 'NONE', ( #4746 ), #5815, .F. ) ;
#6172 = DIRECTION ( 'NONE',  ( 0.7071067811865480168, 0.000000000000000000, 0.7071067811865470176 ) ) ;
#6173 = CARTESIAN_POINT ( 'NONE',  ( 26.90588215633500369, -318.3820313402290481, -23.81798626738900282 ) ) ;
#6174 = DIRECTION ( 'NONE',  ( 0.000000000000000000, -1.000000000000000000, 0.000000000000000000 ) ) ;
#6175 = DIRECTION ( 'NONE',  ( 0.000000000000000000, -1.000000000000000000, 0.000000000000000000 ) ) ;
#6176 = AXIS2_PLACEMENT_3D ( 'NONE', #868, #3393, #4297 ) ;
#6177 = CARTESIAN_POINT ( 'NONE',  ( 48.78088215633500369, -238.8820313402290196, -38.11798626738899998 ) ) ;
#6178 = AXIS2_PLACEMENT_3D ( 'NONE', #10293, #5900, #8439 ) ;
#6179 = ORIENTED_EDGE ( 'NONE', *, *, #6066, .F. ) ;
#6180 = CARTESIAN_POINT ( 'NONE',  ( 23.61611525852754312, -292.8989185185071733, -24.80775316519645557 ) ) ;
#6181 = VECTOR ( 'NONE', #8019, 1000.000000000000114 ) ;
#6182 = DIRECTION ( 'NONE',  ( 1.000000000000000000, 0.000000000000000000, 0.000000000000000000 ) ) ;
#6183 = CIRCLE ( 'NONE', #9604, 3.000000000000002665 ) ;
#6184 = CARTESIAN_POINT ( 'NONE',  ( 57.03088215633500369, -326.3820313402290481, -44.11798626738900708 ) ) ;
#6185 = CARTESIAN_POINT ( 'NONE',  ( 50.53088215633499658, -326.3820313402290481, -44.11798626738900708 ) ) ;
#6186 = CARTESIAN_POINT ( 'NONE',  ( 20.18088215633500226, -289.9034704378889273, -23.81798626738900282 ) ) ;
#6187 = CARTESIAN_POINT ( 'NONE',  ( 58.62657097198463418, -233.0647545030844014, -37.92659682703836665 ) ) ;
#6188 = DIRECTION ( 'NONE',  ( -0.7071067811865475727, -1.752335333352430122E-16, 0.7071067811865475727 ) ) ;
#6189 = FACE_OUTER_BOUND ( 'NONE', #10585, .T. ) ;
#6190 = DIRECTION ( 'NONE',  ( 0.000000000000000000, -1.000000000000000000, 0.000000000000000000 ) ) ;
#6191 = VECTOR ( 'NONE', #8666, 1000.000000000000000 ) ;
#6192 = AXIS2_PLACEMENT_3D ( 'NONE', #5990, #5818, #1761 ) ;
#6193 = VERTEX_POINT ( 'NONE', #9869 ) ;
#6194 = ORIENTED_EDGE ( 'NONE', *, *, #10757, .T. ) ;
#6195 = ORIENTED_EDGE ( 'NONE', *, *, #1326, .F. ) ;
#6196 = DIRECTION ( 'NONE',  ( -0.000000000000000000, -0.000000000000000000, -1.000000000000000000 ) ) ;
#6197 = VERTEX_POINT ( 'NONE', #6493 ) ;
#6198 = LINE ( 'NONE', #3429, #9535 ) ;
#6199 = EDGE_CURVE ( 'NONE', #5683, #3326, #3898, .T. ) ;
#6200 = DIRECTION ( 'NONE',  ( 0.000000000000000000, 0.000000000000000000, 1.000000000000000000 ) ) ;
#6201 = CARTESIAN_POINT ( 'NONE',  ( 60.83047813294874828, -285.1626725826308189, -38.92043113525910059 ) ) ;
#6202 = FACE_BOUND ( 'NONE', #1711, .T. ) ;
#6203 = VERTEX_POINT ( 'NONE', #2209 ) ;
#6204 = VERTEX_POINT ( 'NONE', #4909 ) ;
#6205 = ORIENTED_EDGE ( 'NONE', *, *, #7515, .T. ) ;
#6206 = EDGE_CURVE ( 'NONE', #6218, #10355, #927, .T. ) ;
#6207 = ORIENTED_EDGE ( 'NONE', *, *, #6693, .T. ) ;
#6208 = CARTESIAN_POINT ( 'NONE',  ( 19.05611269104126038, -233.0854046916491029, -35.11798627234604453 ) ) ;
#6209 = DIRECTION ( 'NONE',  ( -1.000000000000000000, 0.000000000000000000, 0.000000000000000000 ) ) ;
#6210 = CARTESIAN_POINT ( 'NONE',  ( 23.90588215633500369, -216.8820313402289912, -41.11798626738899998 ) ) ;
#6211 = LINE ( 'NONE', #5306, #6917 ) ;
#6212 = LINE ( 'NONE', #10596, #4108 ) ;
#6213 = CARTESIAN_POINT ( 'NONE',  ( 26.90588215633500369, -315.3820313402289912, -23.81798626738900282 ) ) ;
#6214 = LINE ( 'NONE', #8647, #7367 ) ;
#6215 = ORIENTED_EDGE ( 'NONE', *, *, #6274, .F. ) ;
#6216 = VERTEX_POINT ( 'NONE', #10029 ) ;
#6217 = EDGE_CURVE ( 'NONE', #1077, #1178, #8128, .T. ) ;
#6219 = EDGE_CURVE ( 'NONE', #10072, #285, #5585, .T. ) ;
#6218 = VERTEX_POINT ( 'NONE', #1417 ) ;
#6220 = CARTESIAN_POINT ( 'NONE',  ( 55.53926132701371898, -294.3804471413648116, -25.15881068180783942 ) ) ;
#6221 = DIRECTION ( 'NONE',  ( -1.000000000000000000, 0.000000000000000000, 0.000000000000000000 ) ) ;
#6222 = LINE ( 'NONE', #6328, #8047 ) ;
#6223 = CARTESIAN_POINT ( 'NONE',  ( 38.84338215633501079, -315.6320313402289912, -34.71798626738900140 ) ) ;
#6224 = CYLINDRICAL_SURFACE ( 'NONE', #1948, 1.300000000000006040 ) ;
#6225 = LINE ( 'NONE', #2106, #3279 ) ;
#6226 = ORIENTED_EDGE ( 'NONE', *, *, #6492, .F. ) ;
#6227 = ADVANCED_FACE ( 'NONE', ( #5756 ), #6436, .T. ) ;
#6228 = ORIENTED_EDGE ( 'NONE', *, *, #5136, .T. ) ;
#6229 = DIRECTION ( 'NONE',  ( 0.000000000000000000, -1.000000000000000000, 0.000000000000000000 ) ) ;
#6230 = PLANE ( 'NONE',  #10550 ) ;
#6231 = FACE_BOUND ( 'NONE', #4442, .T. ) ;
#6232 = CARTESIAN_POINT ( 'NONE',  ( 38.84338215633500369, -215.3820313402289912, -33.11798626738899998 ) ) ;
#6233 = CARTESIAN_POINT ( 'NONE',  ( 27.90588215633500369, -305.2570313402290481, -26.81798626738900282 ) ) ;
#6234 = CARTESIAN_POINT ( 'NONE',  ( 54.22805874207068655, -293.2834495075865675, -24.96516285312470629 ) ) ;
#6235 = CARTESIAN_POINT ( 'NONE',  ( 47.78088215633500369, -254.3820313402290196, -38.11798626738899998 ) ) ;
#6236 = CIRCLE ( 'NONE', #8388, 3.000000000000002665 ) ;
#6237 = DIRECTION ( 'NONE',  ( -0.7071067811865470176, -1.752335333352428643E-16, 0.7071067811865480168 ) ) ;
#6238 = DIRECTION ( 'NONE',  ( 0.000000000000000000, 1.000000000000000000, 0.000000000000000000 ) ) ;
#6239 = ORIENTED_EDGE ( 'NONE', *, *, #5656, .T. ) ;
#6240 = ORIENTED_EDGE ( 'NONE', *, *, #6412, .T. ) ;
#6241 = ORIENTED_EDGE ( 'NONE', *, *, #9282, .T. ) ;
#6242 = CARTESIAN_POINT ( 'NONE',  ( 61.59345573825329723, -289.3252013492183323, -39.52754684680022734 ) ) ;
#6243 = VECTOR ( 'NONE', #1766, 1000.000000000000000 ) ;
#6244 = LINE ( 'NONE', #5235, #3890 ) ;
#6245 = DIRECTION ( 'NONE',  ( 0.000000000000000000, 0.000000000000000000, -1.000000000000000000 ) ) ;
#6246 = ADVANCED_FACE ( 'NONE', ( #9027 ), #10579, .F. ) ;
#6247 = CARTESIAN_POINT ( 'NONE',  ( 56.78088215633500369, -229.9913662456876580, -43.11798626738900708 ) ) ;
#6248 = VECTOR ( 'NONE', #1531, 1000.000000000000000 ) ;
#6249 = CARTESIAN_POINT ( 'NONE',  ( 61.70564801710237646, -290.0462669230819870, -40.45034447947442402 ) ) ;
#6250 = ORIENTED_EDGE ( 'NONE', *, *, #9237, .T. ) ;
#6251 = EDGE_LOOP ( 'NONE', ( #10113, #496, #8375, #7401 ) ) ;
#6252 = EDGE_LOOP ( 'NONE', ( #9978, #4570, #7712, #1236 ) ) ;
#6253 = EDGE_CURVE ( 'NONE', #9178, #2235, #7218, .T. ) ;
#6254 = VERTEX_POINT ( 'NONE', #6258 ) ;
#6255 = ORIENTED_EDGE ( 'NONE', *, *, #9112, .T. ) ;
#6256 = CARTESIAN_POINT ( 'NONE',  ( 56.78088215633500369, -282.6903157882228470, -33.11798626738899998 ) ) ;
#6257 = VECTOR ( 'NONE', #9858, 1000.000000000000000 ) ;
#6258 = CARTESIAN_POINT ( 'NONE',  ( 53.08088215633499374, -229.9913662456876580, -23.81798626738900282 ) ) ;
#6259 = FACE_OUTER_BOUND ( 'NONE', #3051, .T. ) ;
#6260 = DIRECTION ( 'NONE',  ( -2.915501640297150339E-16, 1.000000000000000000, 0.000000000000000000 ) ) ;
#6261 = ADVANCED_FACE ( 'NONE', ( #8061 ), #9695, .T. ) ;
#6262 = FACE_OUTER_BOUND ( 'NONE', #9280, .T. ) ;
#6263 = CARTESIAN_POINT ( 'NONE',  ( 57.51088215633501477, -289.9034704378889273, -24.51798626738906606 ) ) ;
#6264 = DIRECTION ( 'NONE',  ( 0.000000000000000000, 0.000000000000000000, -1.000000000000000000 ) ) ;
#6265 = VECTOR ( 'NONE', #5491, 1000.000000000000000 ) ;
#6266 = ORIENTED_EDGE ( 'NONE', *, *, #3176, .F. ) ;
#6267 = VERTEX_POINT ( 'NONE', #3776 ) ;
#6268 = ORIENTED_EDGE ( 'NONE', *, *, #838, .F. ) ;
#6269 = CARTESIAN_POINT ( 'NONE',  ( 32.63088215633499800, -238.5330313402290301, -24.31798626738900282 ) ) ;
#6270 = AXIS2_PLACEMENT_3D ( 'NONE', #8432, #713, #6459 ) ;
#6271 = CIRCLE ( 'NONE', #8965, 3.250000000000002665 ) ;
#6272 = CARTESIAN_POINT ( 'NONE',  ( 57.44588215633498862, -237.2108035506304873, -23.81798626738900282 ) ) ;
#6273 = CARTESIAN_POINT ( 'NONE',  ( 56.78088215633500369, -315.3820313402289912, -38.11798626738899998 ) ) ;
#6274 = EDGE_CURVE ( 'NONE', #8033, #2020, #10984, .T. ) ;
#6275 = LINE ( 'NONE', #2732, #8894 ) ;
#6276 = CARTESIAN_POINT ( 'NONE',  ( 26.65588215633500369, -315.6320313402289912, -33.11798626738899998 ) ) ;
#6277 = CARTESIAN_POINT ( 'NONE',  ( 38.78088215633501079, -252.2140313402290133, -24.31798626738900282 ) ) ;
#6278 = ORIENTED_EDGE ( 'NONE', *, *, #10138, .T. ) ;
#6279 = AXIS2_PLACEMENT_3D ( 'NONE', #3368, #8675, #5289 ) ;
#6280 = EDGE_CURVE ( 'NONE', #10071, #10584, #8847, .T. ) ;
#6281 = VECTOR ( 'NONE', #1682, 1000.000000000000000 ) ;
#6282 = EDGE_LOOP ( 'NONE', ( #9558, #7105, #10398, #1916 ) ) ;
#6283 = CARTESIAN_POINT ( 'NONE',  ( 26.90588215633500369, -216.8820313402289912, -38.11798626738899998 ) ) ;
#6284 = DIRECTION ( 'NONE',  ( 0.000000000000000000, -1.000000000000000000, 0.000000000000000000 ) ) ;
#6285 = CARTESIAN_POINT ( 'NONE',  ( 18.40574966399559642, -285.9348139647190692, -37.90201875813598775 ) ) ;
#6286 = EDGE_CURVE ( 'NONE', #9718, #10546, #2198, .T. ) ;
#6287 = DIRECTION ( 'NONE',  ( 0.9965696216027989385, 0.08275862068965537943, -7.736881877883435372E-16 ) ) ;
#6288 = MANIFOLD_SOLID_BREP ( 'Fillet2', #11079 ) ;
#6289 = CARTESIAN_POINT ( 'NONE',  ( 61.38407529656835493, -235.5978433912604260, -38.44960386162076560 ) ) ;
#6291 = ADVANCED_FACE ( 'NONE', ( #1238 ), #10703, .T. ) ;
#6290 = AXIS2_PLACEMENT_3D ( 'NONE', #4318, #6919, #8663 ) ;
#6292 = LINE ( 'NONE', #7879, #1684 ) ;
#6294 = EDGE_CURVE ( 'NONE', #4083, #9068, #9969, .T. ) ;
#6293 = AXIS2_PLACEMENT_3D ( 'NONE', #5581, #2830, #3680 ) ;
#6295 = DIRECTION ( 'NONE',  ( -1.000000000000000000, 0.000000000000000000, 0.000000000000000000 ) ) ;
#6296 = FACE_OUTER_BOUND ( 'NONE', #10654, .T. ) ;
#6297 = ORIENTED_EDGE ( 'NONE', *, *, #998, .T. ) ;
#6298 = EDGE_LOOP ( 'NONE', ( #3582, #3601, #9430, #628 ) ) ;
#6299 = AXIS2_PLACEMENT_3D ( 'NONE', #2589, #4447, #5177 ) ;
#6300 = EDGE_LOOP ( 'NONE', ( #5737, #5448, #4005, #958, #353, #3457, #300, #2567 ) ) ;
#6301 = CARTESIAN_POINT ( 'NONE',  ( 53.78088215633500369, -326.3820313402290481, -41.11798626738899287 ) ) ;
#6302 = ORIENTED_EDGE ( 'NONE', *, *, #5874, .T. ) ;
#6303 = FACE_OUTER_BOUND ( 'NONE', #5027, .T. ) ;
#6304 = LINE ( 'NONE', #4668, #7981 ) ;
#6305 = EDGE_CURVE ( 'NONE', #7527, #841, #7946, .T. ) ;
#6306 = AXIS2_PLACEMENT_3D ( 'NONE', #7365, #4088, #2238 ) ;
#6307 = CARTESIAN_POINT ( 'NONE',  ( 61.48065208351349042, -288.7328101137455292, -39.72264896896241027 ) ) ;
#6308 = EDGE_LOOP ( 'NONE', ( #6367, #4614, #5672, #8043 ) ) ;
#6309 = ORIENTED_EDGE ( 'NONE', *, *, #5656, .F. ) ;
#6310 = ORIENTED_EDGE ( 'NONE', *, *, #495, .F. ) ;
#6311 = ORIENTED_EDGE ( 'NONE', *, *, #998, .F. ) ;
#6312 = ORIENTED_EDGE ( 'NONE', *, *, #8208, .F. ) ;
#6313 = VECTOR ( 'NONE', #1309, 1000.000000000000000 ) ;
#6314 = FACE_OUTER_BOUND ( 'NONE', #2694, .T. ) ;
#6315 = CARTESIAN_POINT ( 'NONE',  ( 18.03120054893063084, -233.3871390882463572, -37.98131223786073463 ) ) ;
#6316 = DIRECTION ( 'NONE',  ( 1.030785490207309915E-16, -0.7071067811865480168, 0.7071067811865470176 ) ) ;
#6317 = LINE ( 'NONE', #4578, #3558 ) ;
#6318 = FACE_BOUND ( 'NONE', #8320, .T. ) ;
#6319 = CARTESIAN_POINT ( 'NONE',  ( 56.78088215633500369, -315.3820313402289912, -38.11798626738899998 ) ) ;
#6320 = VECTOR ( 'NONE', #9015, 1000.000000000000000 ) ;
#6321 = DIRECTION ( 'NONE',  ( -0.000000000000000000, 1.000000000000000000, -0.000000000000000000 ) ) ;
#6322 = ORIENTED_EDGE ( 'NONE', *, *, #608, .T. ) ;
#6323 = ORIENTED_EDGE ( 'NONE', *, *, #9591, .F. ) ;
#6324 = ORIENTED_EDGE ( 'NONE', *, *, #9033, .T. ) ;
#6325 = DIRECTION ( 'NONE',  ( 1.000000000000000000, 0.000000000000000000, 0.000000000000000000 ) ) ;
#6326 = AXIS2_PLACEMENT_3D ( 'NONE', #4761, #6287, #9726 ) ;
#6327 = DIRECTION ( 'NONE',  ( 1.000000000000000000, 0.000000000000000000, 0.000000000000000000 ) ) ;
#6328 = CARTESIAN_POINT ( 'NONE',  ( 29.65588215633500369, -221.8820313402289912, -23.81798626738900282 ) ) ;
#6329 = EDGE_CURVE ( 'NONE', #7657, #8263, #4842, .T. ) ;
#6330 = FACE_OUTER_BOUND ( 'NONE', #1767, .T. ) ;
#6331 = CARTESIAN_POINT ( 'NONE',  ( 15.92227901139473367, -235.4948512529402080, -40.19757737125279817 ) ) ;
#6332 = CARTESIAN_POINT ( 'NONE',  ( 32.63088215633499800, -252.2140313402290133, -23.81798626738900282 ) ) ;
#6333 = CIRCLE ( 'NONE', #2916, 1.500000000000001332 ) ;
#6334 = VERTEX_POINT ( 'NONE', #719 ) ;
#6335 = AXIS2_PLACEMENT_3D ( 'NONE', #2102, #9711, #1256 ) ;
#6336 = EDGE_CURVE ( 'NONE', #180, #10360, #5593, .T. ) ;
#6337 = ADVANCED_FACE ( 'NONE', ( #2452 ), #1618, .F. ) ;
#6338 = ORIENTED_EDGE ( 'NONE', *, *, #640, .T. ) ;
#6339 = CARTESIAN_POINT ( 'NONE',  ( 24.16838215633502074, -290.3543130760152167, -24.25548626738898150 ) ) ;
#6340 = FACE_BOUND ( 'NONE', #5736, .T. ) ;
#6341 = AXIS2_PLACEMENT_3D ( 'NONE', #5201, #1763, #8468 ) ;
#6342 = PLANE ( 'NONE',  #5979 ) ;
#6343 = CARTESIAN_POINT ( 'NONE',  ( 24.60588215633499587, -229.9909074294941149, -23.81798626738900282 ) ) ;
#6344 = CARTESIAN_POINT ( 'NONE',  ( 61.16592294881034775, -239.3607287049643446, -39.16253244306400205 ) ) ;
#6345 = VECTOR ( 'NONE', #4681, 1000.000000000000000 ) ;
#6346 = FACE_OUTER_BOUND ( 'NONE', #6943, .T. ) ;
#6347 = CARTESIAN_POINT ( 'NONE',  ( 54.22820008705684813, -286.5231681835054474, -24.96530419811083945 ) ) ;
#6348 = FACE_OUTER_BOUND ( 'NONE', #6251, .T. ) ;
#6349 = DIRECTION ( 'NONE',  ( 0.000000000000000000, 1.000000000000000000, 0.000000000000000000 ) ) ;
#6350 = AXIS2_PLACEMENT_3D ( 'NONE', #11088, #9467, #3434 ) ;
#6351 = EDGE_CURVE ( 'NONE', #7774, #515, #9854, .T. ) ;
#6352 = ORIENTED_EDGE ( 'NONE', *, *, #1794, .F. ) ;
#6353 = VERTEX_POINT ( 'NONE', #7650 ) ;
#6354 = VECTOR ( 'NONE', #6688, 1000.000000000000000 ) ;
#6355 = EDGE_CURVE ( 'NONE', #4702, #1700, #559, .T. ) ;
#6356 = ORIENTED_EDGE ( 'NONE', *, *, #9805, .T. ) ;
#6357 = EDGE_CURVE ( 'NONE', #4769, #4906, #5513, .T. ) ;
#6358 = CARTESIAN_POINT ( 'NONE',  ( 58.81928849884474886, -285.9011774135024666, -35.20558474829969242 ) ) ;
#6359 = DIRECTION ( 'NONE',  ( -1.000000000000000000, -0.000000000000000000, -0.000000000000000000 ) ) ;
#6360 = DIRECTION ( 'NONE',  ( 0.000000000000000000, 0.000000000000000000, -1.000000000000000000 ) ) ;
#6361 = CARTESIAN_POINT ( 'NONE',  ( 26.90588215633500369, -321.3820313402290481, -38.11798626738899998 ) ) ;
#6362 = CIRCLE ( 'NONE', #9610, 3.549999999999942091 ) ;
#6363 = VECTOR ( 'NONE', #9946, 1000.000000000000114 ) ;
#6364 = CARTESIAN_POINT ( 'NONE',  ( 61.45767023273392482, -288.6971267122630707, -38.84488290000329869 ) ) ;
#6365 = VERTEX_POINT ( 'NONE', #1295 ) ;
#6366 = VERTEX_POINT ( 'NONE', #453 ) ;
#6367 = ORIENTED_EDGE ( 'NONE', *, *, #1232, .T. ) ;
#6368 = VERTEX_POINT ( 'NONE', #3887 ) ;
#6369 = ADVANCED_FACE ( 'NONE', ( #7327 ), #9911, .F. ) ;
#6371 = ORIENTED_EDGE ( 'NONE', *, *, #1319, .F. ) ;
#6370 = CIRCLE ( 'NONE', #10506, 2.999999999999999112 ) ;
#6372 = CARTESIAN_POINT ( 'NONE',  ( 23.47819433228549357, -295.2997315850411724, -24.94567409143851222 ) ) ;
#6373 =( NAMED_UNIT ( * ) PLANE_ANGLE_UNIT ( ) SI_UNIT ( $, .RADIAN. ) );
#6374 = DIRECTION ( 'NONE',  ( 0.000000000000000000, 0.000000000000000000, -1.000000000000000000 ) ) ;
#6375 = LINE ( 'NONE', #7963, #8051 ) ;
#6376 = CARTESIAN_POINT ( 'NONE',  ( 54.20448622787181847, -242.6212396425676445, -24.94159033892580979 ) ) ;
#6377 = LINE ( 'NONE', #6590, #3651 ) ;
#6378 = DIRECTION ( 'NONE',  ( -2.478176394252580155E-16, 1.000000000000000000, 0.000000000000000000 ) ) ;
#6379 = VERTEX_POINT ( 'NONE', #6974 ) ;
#6380 = ORIENTED_EDGE ( 'NONE', *, *, #5199, .T. ) ;
#6381 = VECTOR ( 'NONE', #8215, 1000.000000000000000 ) ;
#6382 = ORIENTED_EDGE ( 'NONE', *, *, #5950, .T. ) ;
#6383 = PLANE ( 'NONE',  #4867 ) ;
#6384 = CARTESIAN_POINT ( 'NONE',  ( 53.78088215633500369, -333.8820313402291049, -44.11798626738900708 ) ) ;
#6385 = CARTESIAN_POINT ( 'NONE',  ( 23.95838904358992849, -220.9247212710910446, -24.46519395263792518 ) ) ;
#6386 = DIRECTION ( 'NONE',  ( 0.5773502691896257311, 0.5773502691896257311, 0.5773502691896257311 ) ) ;
#6387 = CARTESIAN_POINT ( 'NONE',  ( 16.20764618355442011, -233.8770746042593203, -39.54015171586306820 ) ) ;
#6388 = CARTESIAN_POINT ( 'NONE',  ( 18.78088215633500013, -244.3368315466462093, -38.11798626738899998 ) ) ;
#6389 = EDGE_LOOP ( 'NONE', ( #6241, #10144, #7276, #3717 ) ) ;
#6390 = ORIENTED_EDGE ( 'NONE', *, *, #5245, .T. ) ;
#6391 = CARTESIAN_POINT ( 'NONE',  ( 24.16838215633502784, -289.9034704378889273, -24.25548626738897795 ) ) ;
#6392 = DIRECTION ( 'NONE',  ( 0.000000000000000000, -1.000000000000000000, 0.000000000000000000 ) ) ;
#6393 = CARTESIAN_POINT ( 'NONE',  ( 44.93088215633500226, -279.5760313402290080, -23.81798626738900282 ) ) ;
#6394 = DIRECTION ( 'NONE',  ( 0.000000000000000000, 0.7071067811865474617, 0.7071067811865474617 ) ) ;
#6395 = CARTESIAN_POINT ( 'NONE',  ( 61.52574436394209556, -236.0151129989027652, -39.02408068449376799 ) ) ;
#6396 = CARTESIAN_POINT ( 'NONE',  ( 29.65588215633500369, -266.0070313402289912, -26.81798626738900282 ) ) ;
#6397 = LINE ( 'NONE', #10422, #11112 ) ;
#6398 = CARTESIAN_POINT ( 'NONE',  ( 38.84338215633500369, -230.6330313402289960, -23.81798626738900282 ) ) ;
#6399 = EDGE_CURVE ( 'NONE', #5507, #7337, #6496, .T. ) ;
#6400 = FACE_OUTER_BOUND ( 'NONE', #9486, .T. ) ;
#6401 = EDGE_LOOP ( 'NONE', ( #6028, #8389, #2295, #5878 ) ) ;
#6402 = ORIENTED_EDGE ( 'NONE', *, *, #439, .T. ) ;
#6403 = ORIENTED_EDGE ( 'NONE', *, *, #3319, .F. ) ;
#6404 = CARTESIAN_POINT ( 'NONE',  ( 47.78088215633500369, -220.3820313402289912, -38.11798626738899998 ) ) ;
#6405 = LINE ( 'NONE', #2182, #7677 ) ;
#6406 = PLANE ( 'NONE',  #8100 ) ;
#6407 = VECTOR ( 'NONE', #2448, 1000.000000000000000 ) ;
#6408 = DIRECTION ( 'NONE',  ( 0.000000000000000000, 0.000000000000000000, 1.000000000000000000 ) ) ;
#6409 = EDGE_CURVE ( 'NONE', #7134, #4942, #3534, .T. ) ;
#6410 = DIRECTION ( 'NONE',  ( -0.7071067811865475727, 0.000000000000000000, 0.7071067811865475727 ) ) ;
#6411 = ADVANCED_FACE ( 'NONE', ( #3480 ), #9622, .F. ) ;
#6412 = EDGE_CURVE ( 'NONE', #326, #8207, #8724, .T. ) ;
#6413 = CARTESIAN_POINT ( 'NONE',  ( 61.55187962198350959, -289.0441236446153539, -39.89177302563787464 ) ) ;
#6414 = ORIENTED_EDGE ( 'NONE', *, *, #9723, .T. ) ;
#6415 = AXIS2_PLACEMENT_3D ( 'NONE', #7825, #9619, #6070 ) ;
#6416 = EDGE_LOOP ( 'NONE', ( #9786, #2872, #1075, #6571 ) ) ;
#6417 = VERTEX_POINT ( 'NONE', #10290 ) ;
#6418 = EDGE_CURVE ( 'NONE', #10384, #2245, #2743, .T. ) ;
#6419 = ORIENTED_EDGE ( 'NONE', *, *, #6695, .T. ) ;
#6420 = ORIENTED_EDGE ( 'NONE', *, *, #7996, .F. ) ;
#6421 = DIRECTION ( 'NONE',  ( 1.000000000000000000, 0.000000000000000000, 0.000000000000000000 ) ) ;
#6422 = DIRECTION ( 'NONE',  ( 1.000000000000000000, 0.000000000000000000, 0.000000000000000000 ) ) ;
#6423 = CARTESIAN_POINT ( 'NONE',  ( 50.78088215633499658, -315.3820313402289912, -23.81798626738900282 ) ) ;
#6424 = CIRCLE ( 'NONE', #5517, 2.999999999999996003 ) ;
#6425 = ADVANCED_FACE ( 'NONE', ( #7877 ), #10635, .T. ) ;
#6426 = CARTESIAN_POINT ( 'NONE',  ( 20.63277870805914915, -241.4431564492276721, -45.13880154756031970 ) ) ;
#6427 = ADVANCED_FACE ( 'NONE', ( #1846 ), #9504, .F. ) ;
#6428 = EDGE_CURVE ( 'NONE', #10167, #5059, #8775, .T. ) ;
#6429 = DIRECTION ( 'NONE',  ( 0.000000000000000000, 0.000000000000000000, -1.000000000000000000 ) ) ;
#6430 = CARTESIAN_POINT ( 'NONE',  ( 53.78088215633500369, -200.8820313402289912, -38.11798626738899998 ) ) ;
#6431 = DIRECTION ( 'NONE',  ( 0.000000000000000000, -1.000000000000000000, 0.000000000000000000 ) ) ;
#6432 = VERTEX_POINT ( 'NONE', #5165 ) ;
#6433 = ORIENTED_EDGE ( 'NONE', *, *, #3384, .T. ) ;
#6434 = ORIENTED_EDGE ( 'NONE', *, *, #2777, .T. ) ;
#6435 = CIRCLE ( 'NONE', #9136, 3.000000000000002665 ) ;
#6436 = PLANE ( 'NONE',  #4875 ) ;
#6437 = FACE_OUTER_BOUND ( 'NONE', #7429, .T. ) ;
#6438 = CARTESIAN_POINT ( 'NONE',  ( 25.40588215633500369, -215.3820313402289912, -33.11798626738899998 ) ) ;
#6439 = AXIS2_PLACEMENT_3D ( 'NONE', #6119, #9658, #9615 ) ;
#6440 = CARTESIAN_POINT ( 'NONE',  ( 61.28088215633506763, -326.3820313402290481, -44.11798626738900708 ) ) ;
#6441 = FACE_OUTER_BOUND ( 'NONE', #312, .T. ) ;
#6442 = EDGE_LOOP ( 'NONE', ( #1801, #3597 ) ) ;
#6443 = VECTOR ( 'NONE', #5796, 1000.000000000000000 ) ;
#6444 = EDGE_LOOP ( 'NONE', ( #7482, #7528, #5126, #5954 ) ) ;
#6445 = CARTESIAN_POINT ( 'NONE',  ( 60.62850178303078508, -284.7299827641551815, -38.74749843639357039 ) ) ;
#6446 = VECTOR ( 'NONE', #6429, 1000.000000000000000 ) ;
#6447 = DIRECTION ( 'NONE',  ( -0.5773502691896257311, -0.5773502691896257311, -0.5773502691896257311 ) ) ;
#6448 = FACE_OUTER_BOUND ( 'NONE', #9799, .T. ) ;
#6449 = DIRECTION ( 'NONE',  ( 1.000000000000000000, 0.000000000000000000, 0.000000000000000000 ) ) ;
#6450 = CARTESIAN_POINT ( 'NONE',  ( 61.47242924700062616, -234.4592832787251666, -39.78379506432546009 ) ) ;
#6451 = PLANE ( 'NONE',  #7271 ) ;
#6452 = CARTESIAN_POINT ( 'NONE',  ( 53.70268312134420796, -288.1460123544727594, -24.43978723239820638 ) ) ;
#6453 = CARTESIAN_POINT ( 'NONE',  ( 27.90588215633500369, -305.2570313402290481, -23.81798626738900282 ) ) ;
#6454 = VECTOR ( 'NONE', #4444, 1000.000000000000000 ) ;
#6455 = VECTOR ( 'NONE', #2594, 1000.000000000000000 ) ;
#6456 = CARTESIAN_POINT ( 'NONE',  ( 59.53580051080005830, -230.5363561753691499, -38.21148800301677539 ) ) ;
#6457 = ORIENTED_EDGE ( 'NONE', *, *, #7607, .F. ) ;
#6458 = ORIENTED_EDGE ( 'NONE', *, *, #78, .T. ) ;
#6459 = DIRECTION ( 'NONE',  ( 1.000000000000000000, 0.000000000000000000, 0.000000000000000000 ) ) ;
#6460 = DIRECTION ( 'NONE',  ( 1.000000000000000000, 0.000000000000000000, 0.000000000000000000 ) ) ;
#6461 = EDGE_CURVE ( 'NONE', #6267, #4687, #2575, .T. ) ;
#6462 = CARTESIAN_POINT ( 'NONE',  ( 32.13088215633499800, -216.9520313402290128, -23.81798626738900282 ) ) ;
#6463 = AXIS2_PLACEMENT_3D ( 'NONE', #10721, #3005, #1321 ) ;
#6464 = CIRCLE ( 'NONE', #6831, 3.000000000000002665 ) ;
#6465 = CARTESIAN_POINT ( 'NONE',  ( 23.90588215633500369, -297.1171293569119030, -33.11798626738899998 ) ) ;
#6466 = LINE ( 'NONE', #2130, #2948 ) ;
#6467 = LINE ( 'NONE', #9902, #5011 ) ;
#6468 = AXIS2_PLACEMENT_3D ( 'NONE', #115, #5237, #6989 ) ;
#6469 = ORIENTED_EDGE ( 'NONE', *, *, #3806, .T. ) ;
#6470 = VECTOR ( 'NONE', #9188, 1000.000000000000000 ) ;
#6471 = ORIENTED_EDGE ( 'NONE', *, *, #11084, .T. ) ;
#6472 = ORIENTED_EDGE ( 'NONE', *, *, #4819, .T. ) ;
#6473 = PRODUCT_DEFINITION_CONTEXT ( 'detailed design', #1823, 'design' ) ;
#6474 = ORIENTED_EDGE ( 'NONE', *, *, #2493, .T. ) ;
#6475 = EDGE_LOOP ( 'NONE', ( #4283, #9270, #1566, #728, #10937 ) ) ;
#6476 = EDGE_CURVE ( 'NONE', #404, #10312, #2354, .T. ) ;
#6477 = CARTESIAN_POINT ( 'NONE',  ( 24.60588215633500297, -311.3820313402289912, -23.81798626738900282 ) ) ;
#6478 = CARTESIAN_POINT ( 'NONE',  ( 29.90588215633500369, -286.8800777381588887, 220.0996348679430525 ) ) ;
#6479 = AXIS2_PLACEMENT_3D ( 'NONE', #7944, #224, #5451 ) ;
#6480 = LINE ( 'NONE', #4519, #7420 ) ;
#6481 = PLANE ( 'NONE',  #10920 ) ;
#6482 = EDGE_CURVE ( 'NONE', #2966, #5792, #8607, .T. ) ;
#6483 = DIRECTION ( 'NONE',  ( 0.000000000000000000, 0.000000000000000000, -1.000000000000000000 ) ) ;
#6484 = SPHERICAL_SURFACE ( 'NONE', #8700, 3.000000000000000000 ) ;
#6485 = DIRECTION ( 'NONE',  ( 1.000000000000000000, 0.000000000000000000, 0.000000000000000000 ) ) ;
#6486 = ORIENTED_EDGE ( 'NONE', *, *, #5868, .T. ) ;
#6487 = VERTEX_POINT ( 'NONE', #6020 ) ;
#6488 = VECTOR ( 'NONE', #1657, 1000.000000000000000 ) ;
#6489 = ORIENTED_EDGE ( 'NONE', *, *, #2325, .T. ) ;
#6490 = ADVANCED_FACE ( 'NONE', ( #7027 ), #5963, .T. ) ;
#6491 = EDGE_CURVE ( 'NONE', #5324, #10746, #9448, .T. ) ;
#6492 = EDGE_CURVE ( 'NONE', #237, #6582, #4151, .T. ) ;
#6493 = CARTESIAN_POINT ( 'NONE',  ( 32.13088215633499800, -285.3570313402290139, -23.81798626738900282 ) ) ;
#6494 = CARTESIAN_POINT ( 'NONE',  ( 16.86534419650636707, -294.9401504578481763, -38.80160582351856391 ) ) ;
#6495 = LINE ( 'NONE', #3275, #5888 ) ;
#6496 = CIRCLE ( 'NONE', #1457, 1.500000000000001332 ) ;
#6497 = DIRECTION ( 'NONE',  ( 1.000000000000000000, 0.000000000000000000, 0.000000000000000000 ) ) ;
#6498 = DIRECTION ( 'NONE',  ( 0.000000000000000000, -1.000000000000000000, 0.000000000000000000 ) ) ;
#6499 = LINE ( 'NONE', #9931, #3466 ) ;
#6500 = ORIENTED_EDGE ( 'NONE', *, *, #97, .F. ) ;
#6501 = VECTOR ( 'NONE', #3736, 1000.000000000000000 ) ;
#6502 = VERTEX_POINT ( 'NONE', #9392 ) ;
#6503 = CARTESIAN_POINT ( 'NONE',  ( 25.40588215633500369, -240.9235313402290046, 223.6996348679430184 ) ) ;
#6504 = ADVANCED_FACE ( 'NONE', ( #1729 ), #10350, .F. ) ;
#6505 = CARTESIAN_POINT ( 'NONE',  ( 47.78088215633500369, -258.6820313402290026, -34.71798626738900140 ) ) ;
#6506 = CYLINDRICAL_SURFACE ( 'NONE', #7242, 1.000000000000000888 ) ;
#6507 = DIRECTION ( 'NONE',  ( 0.000000000000000000, 1.000000000000000000, 0.000000000000000000 ) ) ;
#6508 = CARTESIAN_POINT ( 'NONE',  ( 61.69546446329340483, -237.3638227008920580, -40.10743179292015270 ) ) ;
#6509 = CARTESIAN_POINT ( 'NONE',  ( 57.38088215633500511, -289.9034704378889273, -43.11798626738900708 ) ) ;
#6510 = CARTESIAN_POINT ( 'NONE',  ( 26.90588215633500369, -315.3820313402289912, -23.81798626738900282 ) ) ;
#6511 =( GEOMETRIC_REPRESENTATION_CONTEXT ( 3 ) GLOBAL_UNCERTAINTY_ASSIGNED_CONTEXT ( ( #9070 ) ) GLOBAL_UNIT_ASSIGNED_CONTEXT ( ( #3127, #7522, #2330 ) ) REPRESENTATION_CONTEXT ( 'NONE', 'WORKASPACE' ) );
#6512 = DIRECTION ( 'NONE',  ( 0.000000000000000000, -1.000000000000000000, 0.000000000000000000 ) ) ;
#6513 = VECTOR ( 'NONE', #7003, 1000.000000000000000 ) ;
#6514 = DIRECTION ( 'NONE',  ( 0.000000000000000000, 0.000000000000000000, -1.000000000000000000 ) ) ;
#6515 = ORIENTED_EDGE ( 'NONE', *, *, #6150, .T. ) ;
#6516 = EDGE_LOOP ( 'NONE', ( #4918, #11092, #8519, #7557 ) ) ;
#6517 = DIRECTION ( 'NONE',  ( 0.000000000000000000, -1.000000000000000000, 0.000000000000000000 ) ) ;
#6518 = CARTESIAN_POINT ( 'NONE',  ( 32.40588215633500369, -281.9665313402289826, -26.81798626738900282 ) ) ;
#6519 = AXIS2_PLACEMENT_3D ( 'NONE', #10812, #3092, #5689 ) ;
#6520 = DIRECTION ( 'NONE',  ( -0.000000000000000000, -0.000000000000000000, 1.000000000000000000 ) ) ;
#6521 = CARTESIAN_POINT ( 'NONE',  ( 16.99588215633502131, -237.2108035506304873, -23.81798626738900282 ) ) ;
#6522 = LINE ( 'NONE', #1395, #1344 ) ;
#6523 = CARTESIAN_POINT ( 'NONE',  ( 60.82547944799819106, -294.6555851326235711, -38.91588145024059742 ) ) ;
#6524 = AXIS2_PLACEMENT_3D ( 'NONE', #5185, #5978, #8395 ) ;
#6525 = AXIS2_PLACEMENT_3D ( 'NONE', #10175, #11017, #106 ) ;
#6526 = ORIENTED_EDGE ( 'NONE', *, *, #2491, .F. ) ;
#6527 = ORIENTED_EDGE ( 'NONE', *, *, #1546, .F. ) ;
#6528 = EDGE_LOOP ( 'NONE', ( #10698, #8783, #4528, #5681 ) ) ;
#6529 = EDGE_LOOP ( 'NONE', ( #3061, #9903 ) ) ;
#6530 = DIRECTION ( 'NONE',  ( 0.000000000000000000, -1.000000000000000000, 0.000000000000000000 ) ) ;
#6531 = ORIENTED_EDGE ( 'NONE', *, *, #838, .T. ) ;
#6532 = CARTESIAN_POINT ( 'NONE',  ( 23.90588215633500369, -244.4306996717668596, -24.51798626738900211 ) ) ;
#6533 = EDGE_CURVE ( 'NONE', #10127, #10056, #4385, .T. ) ;
#6534 = AXIS2_PLACEMENT_3D ( 'NONE', #7704, #10172, #1728 ) ;
#6535 = CARTESIAN_POINT ( 'NONE',  ( 32.40588215633500369, -254.6045313402289878, 223.6996348679430184 ) ) ;
#6536 = VECTOR ( 'NONE', #4030, 1000.000000000000000 ) ;
#6537 = DIRECTION ( 'NONE',  ( -0.7071067811865474617, 0.7071067811865474617, 0.000000000000000000 ) ) ;
#6538 = DIRECTION ( 'NONE',  ( -0.000000000000000000, -0.000000000000000000, -1.000000000000000000 ) ) ;
#6539 = DIRECTION ( 'NONE',  ( 0.000000000000000000, 1.000000000000000000, 0.000000000000000000 ) ) ;
#6540 = CARTESIAN_POINT ( 'NONE',  ( 20.90588215633500369, -218.8820313402289912, -35.11798626738899998 ) ) ;
#6541 = EDGE_CURVE ( 'NONE', #9759, #4266, #7085, .T. ) ;
#6542 = DIRECTION ( 'NONE',  ( 0.000000000000000000, -1.000000000000000000, 0.000000000000000000 ) ) ;
#6543 = ORIENTED_EDGE ( 'NONE', *, *, #5043, .F. ) ;
#6544 = VERTEX_POINT ( 'NONE', #9778 ) ;
#6545 = CIRCLE ( 'NONE', #6011, 3.000000000000002665 ) ;
#6546 = ORIENTED_EDGE ( 'NONE', *, *, #4220, .T. ) ;
#6547 = CARTESIAN_POINT ( 'NONE',  ( 18.13885951900042315, -241.0994009501763458, -37.94470752502743238 ) ) ;
#6548 = CARTESIAN_POINT ( 'NONE',  ( 15.94271269432676341, -290.2268923911220782, -39.69850440534349900 ) ) ;
#6549 = CARTESIAN_POINT ( 'NONE',  ( 23.90588215633500369, -218.8820313402289912, -38.11798626738899998 ) ) ;
#6550 =( REPRESENTATION_RELATIONSHIP ('NONE','NONE', #8880, #581 ) REPRESENTATION_RELATIONSHIP_WITH_TRANSFORMATION ( #5042 )SHAPE_REPRESENTATION_RELATIONSHIP( ) );
#6551 = CARTESIAN_POINT ( 'NONE',  ( 24.16993704812482235, -236.4107544218667840, -24.25393137559916923 ) ) ;
#6552 = CARTESIAN_POINT ( 'NONE',  ( 55.52305900145029227, -241.7015262994637510, -25.15197819106119681 ) ) ;
#6553 = EDGE_CURVE ( 'NONE', #841, #7527, #7574, .T. ) ;
#6554 = DIRECTION ( 'NONE',  ( 0.000000000000000000, 0.000000000000000000, 1.000000000000000000 ) ) ;
#6555 = EDGE_CURVE ( 'NONE', #4930, #9444, #7040, .T. ) ;
#6556 = EDGE_CURVE ( 'NONE', #7714, #6502, #10463, .T. ) ;
#6557 = ORIENTED_EDGE ( 'NONE', *, *, #1394, .F. ) ;
#6559 = EDGE_CURVE ( 'NONE', #5509, #3326, #2803, .T. ) ;
#6558 = ORIENTED_EDGE ( 'NONE', *, *, #8892, .T. ) ;
#6560 = PLANE ( 'NONE',  #1074 ) ;
#6561 = DIRECTION ( 'NONE',  ( 0.000000000000000000, -1.000000000000000000, 0.000000000000000000 ) ) ;
#6562 = DIRECTION ( 'NONE',  ( -1.000000000000000000, 0.000000000000000000, 0.000000000000000000 ) ) ;
#6563 = CARTESIAN_POINT ( 'NONE',  ( 53.78088215633500369, -216.8820313402289912, -33.11798626738899998 ) ) ;
#6564 = CARTESIAN_POINT ( 'NONE',  ( 60.24138618196559491, -240.4143261047435374, -36.19402586128192922 ) ) ;
#6565 = CARTESIAN_POINT ( 'NONE',  ( 57.51088215633501477, -289.9034704378889273, -45.13880154756031970 ) ) ;
#6566 = DIRECTION ( 'NONE',  ( 0.000000000000000000, 0.000000000000000000, -1.000000000000000000 ) ) ;
#6567 = DIRECTION ( 'NONE',  ( 1.000000000000000000, 0.000000000000000000, 0.000000000000000000 ) ) ;
#6568 = EDGE_CURVE ( 'NONE', #2206, #932, #3804, .T. ) ;
#6569 = CARTESIAN_POINT ( 'NONE',  ( 38.84338215633500369, -318.3820313402290481, -23.81798626738900282 ) ) ;
#6570 = ORIENTED_EDGE ( 'NONE', *, *, #1477, .T. ) ;
#6571 = ORIENTED_EDGE ( 'NONE', *, *, #2902, .F. ) ;
#6572 = CARTESIAN_POINT ( 'NONE',  ( 18.48088215633499942, -289.9034704378889273, -27.21798626738900140 ) ) ;
#6573 = DIRECTION ( 'NONE',  ( 0.000000000000000000, -1.000000000000000000, 0.000000000000000000 ) ) ;
#6574 = DIRECTION ( 'NONE',  ( -2.478176394252580155E-16, 1.000000000000000000, 0.000000000000000000 ) ) ;
#6575 = CARTESIAN_POINT ( 'NONE',  ( 29.78088215633500369, -282.8820313402289912, -38.11798626738899998 ) ) ;
#6576 = DIRECTION ( 'NONE',  ( 0.000000000000000000, -0.7071067811865475727, 0.7071067811865475727 ) ) ;
#6577 = LINE ( 'NONE', #10010, #938 ) ;
#6578 = CARTESIAN_POINT ( 'NONE',  ( 59.66194077300946219, -296.4438370165275387, -38.24191953184060822 ) ) ;
#6579 = ORIENTED_EDGE ( 'NONE', *, *, #8761, .T. ) ;
#6580 = ORIENTED_EDGE ( 'NONE', *, *, #10975, .T. ) ;
#6581 = VERTEX_POINT ( 'NONE', #9829 ) ;
#6582 = VERTEX_POINT ( 'NONE', #8988 ) ;
#6583 = CARTESIAN_POINT ( 'NONE',  ( 60.63132072740481249, -240.0340084071331432, -36.72123349162187367 ) ) ;
#6584 = VERTEX_POINT ( 'NONE', #2114 ) ;
#6585 = FACE_OUTER_BOUND ( 'NONE', #695, .T. ) ;
#6586 = DIRECTION ( 'NONE',  ( 0.000000000000000000, 0.000000000000000000, -1.000000000000000000 ) ) ;
#6587 = DIRECTION ( 'NONE',  ( 0.000000000000000000, -1.000000000000000000, 0.000000000000000000 ) ) ;
#6588 = AXIS2_PLACEMENT_3D ( 'NONE', #7804, #5145, #4122 ) ;
#6589 = CARTESIAN_POINT ( 'NONE',  ( 50.78088215633499658, -315.3820313402289912, -33.11798626738899998 ) ) ;
#6590 = CARTESIAN_POINT ( 'NONE',  ( 57.02915801840396881, -285.6680495460770430, -43.11798626738900708 ) ) ;
#6591 = EDGE_CURVE ( 'NONE', #3050, #10732, #371, .T. ) ;
#6592 = CARTESIAN_POINT ( 'NONE',  ( 50.78088215633499658, -213.8820313402290196, -24.51798626738900211 ) ) ;
#6593 = VERTEX_POINT ( 'NONE', #7194 ) ;
#6594 = ORIENTED_EDGE ( 'NONE', *, *, #10389, .F. ) ;
#6595 = EDGE_LOOP ( 'NONE', ( #8629, #4916, #4111, #333 ) ) ;
#6596 = CONICAL_SURFACE ( 'NONE', #7694, 4.250000000000007105, 0.7853981633974427279 ) ;
#6597 = CARTESIAN_POINT ( 'NONE',  ( 18.78985686350886297, -241.2578830174846019, -35.17340314811328739 ) ) ;
#6598 = EDGE_CURVE ( 'NONE', #3655, #613, #5423, .T. ) ;
#6599 = CARTESIAN_POINT ( 'NONE',  ( 16.46074556718737369, -292.0528807193634293, -39.07462105666562735 ) ) ;
#6600 = LINE ( 'NONE', #2211, #1561 ) ;
#6601 = CARTESIAN_POINT ( 'NONE',  ( 53.83097091236393794, -234.8820313402289912, -24.56807502341793992 ) ) ;
#6602 = CARTESIAN_POINT ( 'NONE',  ( 32.13088215633499800, -266.3950313402290249, -23.81798626738900282 ) ) ;
#6603 = CARTESIAN_POINT ( 'NONE',  ( 47.78088215633500369, -257.3820313402290481, -34.71798626738900140 ) ) ;
#6604 = AXIS2_PLACEMENT_3D ( 'NONE', #7043, #4764, #1273 ) ;
#6605 = VERTEX_POINT ( 'NONE', #6343 ) ;
#6606 = ORIENTED_EDGE ( 'NONE', *, *, #5043, .T. ) ;
#6607 = EDGE_LOOP ( 'NONE', ( #5850, #1967 ) ) ;
#6608 = LINE ( 'NONE', #3966, #8446 ) ;
#6609 = CARTESIAN_POINT ( 'NONE',  ( 16.28088215633493974, -205.8820313402289912, -44.11798626738900708 ) ) ;
#6610 = ADVANCED_FACE ( 'NONE', ( #3697 ), #2063, .F. ) ;
#6611 = AXIS2_PLACEMENT_3D ( 'NONE', #5295, #5667, #8202 ) ;
#6612 = DIRECTION ( 'NONE',  ( 1.000000000000000000, 0.000000000000000000, 0.000000000000000000 ) ) ;
#6613 = CARTESIAN_POINT ( 'NONE',  ( 59.01735154260315142, -244.2482305363741091, -38.11798626738899998 ) ) ;
#6614 = LINE ( 'NONE', #2328, #6536 ) ;
#6615 = DIRECTION ( 'NONE',  ( 1.000000000000000000, 0.000000000000000000, 0.000000000000000000 ) ) ;
#6616 = DIRECTION ( 'NONE',  ( 1.000000000000000000, 0.000000000000000000, 0.000000000000000000 ) ) ;
#6617 = EDGE_CURVE ( 'NONE', #10112, #10803, #4708, .T. ) ;
#6618 = CARTESIAN_POINT ( 'NONE',  ( 61.04786975240504887, -232.9378353334766700, -39.14602558945460942 ) ) ;
#6619 = CARTESIAN_POINT ( 'NONE',  ( 29.87463215633500724, -285.8805661386763859, -34.71798626738900140 ) ) ;
#6620 = AXIS2_PLACEMENT_3D ( 'NONE', #5024, #10830, #4914 ) ;
#6621 = ORIENTED_EDGE ( 'NONE', *, *, #226, .T. ) ;
#6622 = EDGE_LOOP ( 'NONE', ( #2133, #483, #2994, #1336, #7297, #8294 ) ) ;
#6623 = FACE_BOUND ( 'NONE', #7104, .T. ) ;
#6624 = EDGE_CURVE ( 'NONE', #9586, #1349, #266, .T. ) ;
#6625 = CARTESIAN_POINT ( 'NONE',  ( 23.78088215633500369, -326.3820313402290481, 105.9245421747346825 ) ) ;
#6626 = CARTESIAN_POINT ( 'NONE',  ( 32.40588215633500369, -255.3545313402290162, -26.81798626738900282 ) ) ;
#6627 = EDGE_CURVE ( 'NONE', #2754, #8081, #8853, .T. ) ;
#6628 = EDGE_CURVE ( 'NONE', #6368, #8111, #568, .T. ) ;
#6629 = CARTESIAN_POINT ( 'NONE',  ( 23.90588215633500369, -218.8820313402289912, -23.81798626738900282 ) ) ;
#6630 = FACE_OUTER_BOUND ( 'NONE', #6252, .T. ) ;
#6631 = VECTOR ( 'NONE', #10464, 1000.000000000000000 ) ;
#6632 = CARTESIAN_POINT ( 'NONE',  ( 56.97385587156610143, -285.6861103105101733, -24.51798626738906606 ) ) ;
#6633 = EDGE_CURVE ( 'NONE', #9835, #3099, #9884, .T. ) ;
#6634 = CARTESIAN_POINT ( 'NONE',  ( 61.47237169059114592, -291.1047393388516298, -39.70445300810233391 ) ) ;
#6635 = ORIENTED_EDGE ( 'NONE', *, *, #8119, .T. ) ;
#6636 = ORIENTED_EDGE ( 'NONE', *, *, #8701, .F. ) ;
#6637 = ORIENTED_EDGE ( 'NONE', *, *, #3716, .F. ) ;
#6638 = VECTOR ( 'NONE', #3745, 1000.000000000000000 ) ;
#6639 = ORIENTED_EDGE ( 'NONE', *, *, #5664, .F. ) ;
#6640 = CIRCLE ( 'NONE', #1790, 3.250000000000002665 ) ;
#6641 = CARTESIAN_POINT ( 'NONE',  ( 61.67909101792277937, -237.5933671495305077, -39.95444081535661240 ) ) ;
#6642 = ORIENTED_EDGE ( 'NONE', *, *, #5637, .F. ) ;
#6643 = CARTESIAN_POINT ( 'NONE',  ( 38.84338215633500369, -316.8820313402290481, -26.81798626738900282 ) ) ;
#6644 = EDGE_CURVE ( 'NONE', #6040, #3339, #5606, .T. ) ;
#6645 = DIRECTION ( 'NONE',  ( 0.000000000000000000, 1.000000000000000000, 0.000000000000000000 ) ) ;
#6646 = CARTESIAN_POINT ( 'NONE',  ( 20.63277870805914915, -241.4431564492276721, -24.51798626738901632 ) ) ;
#6647 = AXIS2_PLACEMENT_3D ( 'NONE', #10811, #560, #2465 ) ;
#6648 = AXIS2_PLACEMENT_3D ( 'NONE', #6896, #23, #5256 ) ;
#6649 = FACE_BOUND ( 'NONE', #7999, .T. ) ;
#6650 = FACE_OUTER_BOUND ( 'NONE', #9717, .T. ) ;
#6651 = LINE ( 'NONE', #6592, #1058 ) ;
#6652 = ORIENTED_EDGE ( 'NONE', *, *, #2757, .F. ) ;
#6653 = VERTEX_POINT ( 'NONE', #3644 ) ;
#6654 = ORIENTED_EDGE ( 'NONE', *, *, #1262, .T. ) ;
#6655 = AXIS2_PLACEMENT_3D ( 'NONE', #5782, #5843, #715 ) ;
#6656 = CARTESIAN_POINT ( 'NONE',  ( 18.04654898460126233, -240.9254101436935116, -35.52977309727319977 ) ) ;
#6657 = CARTESIAN_POINT ( 'NONE',  ( 17.75493502562223114, -293.5199832378267502, -38.06580358938978748 ) ) ;
#6658 = CARTESIAN_POINT ( 'NONE',  ( 26.90588215633500369, -213.8820313402290196, -24.51798626738900211 ) ) ;
#6659 = DIRECTION ( 'NONE',  ( 1.000000000000000000, 2.478176394252580155E-16, 0.000000000000000000 ) ) ;
#6660 = CARTESIAN_POINT ( 'NONE',  ( 55.09093510485752887, -241.9463556334093823, -25.55631995122786293 ) ) ;
#6661 = LINE ( 'NONE', #10882, #5269 ) ;
#6662 = VECTOR ( 'NONE', #9435, 1000.000000000000000 ) ;
#6663 = EDGE_LOOP ( 'NONE', ( #9069, #4216 ) ) ;
#6664 = ORIENTED_EDGE ( 'NONE', *, *, #1604, .T. ) ;
#6665 = ORIENTED_EDGE ( 'NONE', *, *, #7456, .T. ) ;
#6666 = CARTESIAN_POINT ( 'NONE',  ( 59.89748806435795103, -296.2014997117921666, -38.32149395191135000 ) ) ;
#6667 = DIRECTION ( 'NONE',  ( 2.478176394252580155E-16, -1.000000000000000000, 0.000000000000000000 ) ) ;
#6668 = AXIS2_PLACEMENT_3D ( 'NONE', #2514, #890, #8667 ) ;
#6669 = EDGE_CURVE ( 'NONE', #8445, #6827, #9671, .T. ) ;
#6670 = FACE_OUTER_BOUND ( 'NONE', #898, .T. ) ;
#6671 = CARTESIAN_POINT ( 'NONE',  ( 18.60395191065244092, -285.9540430213330637, -35.25338537192018862 ) ) ;
#6672 = CARTESIAN_POINT ( 'NONE',  ( 32.40588215633500369, -241.6735313402290046, -26.81798626738900282 ) ) ;
#6673 = DIRECTION ( 'NONE',  ( -2.478176394252580155E-16, 1.000000000000000000, 0.000000000000000000 ) ) ;
#6674 = CARTESIAN_POINT ( 'NONE',  ( 38.84338215633500369, -318.3820313402290481, -35.11798626738899998 ) ) ;
#6675 = CARTESIAN_POINT ( 'NONE',  ( 21.88088215633499800, -289.9034704378889273, -23.81798626738900282 ) ) ;
#6676 = DIRECTION ( 'NONE',  ( 0.000000000000000000, 0.000000000000000000, -1.000000000000000000 ) ) ;
#6678 = EDGE_CURVE ( 'NONE', #1304, #603, #3260, .T. ) ;
#6677 = AXIS2_PLACEMENT_3D ( 'NONE', #4418, #138, #4368 ) ;
#6679 = EDGE_LOOP ( 'NONE', ( #5696, #9281, #2436, #390 ) ) ;
#6680 = ORIENTED_EDGE ( 'NONE', *, *, #2426, .T. ) ;
#6681 = AXIS2_PLACEMENT_3D ( 'NONE', #7030, #6023, #4439 ) ;
#6682 = CARTESIAN_POINT ( 'NONE',  ( 12.94122561636484825, -220.9327681779809893, -36.11798626738900708 ) ) ;
#6683 = DIRECTION ( 'NONE',  ( 2.478176394252580155E-16, -1.000000000000000000, 0.000000000000000000 ) ) ;
#6684 = LINE ( 'NONE', #2397, #4321 ) ;
#6685 = CARTESIAN_POINT ( 'NONE',  ( 20.90588215633500369, -244.4176336443679531, -38.11798626738899998 ) ) ;
#6686 = CARTESIAN_POINT ( 'NONE',  ( 26.90588215633500369, -213.8820313402290196, -33.11798626738899998 ) ) ;
#6687 = AXIS2_PLACEMENT_3D ( 'NONE', #8198, #8987, #427 ) ;
#6688 = DIRECTION ( 'NONE',  ( 0.000000000000000000, 0.000000000000000000, -1.000000000000000000 ) ) ;
#6689 = CARTESIAN_POINT ( 'NONE',  ( 56.24232725618252715, -285.6486912848395150, -24.70369589503689411 ) ) ;
#6690 = CARTESIAN_POINT ( 'NONE',  ( 60.44259250388956417, -292.8607537360404081, -36.47881096179018101 ) ) ;
#6691 = ADVANCED_FACE ( 'NONE', ( #2011 ), #5437, .T. ) ;
#6692 = B_SPLINE_CURVE_WITH_KNOTS ( 'NONE', 3,
 ( #8451, #10019, #6757, #10918, #9348, #1631, #9287, #9182, #10974, #4159, #5066, #796 ),
 .UNSPECIFIED., .F., .F.,
 ( 4, 2, 2, 2, 2, 4 ),
 ( 0.000000000000000000, 0.0003218999523015429092, 0.0006437999046030858184, 0.001287599809206181395, 0.001931399713809276754, 0.002575199618412372330 ),
 .UNSPECIFIED. ) ;
#6693 = EDGE_CURVE ( 'NONE', #3252, #957, #4882, .T. ) ;
#6694 = VERTEX_POINT ( 'NONE', #9097 ) ;
#6695 = EDGE_CURVE ( 'NONE', #4942, #5952, #1430, .T. ) ;
#6696 = AXIS2_PLACEMENT_3D ( 'NONE', #4551, #4655, #10679 ) ;
#6697 = ORIENTED_EDGE ( 'NONE', *, *, #2325, .F. ) ;
#6698 = EDGE_LOOP ( 'NONE', ( #1687, #6825, #819, #1510, #6752 ) ) ;
#6699 = AXIS2_PLACEMENT_3D ( 'NONE', #5413, #6374, #3039 ) ;
#6700 = EDGE_LOOP ( 'NONE', ( #5243, #1908, #1920, #5336 ) ) ;
#6701 = DIRECTION ( 'NONE',  ( 0.000000000000000000, 1.000000000000000000, 0.000000000000000000 ) ) ;
#6702 = EDGE_LOOP ( 'NONE', ( #2319, #6390, #5361, #451, #2032, #9963, #4021, #2967 ) ) ;
#6703 = LINE ( 'NONE', #2299, #7921 ) ;
#6704 = ADVANCED_FACE ( 'NONE', ( #8311 ), #9992, .T. ) ;
#6705 = FACE_OUTER_BOUND ( 'NONE', #1346, .T. ) ;
#6706 = VECTOR ( 'NONE', #2894, 1000.000000000000000 ) ;
#6707 = CARTESIAN_POINT ( 'NONE',  ( 53.78088215633500369, -244.4302408555732882, -33.11798626738899998 ) ) ;
#6708 = AXIS2_PLACEMENT_3D ( 'NONE', #7328, #8015, #291 ) ;
#6709 = DIRECTION ( 'NONE',  ( 0.000000000000000000, -1.000000000000000000, 0.000000000000000000 ) ) ;
#6710 = CARTESIAN_POINT ( 'NONE',  ( 23.78088215633500369, -334.3820313402290481, -43.61798626738902840 ) ) ;
#6711 = CYLINDRICAL_SURFACE ( 'NONE', #5568, 3.250000000000002665 ) ;
#6712 = ADVANCED_FACE ( 'NONE', ( #6670 ), #2360, .F. ) ;
#6713 = ORIENTED_EDGE ( 'NONE', *, *, #3370, .T. ) ;
#6714 = VERTEX_POINT ( 'NONE', #2384 ) ;
#6715 = ORIENTED_EDGE ( 'NONE', *, *, #8777, .F. ) ;
#6716 = VECTOR ( 'NONE', #9131, 1000.000000000000000 ) ;
#6717 = CIRCLE ( 'NONE', #1864, 1.300000000000006040 ) ;
#6718 = CARTESIAN_POINT ( 'NONE',  ( 16.20646496564642902, -238.9439584038463522, -39.47349634720940514 ) ) ;
#6719 = CARTESIAN_POINT ( 'NONE',  ( 16.68344794119525787, -287.4780912861781417, -37.21052044676696369 ) ) ;
#6720 = CARTESIAN_POINT ( 'NONE',  ( 20.90588215633500369, -244.4176336443679531, -43.11798626738900708 ) ) ;
#6721 = DIRECTION ( 'NONE',  ( 0.000000000000000000, 0.000000000000000000, 1.000000000000000000 ) ) ;
#6722 = CARTESIAN_POINT ( 'NONE',  ( 50.78088215633499658, -216.8820313402289912, -38.11798626738899998 ) ) ;
#6723 = AXIS2_PLACEMENT_3D ( 'NONE', #889, #4384, #8435 ) ;
#6724 = FACE_OUTER_BOUND ( 'NONE', #960, .T. ) ;
#6725 = VECTOR ( 'NONE', #9565, 1000.000000000000000 ) ;
#6726 = LINE ( 'NONE', #2375, #4613 ) ;
#6727 = ORIENTED_EDGE ( 'NONE', *, *, #9636, .F. ) ;
#6728 = ORIENTED_EDGE ( 'NONE', *, *, #904, .F. ) ;
#6729 = ORIENTED_EDGE ( 'NONE', *, *, #7390, .F. ) ;
#6730 = CARTESIAN_POINT ( 'NONE',  ( 53.48838215633499260, -236.8089238335701054, -24.22548626738899813 ) ) ;
#6731 = CIRCLE ( 'NONE', #3307, 3.000000000000002665 ) ;
#6732 = CARTESIAN_POINT ( 'NONE',  ( 17.26778928501024168, -234.0476565643720051, -36.24796231776228694 ) ) ;
#6733 = CARTESIAN_POINT ( 'NONE',  ( 29.65588215633500369, -252.2370313402290094, -26.81798626738900282 ) ) ;
#6734 = CARTESIAN_POINT ( 'NONE',  ( 59.15041428106682275, -241.1064029993912357, -35.32352662126436371 ) ) ;
#6735 = CARTESIAN_POINT ( 'NONE',  ( 16.10952896727596340, -292.5907740032186553, -39.74500275351923051 ) ) ;
#6736 = PLANE ( 'NONE',  #10753 ) ;
#6737 = DIRECTION ( 'NONE',  ( 1.000000000000000000, 0.000000000000000000, 0.000000000000000000 ) ) ;
#6738 = EDGE_CURVE ( 'NONE', #2279, #5462, #9746, .T. ) ;
#6739 = EDGE_LOOP ( 'NONE', ( #1133, #4125 ) ) ;
#6740 = ORIENTED_EDGE ( 'NONE', *, *, #302, .T. ) ;
#6741 = LINE ( 'NONE', #10169, #6829 ) ;
#6742 = CARTESIAN_POINT ( 'NONE',  ( 44.93088215633500226, -217.4520313402290128, -24.31798626738900282 ) ) ;
#6743 = CARTESIAN_POINT ( 'NONE',  ( 29.90588215633500369, -219.8820313402289912, -34.71798626738900140 ) ) ;
#6744 = CARTESIAN_POINT ( 'NONE',  ( 29.78088215633500369, -282.8820313402289912, -34.71798626738900140 ) ) ;
#6745 = DIRECTION ( 'NONE',  ( 0.000000000000000000, 0.000000000000000000, -1.000000000000000000 ) ) ;
#6746 = CARTESIAN_POINT ( 'NONE',  ( 29.90588215633500369, -218.8820313402289912, -38.11798626738899998 ) ) ;
#6747 = EDGE_CURVE ( 'NONE', #7732, #53, #10946, .T. ) ;
#6748 = DIRECTION ( 'NONE',  ( 0.5773502691896250649, 0.5773502691896260641, -0.5773502691896260641 ) ) ;
#6749 = DIRECTION ( 'NONE',  ( 1.000000000000000000, 0.000000000000000000, 0.000000000000000000 ) ) ;
#6750 = CARTESIAN_POINT ( 'NONE',  ( 29.78088215633500369, -281.5820313402290367, 220.0996348679430525 ) ) ;
#6751 = ORIENTED_EDGE ( 'NONE', *, *, #7601, .T. ) ;
#6752 = ORIENTED_EDGE ( 'NONE', *, *, #10460, .T. ) ;
#6753 = ORIENTED_EDGE ( 'NONE', *, *, #9522, .T. ) ;
#6754 = VERTEX_POINT ( 'NONE', #474 ) ;
#6755 = CARTESIAN_POINT ( 'NONE',  ( 59.67958574779829917, -240.8361256353565807, -35.63643659074976711 ) ) ;
#6756 = ORIENTED_EDGE ( 'NONE', *, *, #4903, .T. ) ;
#6757 = CARTESIAN_POINT ( 'NONE',  ( 20.84834103003339578, -241.4293921326305394, -24.52811008579287844 ) ) ;
#6758 = ADVANCED_FACE ( 'NONE', ( #531 ), #3172, .F. ) ;
#6759 = ADVANCED_FACE ( 'NONE', ( #8369 ), #10102, .T. ) ;
#6760 = SPHERICAL_SURFACE ( 'NONE', #56, 3.000000000000000000 ) ;
#6761 = EDGE_CURVE ( 'NONE', #9342, #10766, #5831, .T. ) ;
#6762 = CARTESIAN_POINT ( 'NONE',  ( 29.78088215633500369, -282.8820313402289912, -34.71798626738900140 ) ) ;
#6763 = DIRECTION ( 'NONE',  ( 0.000000000000000000, 0.000000000000000000, -1.000000000000000000 ) ) ;
#6764 = CARTESIAN_POINT ( 'NONE',  ( 23.90588215633500369, -244.4306996717668596, -24.51798626738900211 ) ) ;
#6765 = CARTESIAN_POINT ( 'NONE',  ( 23.90588215633500369, -297.1171293569119030, -35.11798626738899998 ) ) ;
#6766 = EDGE_CURVE ( 'NONE', #5174, #7497, #6874, .T. ) ;
#6767 = VERTEX_POINT ( 'NONE', #10161 ) ;
#6768 = ORIENTED_EDGE ( 'NONE', *, *, #5115, .T. ) ;
#6769 = VERTEX_POINT ( 'NONE', #6563 ) ;
#6770 = EDGE_CURVE ( 'NONE', #7066, #515, #1832, .T. ) ;
#6771 = CARTESIAN_POINT ( 'NONE',  ( 16.05702567578746098, -238.5245953827780454, -39.77610258279320732 ) ) ;
#6772 = EDGE_CURVE ( 'NONE', #7095, #9068, #4130, .T. ) ;
#6773 = DIRECTION ( 'NONE',  ( 1.000000000000000000, 2.478176394252580155E-16, 0.000000000000000000 ) ) ;
#6774 = EDGE_CURVE ( 'NONE', #5982, #7229, #3287, .T. ) ;
#6775 = CONICAL_SURFACE ( 'NONE', #836, 3.549999999999990496, 0.7853981633974551624 ) ;
#6776 = CARTESIAN_POINT ( 'NONE',  ( 15.93594776287089054, -288.3746616477527027, -40.16392888590603150 ) ) ;
#6777 = DIRECTION ( 'NONE',  ( 1.000000000000000000, 0.000000000000000000, 0.000000000000000000 ) ) ;
#6778 = FACE_OUTER_BOUND ( 'NONE', #5045, .T. ) ;
#6779 = DIRECTION ( 'NONE',  ( 0.000000000000000000, 0.000000000000000000, 1.000000000000000000 ) ) ;
#6780 = CARTESIAN_POINT ( 'NONE',  ( 58.22846836323154918, -233.0334767943454040, -35.11798626738899998 ) ) ;
#6781 = DIRECTION ( 'NONE',  ( 0.000000000000000000, 1.000000000000000000, 0.000000000000000000 ) ) ;
#6782 = EDGE_LOOP ( 'NONE', ( #1780, #8754, #857, #5966, #6988 ) ) ;
#6783 = ORIENTED_EDGE ( 'NONE', *, *, #4499, .T. ) ;
#6784 = AXIS2_PLACEMENT_3D ( 'NONE', #5770, #761, #6790 ) ;
#6785 = ORIENTED_EDGE ( 'NONE', *, *, #10533, .T. ) ;
#6786 = LINE ( 'NONE', #10213, #9343 ) ;
#6787 = CARTESIAN_POINT ( 'NONE',  ( 18.70204317612681066, -233.1996316792132120, -35.20947087846261780 ) ) ;
#6788 = EDGE_CURVE ( 'NONE', #555, #5030, #10892, .T. ) ;
#6789 = DIRECTION ( 'NONE',  ( 1.000000000000000000, 2.478176394252580155E-16, 0.000000000000000000 ) ) ;
#6790 = DIRECTION ( 'NONE',  ( -1.000000000000000000, 0.000000000000000000, 0.000000000000000000 ) ) ;
#6791 = DIRECTION ( 'NONE',  ( 1.000000000000000000, 0.000000000000000000, 0.000000000000000000 ) ) ;
#6792 = VECTOR ( 'NONE', #5532, 1000.000000000000000 ) ;
#6793 = DIRECTION ( 'NONE',  ( 0.000000000000000000, -1.000000000000000000, 0.000000000000000000 ) ) ;
#6794 = DIRECTION ( 'NONE',  ( -0.000000000000000000, -0.000000000000000000, 1.000000000000000000 ) ) ;
#6795 = ORIENTED_EDGE ( 'NONE', *, *, #3945, .T. ) ;
#6796 = EDGE_LOOP ( 'NONE', ( #10241, #9233, #1484, #283 ) ) ;
#6797 = DIRECTION ( 'NONE',  ( -0.000000000000000000, -1.000000000000000000, -0.000000000000000000 ) ) ;
#6798 = AXIS2_PLACEMENT_3D ( 'NONE', #4339, #5068, #800 ) ;
#6799 = LINE ( 'NONE', #6742, #1917 ) ;
#6800 = CARTESIAN_POINT ( 'NONE',  ( 20.82246118266698787, -294.1164100902906284, -24.52821903758827560 ) ) ;
#6801 = DIRECTION ( 'NONE',  ( 0.9949874371066191880, 0.1000000000000074302, 0.000000000000000000 ) ) ;
#6802 = DIRECTION ( 'NONE',  ( 0.5773502691896257311, -0.5773502691896257311, -0.5773502691896257311 ) ) ;
#6803 = CARTESIAN_POINT ( 'NONE',  ( 23.48667230694942276, -234.0236166401283811, -24.80771230903988922 ) ) ;
#6804 = CARTESIAN_POINT ( 'NONE',  ( 30.70588215633500440, -317.8820313402290481, -24.72509304857560153 ) ) ;
#6805 = LINE ( 'NONE', #9566, #7586 ) ;
#6806 = CIRCLE ( 'NONE', #10033, 0.7499999999999729106 ) ;
#6807 = CARTESIAN_POINT ( 'NONE',  ( 57.51088215633501477, -289.9034704378889273, -23.81798626738900282 ) ) ;
#6808 = VERTEX_POINT ( 'NONE', #6733 ) ;
#6809 = VERTEX_POINT ( 'NONE', #2226 ) ;
#6810 = ORIENTED_EDGE ( 'NONE', *, *, #11095, .T. ) ;
#6811 = VERTEX_POINT ( 'NONE', #5885 ) ;
#6812 = DIRECTION ( 'NONE',  ( -0.000000000000000000, -0.000000000000000000, 1.000000000000000000 ) ) ;
#6813 = ORIENTED_EDGE ( 'NONE', *, *, #8556, .T. ) ;
#6814 = CARTESIAN_POINT ( 'NONE',  ( 50.78088215633499658, -216.8820313402289912, -33.11798626738899998 ) ) ;
#6815 = VECTOR ( 'NONE', #618, 1000.000000000000000 ) ;
#6816 = VECTOR ( 'NONE', #8120, 1000.000000000000000 ) ;
#6817 = DIRECTION ( 'NONE',  ( -0.000000000000000000, -0.000000000000000000, 1.000000000000000000 ) ) ;
#6818 = SPHERICAL_SURFACE ( 'NONE', #6798, 3.000000000000000000 ) ;
#6819 = CARTESIAN_POINT ( 'NONE',  ( 58.51741590830101103, -285.7585526388398875, -37.94409683034723457 ) ) ;
#6820 = CARTESIAN_POINT ( 'NONE',  ( 44.93088215633500226, -258.4950313402289908, -23.81798626738900282 ) ) ;
#6821 = AXIS2_PLACEMENT_3D ( 'NONE', #844, #7037, #11138 ) ;
#6822 = CARTESIAN_POINT ( 'NONE',  ( 38.78088215633501079, -301.4000313402290203, -26.81798626738900282 ) ) ;
#6823 = AXIS2_PLACEMENT_3D ( 'NONE', #8290, #9186, #508 ) ;
#6824 = ORIENTED_EDGE ( 'NONE', *, *, #5183, .F. ) ;
#6825 = ORIENTED_EDGE ( 'NONE', *, *, #9380, .T. ) ;
#6826 = ADVANCED_FACE ( 'NONE', ( #9318 ), #1600, .F. ) ;
#6827 = VERTEX_POINT ( 'NONE', #8478 ) ;
#6828 = CARTESIAN_POINT ( 'NONE',  ( 16.82918919560464488, -242.2403024406262944, -38.83163902840243509 ) ) ;
#6829 = VECTOR ( 'NONE', #9387, 1000.000000000000000 ) ;
#6830 = DIRECTION ( 'NONE',  ( 1.000000000000000000, 0.000000000000000000, 0.000000000000000000 ) ) ;
#6831 = AXIS2_PLACEMENT_3D ( 'NONE', #3451, #10327, #9600 ) ;
#6832 = CARTESIAN_POINT ( 'NONE',  ( 15.93304815972128274, -289.7520734963905511, -39.76840157960189970 ) ) ;
#6833 = LINE ( 'NONE', #10259, #8943 ) ;
#6834 = CARTESIAN_POINT ( 'NONE',  ( 58.78088215633500369, -326.3820313402290481, -41.11798626738899998 ) ) ;
#6835 = DIRECTION ( 'NONE',  ( 0.000000000000000000, 0.000000000000000000, 1.000000000000000000 ) ) ;
#6836 = DIRECTION ( 'NONE',  ( -0.7071067811865480168, -1.752335333352431355E-16, 0.7071067811865470176 ) ) ;
#6837 = EDGE_CURVE ( 'NONE', #299, #8305, #6058, .T. ) ;
#6838 = CARTESIAN_POINT ( 'NONE',  ( 20.90588215633500369, -220.8820313402289912, -23.81798626738900282 ) ) ;
#6839 = EDGE_LOOP ( 'NONE', ( #3881, #3115, #556, #366 ) ) ;
#6841 = EDGE_CURVE ( 'NONE', #7940, #4556, #7691, .T. ) ;
#6840 = VECTOR ( 'NONE', #7209, 1000.000000000000000 ) ;
#6844 = EDGE_CURVE ( 'NONE', #335, #9025, #2670, .T. ) ;
#6843 = EDGE_LOOP ( 'NONE', ( #10386, #7644, #3988, #389 ) ) ;
#6842 = AXIS2_PLACEMENT_3D ( 'NONE', #3436, #4226, #4342 ) ;
#6845 = ORIENTED_EDGE ( 'NONE', *, *, #2488, .F. ) ;
#6846 = DIRECTION ( 'NONE',  ( -1.000000000000000000, 0.000000000000000000, 0.000000000000000000 ) ) ;
#6847 = CARTESIAN_POINT ( 'NONE',  ( 17.25669912617006219, -240.3577388415300220, -36.27137549276781670 ) ) ;
#6848 = DIRECTION ( 'NONE',  ( 2.478176394252580155E-16, -1.000000000000000000, 0.000000000000000000 ) ) ;
#6849 = CARTESIAN_POINT ( 'NONE',  ( 16.04411082793047783, -290.9043266227714071, -39.10373789223177710 ) ) ;
#6850 = AXIS2_PLACEMENT_3D ( 'NONE', #8846, #3658, #2864 ) ;
#6851 = CARTESIAN_POINT ( 'NONE',  ( 16.66251829804026485, -285.3260771438189636, -38.98603724868128495 ) ) ;
#6852 = FACE_OUTER_BOUND ( 'NONE', #1035, .T. ) ;
#6853 = PLANE ( 'NONE',  #10288 ) ;
#6854 = CONTEXT_DEPENDENT_SHAPE_REPRESENTATION ( #6550, #1793 ) ;
#6855 = EDGE_CURVE ( 'NONE', #10631, #2756, #2730, .T. ) ;
#6856 = ORIENTED_EDGE ( 'NONE', *, *, #2283, .F. ) ;
#6857 = AXIS2_PLACEMENT_3D ( 'NONE', #6609, #8418, #472 ) ;
#6858 = VERTEX_POINT ( 'NONE', #3461 ) ;
#6859 = CARTESIAN_POINT ( 'NONE',  ( 53.78088215633500369, -266.1320313402289912, -23.81798626738900282 ) ) ;
#6860 = DIRECTION ( 'NONE',  ( -0.1841379310344862519, 0.9829004132435488206, 0.000000000000000000 ) ) ;
#6861 = DIRECTION ( 'NONE',  ( -0.000000000000000000, -0.7071067811865475727, -0.7071067811865475727 ) ) ;
#6862 = LINE ( 'NONE', #9391, #2214 ) ;
#6863 = DIRECTION ( 'NONE',  ( 0.09172413793103174895, -0.9957844558541819602, 0.000000000000000000 ) ) ;
#6864 = DIRECTION ( 'NONE',  ( -0.5773502691896260641, 0.5773502691896250649, -0.5773502691896260641 ) ) ;
#6865 = DIRECTION ( 'NONE',  ( 1.000000000000000000, 0.000000000000000000, 0.000000000000000000 ) ) ;
#6866 = DIRECTION ( 'NONE',  ( 0.000000000000000000, 0.000000000000000000, -1.000000000000000000 ) ) ;
#6867 = CARTESIAN_POINT ( 'NONE',  ( 47.35588215633499942, -318.3820313402290481, -24.51798626738900211 ) ) ;
#6868 = ORIENTED_EDGE ( 'NONE', *, *, #10080, .T. ) ;
#6869 = ORIENTED_EDGE ( 'NONE', *, *, #6926, .F. ) ;
#6870 = ORIENTED_EDGE ( 'NONE', *, *, #10198, .T. ) ;
#6871 = ORIENTED_EDGE ( 'NONE', *, *, #1735, .T. ) ;
#6872 = CARTESIAN_POINT ( 'NONE',  ( 29.65588215633500369, -266.0070313402289912, -23.81798626738900282 ) ) ;
#6873 = ORIENTED_EDGE ( 'NONE', *, *, #2006, .F. ) ;
#6874 = CIRCLE ( 'NONE', #6153, 1.500000000000001332 ) ;
#6875 = CARTESIAN_POINT ( 'NONE',  ( 53.78088215633500369, -282.6903157882228470, -24.51798626738900211 ) ) ;
#6876 = CARTESIAN_POINT ( 'NONE',  ( 60.63275625758274145, -234.3892395321341553, -36.72355103800502718 ) ) ;
#6877 = CARTESIAN_POINT ( 'NONE',  ( 59.36866503133352069, -286.0241078059657411, -37.92870566754303496 ) ) ;
#6878 = CIRCLE ( 'NONE', #4537, 3.000000000000002665 ) ;
#6879 = CARTESIAN_POINT ( 'NONE',  ( 32.63088215633499800, -217.4520313402290128, -24.31798626738900282 ) ) ;
#6880 = AXIS2_PLACEMENT_3D ( 'NONE', #3969, #9151, #6562 ) ;
#6881 = CARTESIAN_POINT ( 'NONE',  ( 53.78088215633500369, -334.3820313402290481, 105.9245421747346825 ) ) ;
#6882 = ORIENTED_EDGE ( 'NONE', *, *, #6428, .T. ) ;
#6883 = ORIENTED_EDGE ( 'NONE', *, *, #3960, .F. ) ;
#6884 = VERTEX_POINT ( 'NONE', #1834 ) ;
#6885 = EDGE_CURVE ( 'NONE', #6216, #3062, #1716, .T. ) ;
#6886 = ORIENTED_EDGE ( 'NONE', *, *, #10502, .F. ) ;
#6887 = AXIS2_PLACEMENT_3D ( 'NONE', #9034, #9143, #6554 ) ;
#6888 = CARTESIAN_POINT ( 'NONE',  ( 15.99617570427674274, -239.4304590979481588, -39.99926693137758349 ) ) ;
#6889 = CARTESIAN_POINT ( 'NONE',  ( 23.78088215633500369, -205.8820313402289912, -44.11798626738900708 ) ) ;
#6890 = CARTESIAN_POINT ( 'NONE',  ( 16.39186275015996941, -286.0904122832156418, -39.29617942582297019 ) ) ;
#6891 = CARTESIAN_POINT ( 'NONE',  ( 50.78088215633499658, -213.8820313402290196, -38.11798626738899998 ) ) ;
#6892 = ADVANCED_FACE ( 'NONE', ( #935 ), #5152, .T. ) ;
#6893 = LINE ( 'NONE', #11102, #82 ) ;
#6894 = CARTESIAN_POINT ( 'NONE',  ( 53.78088215633500369, -266.1320313402289912, -24.51798626738900211 ) ) ;
#6895 = CARTESIAN_POINT ( 'NONE',  ( 20.18088215633500226, -289.9034704378889273, -35.11798626738899998 ) ) ;
#6896 = CARTESIAN_POINT ( 'NONE',  ( 29.78088215633500369, -282.8820313402289912, -34.71798626738900140 ) ) ;
#6897 = AXIS2_PLACEMENT_3D ( 'NONE', #802, #10083, #9583 ) ;
#6898 = DIRECTION ( 'NONE',  ( 1.000000000000000000, 0.000000000000000000, 0.000000000000000000 ) ) ;
#6899 = ORIENTED_EDGE ( 'NONE', *, *, #4648, .F. ) ;
#6900 = AXIS2_PLACEMENT_3D ( 'NONE', #1731, #7652, #4149 ) ;
#6901 = VERTEX_POINT ( 'NONE', #9376 ) ;
#6902 = ORIENTED_EDGE ( 'NONE', *, *, #1199, .F. ) ;
#6903 = DIRECTION ( 'NONE',  ( 0.000000000000000000, 0.000000000000000000, -1.000000000000000000 ) ) ;
#6904 = CARTESIAN_POINT ( 'NONE',  ( 18.54312275526859111, -241.1621003083675703, -35.26602364603132145 ) ) ;
#6905 = AXIS2_PLACEMENT_3D ( 'NONE', #11006, #5775, #9053 ) ;
#6906 = DIRECTION ( 'NONE',  ( 0.000000000000000000, 1.000000000000000000, 0.000000000000000000 ) ) ;
#6907 = CARTESIAN_POINT ( 'NONE',  ( 16.05734142620475424, -288.8506587422535290, -39.04106447594051588 ) ) ;
#6908 = AXIS2_PLACEMENT_3D ( 'NONE', #6509, #9099, #4814 ) ;
#6909 = EDGE_CURVE ( 'NONE', #9328, #6368, #5034, .T. ) ;
#6910 = CARTESIAN_POINT ( 'NONE',  ( 18.78088215633500013, -297.0170138587165525, -38.11798626738899998 ) ) ;
#6911 = ADVANCED_FACE ( 'NONE', ( #8591 ), #5210, .T. ) ;
#6912 = LINE ( 'NONE', #10339, #10581 ) ;
#6913 = DIRECTION ( 'NONE',  ( 1.000000000000000000, 0.000000000000000000, 0.000000000000000000 ) ) ;
#6914 = APPLICATION_PROTOCOL_DEFINITION ( 'draft international standard', 'automotive_design', 1998, #8866 ) ;
#6915 = EDGE_CURVE ( 'NONE', #8785, #6368, #3447, .T. ) ;
#6916 = ORIENTED_EDGE ( 'NONE', *, *, #2488, .T. ) ;
#6917 = VECTOR ( 'NONE', #8165, 1000.000000000000114 ) ;
#6918 = VERTEX_POINT ( 'NONE', #90 ) ;
#6919 = DIRECTION ( 'NONE',  ( 0.000000000000000000, 0.000000000000000000, -1.000000000000000000 ) ) ;
#6920 = DIRECTION ( 'NONE',  ( -0.000000000000000000, -0.7071067811865475727, -0.7071067811865475727 ) ) ;
#6921 = DIRECTION ( 'NONE',  ( 0.000000000000000000, 1.000000000000000000, 0.000000000000000000 ) ) ;
#6922 = CARTESIAN_POINT ( 'NONE',  ( 26.90588215633500369, -318.3820313402290481, -38.11798626738899998 ) ) ;
#6923 = DIRECTION ( 'NONE',  ( 0.000000000000000000, 0.000000000000000000, 1.000000000000000000 ) ) ;
#6924 = CARTESIAN_POINT ( 'NONE',  ( 42.88088215633500511, -263.8450313402290135, -26.36798626738900353 ) ) ;
#6925 = CARTESIAN_POINT ( 'NONE',  ( 57.44588215633498862, -237.2108035506304873, -23.81798626738900282 ) ) ;
#6926 = EDGE_CURVE ( 'NONE', #7774, #7431, #4701, .T. ) ;
#6927 = CARTESIAN_POINT ( 'NONE',  ( 38.84338215633500369, -317.6820313402290026, -23.81798626738900282 ) ) ;
#6928 = DIRECTION ( 'NONE',  ( 0.000000000000000000, 0.000000000000000000, 1.000000000000000000 ) ) ;
#6929 = VERTEX_POINT ( 'NONE', #3520 ) ;
#6930 = EDGE_LOOP ( 'NONE', ( #2993, #11054, #9146, #1359, #9386 ) ) ;
#6931 = EDGE_LOOP ( 'NONE', ( #3784, #6606, #10614, #2086 ) ) ;
#6932 = ORIENTED_EDGE ( 'NONE', *, *, #1008, .F. ) ;
#6933 = DIRECTION ( 'NONE',  ( 1.000000000000000000, 0.000000000000000000, 0.000000000000000000 ) ) ;
#6934 = ORIENTED_EDGE ( 'NONE', *, *, #497, .F. ) ;
#6935 = DIRECTION ( 'NONE',  ( 0.000000000000000000, -1.000000000000000000, 0.000000000000000000 ) ) ;
#6936 = FACE_OUTER_BOUND ( 'NONE', #3611, .T. ) ;
#6937 = CARTESIAN_POINT ( 'NONE',  ( 61.13547969813323135, -235.0915903350958445, -37.72672083990632785 ) ) ;
#6938 = CARTESIAN_POINT ( 'NONE',  ( 60.09307984267756098, -286.6224898164054480, -36.04570012872270723 ) ) ;
#6939 = CARTESIAN_POINT ( 'NONE',  ( 20.90281462866240147, -232.9937519490112834, -24.53399898162694726 ) ) ;
#6940 = DIRECTION ( 'NONE',  ( 0.000000000000000000, 0.000000000000000000, 1.000000000000000000 ) ) ;
#6941 = ORIENTED_EDGE ( 'NONE', *, *, #851, .F. ) ;
#6942 = ORIENTED_EDGE ( 'NONE', *, *, #6628, .T. ) ;
#6943 = EDGE_LOOP ( 'NONE', ( #10938, #1990, #1021, #7487, #5244, #5419 ) ) ;
#6944 = VERTEX_POINT ( 'NONE', #9549 ) ;
#6945 = CARTESIAN_POINT ( 'NONE',  ( 15.92113996646658336, -236.4833306097416425, -40.15158154493759213 ) ) ;
#6946 = CARTESIAN_POINT ( 'NONE',  ( 21.63518601420562604, -285.6056880299581735, -24.80282305181234292 ) ) ;
#6947 = CARTESIAN_POINT ( 'NONE',  ( 16.05052584107329849, -288.8958257433000085, -39.08246545150893070 ) ) ;
#6948 = DIRECTION ( 'NONE',  ( 0.000000000000000000, 1.000000000000000000, 0.000000000000000000 ) ) ;
#6949 = DIRECTION ( 'NONE',  ( 0.000000000000000000, 0.000000000000000000, -1.000000000000000000 ) ) ;
#6950 = DIRECTION ( 'NONE',  ( 1.000000000000000000, 0.000000000000000000, 0.000000000000000000 ) ) ;
#6951 = FACE_OUTER_BOUND ( 'NONE', #840, .T. ) ;
#6952 = DIRECTION ( 'NONE',  ( 0.000000000000000000, 0.000000000000000000, -1.000000000000000000 ) ) ;
#6953 = CARTESIAN_POINT ( 'NONE',  ( 44.78088215633500369, -219.6320313402290196, 220.0996348679430525 ) ) ;
#6954 = EDGE_LOOP ( 'NONE', ( #7730, #7658, #8651, #6886 ) ) ;
#6955 = ORIENTED_EDGE ( 'NONE', *, *, #1819, .T. ) ;
#6956 = ADVANCED_FACE ( 'NONE', ( #9611 ), #11114, .F. ) ;
#6957 = CIRCLE ( 'NONE', #1549, 4.250000000000003553 ) ;
#6958 = CARTESIAN_POINT ( 'NONE',  ( 16.54383241431433405, -234.8979687712925113, -37.44854820700435738 ) ) ;
#6959 = CARTESIAN_POINT ( 'NONE',  ( 38.84338215633500369, -257.9950313402289908, -23.81798626738900282 ) ) ;
#6960 = CARTESIAN_POINT ( 'NONE',  ( 19.36019250116254042, -294.0734786500982523, -35.11798626738899998 ) ) ;
#6961 = CARTESIAN_POINT ( 'NONE',  ( 58.78088215633508895, -282.7899270170613022, -35.11798626738899998 ) ) ;
#6962 = CARTESIAN_POINT ( 'NONE',  ( 18.78088215633500013, -266.1320313402289912, -38.11798626738899998 ) ) ;
#6963 = LINE ( 'NONE', #10221, #7600 ) ;
#6964 = VECTOR ( 'NONE', #3188, 1000.000000000000000 ) ;
#6965 = APPLICATION_PROTOCOL_DEFINITION ( 'draft international standard', 'automotive_design', 1998, #9436 ) ;
#6966 = ORIENTED_EDGE ( 'NONE', *, *, #8635, .T. ) ;
#6967 = ADVANCED_FACE ( 'NONE', ( #3403, #8710 ), #991, .T. ) ;
#6968 = ORIENTED_EDGE ( 'NONE', *, *, #9102, .F. ) ;
#6969 = CARTESIAN_POINT ( 'NONE',  ( 29.65588215633500369, -279.7770313402290299, -26.81798626738900282 ) ) ;
#6970 = CARTESIAN_POINT ( 'NONE',  ( 29.78088215633500369, -291.7770313402290299, -26.81798626738900282 ) ) ;
#6971 = CARTESIAN_POINT ( 'NONE',  ( 26.90588215633500369, -318.3820313402290481, -35.11798626738899998 ) ) ;
#6972 = TOROIDAL_SURFACE ( 'NONE', #1748, 6.000000000000000000, 3.000000000000000000 ) ;
#6973 = PLANE ( 'NONE',  #3819 ) ;
#6974 = CARTESIAN_POINT ( 'NONE',  ( 20.90588215633500369, -297.1171293569119030, -38.11798626738899998 ) ) ;
#6975 = CARTESIAN_POINT ( 'NONE',  ( 53.52088215633504120, -289.9034704378889273, -24.25798626738903607 ) ) ;
#6976 = CARTESIAN_POINT ( 'NONE',  ( 30.70588215633500440, -301.4000313402290203, -24.31798626738900282 ) ) ;
#6977 = ADVANCED_FACE ( 'NONE', ( #1772 ), #10217, .F. ) ;
#6978 = DIRECTION ( 'NONE',  ( 0.000000000000000000, -1.000000000000000000, 0.000000000000000000 ) ) ;
#6979 = CARTESIAN_POINT ( 'NONE',  ( 22.71258879559085742, -285.0847668670236885, -25.71127962813314838 ) ) ;
#6980 = VECTOR ( 'NONE', #10492, 1000.000000000000000 ) ;
#6981 = ADVANCED_FACE ( 'NONE', ( #11057 ), #5943, .T. ) ;
#6982 = VERTEX_POINT ( 'NONE', #10273 ) ;
#6983 = ORIENTED_EDGE ( 'NONE', *, *, #495, .T. ) ;
#6984 = EDGE_CURVE ( 'NONE', #3099, #5089, #9437, .T. ) ;
#6985 = ORIENTED_EDGE ( 'NONE', *, *, #2346, .F. ) ;
#6986 = EDGE_CURVE ( 'NONE', #9954, #999, #10553, .T. ) ;
#6987 = LINE ( 'NONE', #903, #5550 ) ;
#6988 = ORIENTED_EDGE ( 'NONE', *, *, #136, .F. ) ;
#6989 = DIRECTION ( 'NONE',  ( 0.000000000000000000, 0.000000000000000000, -1.000000000000000000 ) ) ;
#6990 = LINE ( 'NONE', #848, #2924 ) ;
#6991 = EDGE_CURVE ( 'NONE', #4985, #3050, #2946, .T. ) ;
#6992 = AXIS2_PLACEMENT_3D ( 'NONE', #3178, #5717, #6615 ) ;
#6993 = DIRECTION ( 'NONE',  ( -0.6785983445458477759, -0.6785983445458477759, 0.2810846377148168984 ) ) ;
#6994 = CYLINDRICAL_SURFACE ( 'NONE', #2866, 1.500000000000001332 ) ;
#6995 = CARTESIAN_POINT ( 'NONE',  ( 29.65588215633500369, -263.0070313402289912, -26.81798626738900282 ) ) ;
#6996 = EDGE_LOOP ( 'NONE', ( #10940, #1360, #287, #8374 ) ) ;
#6997 = ORIENTED_EDGE ( 'NONE', *, *, #8881, .T. ) ;
#6998 = VERTEX_POINT ( 'NONE', #7915 ) ;
#6999 = ORIENTED_EDGE ( 'NONE', *, *, #3730, .T. ) ;
#7001 = EDGE_CURVE ( 'NONE', #9976, #5147, #2836, .T. ) ;
#7000 = VECTOR ( 'NONE', #9366, 1000.000000000000000 ) ;
#7002 = CARTESIAN_POINT ( 'NONE',  ( 16.48517835482942218, -234.9903072941594075, -37.58149004381395741 ) ) ;
#7003 = DIRECTION ( 'NONE',  ( 0.000000000000000000, -1.000000000000000000, 0.000000000000000000 ) ) ;
#7004 = DIRECTION ( 'NONE',  ( -0.000000000000000000, -0.000000000000000000, -1.000000000000000000 ) ) ;
#7005 = CIRCLE ( 'NONE', #8804, 1.300000000000006040 ) ;
#7006 = CARTESIAN_POINT ( 'NONE',  ( 23.90588215633500369, -297.1171293569119030, -33.11798626738899998 ) ) ;
#7007 = CARTESIAN_POINT ( 'NONE',  ( 54.96361404422233221, -242.0432895345994666, -25.70071815527633774 ) ) ;
#7008 = CARTESIAN_POINT ( 'NONE',  ( 23.90566762210126939, -220.9327681779809893, -24.51777176383416901 ) ) ;
#7009 = LINE ( 'NONE', #928, #8814 ) ;
#7010 = EDGE_LOOP ( 'NONE', ( #9269, #9401, #6338, #11043, #4794, #5569, #10573, #5627, #757, #2394, #9815, #7609, #1740, #1611, #4158, #3312, #391, #7619, #7731, #729, #8999, #5484, #8321, #3883, #6052, #7568, #10026, #4862, #2995, #405, #8278, #3165, #1630, #4155, #4510, #514, #10211, #2072, #2926, #10858, #10028, #9073, #3768, #10792, #9975, #8262, #5738, #5373, #10483, #8057, #1751, #9496, #2724, #8869, #11121, #7602, #3596, #168, #7983 ) ) ;
#7011 = ORIENTED_EDGE ( 'NONE', *, *, #6079, .F. ) ;
#7012 = ORIENTED_EDGE ( 'NONE', *, *, #9589, .T. ) ;
#7013 = DIRECTION ( 'NONE',  ( -1.000000000000000000, -2.915501640297150339E-16, 0.000000000000000000 ) ) ;
#7014 = DIRECTION ( 'NONE',  ( -1.000000000000000000, 0.000000000000000000, 0.000000000000000000 ) ) ;
#7015 = CARTESIAN_POINT ( 'NONE',  ( 15.93202393895717250, -289.7758040509378361, -39.77622206823190965 ) ) ;
#7016 = CARTESIAN_POINT ( 'NONE',  ( 57.05605457012809723, -241.4428874880107685, -35.11798626738899998 ) ) ;
#7017 = CARTESIAN_POINT ( 'NONE',  ( 23.49588215633502131, -237.2108035506304873, -23.81798626738900282 ) ) ;
#7018 = DIRECTION ( 'NONE',  ( 1.000000000000000000, 0.000000000000000000, 0.000000000000000000 ) ) ;
#7019 = CIRCLE ( 'NONE', #3052, 6.000000000000001776 ) ;
#7020 = VECTOR ( 'NONE', #3950, 1000.000000000000000 ) ;
#7021 = ADVANCED_FACE ( 'NONE', ( #3686 ), #2025, .F. ) ;
#7022 = EDGE_LOOP ( 'NONE', ( #4606, #9803, #3379, #5012 ) ) ;
#7023 = LINE ( 'NONE', #2738, #2312 ) ;
#7024 = DIRECTION ( 'NONE',  ( 0.000000000000000000, 0.000000000000000000, 1.000000000000000000 ) ) ;
#7025 = PLANE ( 'NONE',  #1439 ) ;
#7026 = CARTESIAN_POINT ( 'NONE',  ( 27.03088215633500724, -205.8820313402289912, -44.11798626738900708 ) ) ;
#7027 = FACE_OUTER_BOUND ( 'NONE', #2929, .T. ) ;
#7028 = CARTESIAN_POINT ( 'NONE',  ( 58.77190744916113374, -233.1637240837763443, -35.17340314811328739 ) ) ;
#7029 = DIRECTION ( 'NONE',  ( 1.000000000000000000, 0.000000000000000000, 0.000000000000000000 ) ) ;
#7030 = CARTESIAN_POINT ( 'NONE',  ( 18.78088215633501434, -282.7899270170613022, -35.11798626738899287 ) ) ;
#7031 = ADVANCED_FACE ( 'NONE', ( #10660 ), #1039, .F. ) ;
#7032 = DIRECTION ( 'NONE',  ( -1.000000000000000000, 0.000000000000000000, 0.000000000000000000 ) ) ;
#7033 = CIRCLE ( 'NONE', #5046, 1.000000000000000888 ) ;
#7034 = ORIENTED_EDGE ( 'NONE', *, *, #8704, .F. ) ;
#7035 = EDGE_LOOP ( 'NONE', ( #6870, #4427, #972, #7540 ) ) ;
#7036 = ORIENTED_EDGE ( 'NONE', *, *, #7953, .F. ) ;
#7037 = DIRECTION ( 'NONE',  ( 0.000000000000000000, 0.000000000000000000, 1.000000000000000000 ) ) ;
#7038 = ORIENTED_EDGE ( 'NONE', *, *, #10205, .T. ) ;
#7039 = DIRECTION ( 'NONE',  ( 0.000000000000000000, -1.000000000000000000, 0.000000000000000000 ) ) ;
#7040 = CIRCLE ( 'NONE', #2178, 1.500000000000001332 ) ;
#7041 = LINE ( 'NONE', #7098, #3834 ) ;
#7042 = ADVANCED_FACE ( 'NONE', ( #7071 ), #4587, .F. ) ;
#7043 = CARTESIAN_POINT ( 'NONE',  ( 38.78088215633501079, -279.5760313402290080, -23.81798626738900282 ) ) ;
#7044 = EDGE_CURVE ( 'NONE', #9638, #9342, #49, .T. ) ;
#7045 = ADVANCED_FACE ( 'NONE', ( #3631 ), #9655, .T. ) ;
#7046 = CARTESIAN_POINT ( 'NONE',  ( 61.66613171421542461, -288.8136752384820056, -40.29391104747647745 ) ) ;
#7047 = FACE_BOUND ( 'NONE', #459, .T. ) ;
#7048 = ORIENTED_EDGE ( 'NONE', *, *, #9084, .T. ) ;
#7049 = VERTEX_POINT ( 'NONE', #8076 ) ;
#7050 = ORIENTED_EDGE ( 'NONE', *, *, #3540, .T. ) ;
#7051 = AXIS2_PLACEMENT_3D ( 'NONE', #3344, #6789, #6848 ) ;
#7052 = EDGE_CURVE ( 'NONE', #9216, #11053, #392, .T. ) ;
#7053 = ORIENTED_EDGE ( 'NONE', *, *, #2971, .T. ) ;
#7054 = CARTESIAN_POINT ( 'NONE',  ( 17.32037813070440535, -234.0072809965174372, -36.19402586128192212 ) ) ;
#7055 = CARTESIAN_POINT ( 'NONE',  ( 28.90588215633500013, -286.8800777381588887, -38.11798626738899998 ) ) ;
#7056 = VECTOR ( 'NONE', #2854, 1000.000000000000000 ) ;
#7057 = CARTESIAN_POINT ( 'NONE',  ( 27.03088215633500724, -205.8820313402289912, -38.11798626738899287 ) ) ;
#7058 = CIRCLE ( 'NONE', #8497, 3.250000000000002665 ) ;
#7059 = LINE ( 'NONE', #3510, #10890 ) ;
#7060 = EDGE_CURVE ( 'NONE', #3840, #9575, #7785, .T. ) ;
#7061 = CARTESIAN_POINT ( 'NONE',  ( 53.48838215633499971, -237.2108035506304873, -24.22548626738899813 ) ) ;
#7062 = DIRECTION ( 'NONE',  ( -1.000000000000000000, 0.000000000000000000, 0.000000000000000000 ) ) ;
#7063 = DIRECTION ( 'NONE',  ( 1.000000000000000000, 0.000000000000000000, 0.000000000000000000 ) ) ;
#7064 = VERTEX_POINT ( 'NONE', #4531 ) ;
#7065 = ORIENTED_EDGE ( 'NONE', *, *, #4967, .F. ) ;
#7066 = VERTEX_POINT ( 'NONE', #8817 ) ;
#7067 = VECTOR ( 'NONE', #7294, 999.9999999999998863 ) ;
#7068 = AXIS2_PLACEMENT_3D ( 'NONE', #2701, #7780, #1633 ) ;
#7069 = CARTESIAN_POINT ( 'NONE',  ( 55.24118349529499028, -294.5363886506730751, -25.42599145669129257 ) ) ;
#7070 =( BOUNDED_SURFACE ( )  B_SPLINE_SURFACE ( 3, 2, ( 
 ( #1891, #5316, #1094 ),
 ( #7975, #254, #7127 ),
 ( #5424, #1151, #1530 ),
 ( #2369, #5757, #5591 ),
 ( #9195, #2314, #1474 ),
 ( #10931, #3215, #7340 ),
 ( #1419, #10030, #9085 ),
 ( #4116, #5816, #10877 ),
 ( #4911, #2159, #519 ),
 ( #6494, #6657, #7502 ),
 ( #3159, #3899, #579 ),
 ( #8357, #1310, #3957 ),
 ( #9927, #3056, #10770 ),
 ( #3107, #633, #9029 ),
 ( #1363, #6599, #10090 ),
 ( #4062, #2210, #4749 ),
 ( #9252, #4856, #4962 ),
 ( #9138, #8187, #7397 ),
 ( #8403, #684, #5648 ),
 ( #9872, #4799, #7560 ),
 ( #10987, #3274, #463 ),
 ( #8238, #10827, #6548 ),
 ( #9980, #7451, #2260 ),
 ( #5700, #8298, #4014 ),
 ( #7678, #7624, #5139 ),
 ( #9362, #10258, #5988 ),
 ( #4350, #8578, #6832 ),
 ( #9422, #2540, #8464 ),
 ( #3387, #863, #3508 ),
 ( #9302, #5194, #1703 ),
 ( #11100, #11046, #5020 ),
 ( #6776, #4291, #10319 ),
 ( #2604, #6044, #6947 ),
 ( #4233, #9477, #744 ),
 ( #4175, #1759, #7740 ),
 ( #17, #5871, #1644 ),
 ( #8642, #3445, #922 ),
 ( #6890, #2428, #10377 ),
 ( #7796, #76, #6719 ),
 ( #3332, #1581, #10149 ),
 ( #10202, #2481, #5928 ),
 ( #5081, #8523, #811 ),
 ( #5383, #4546, #265 ),
 ( #2903, #6285, #8036 ),
 ( #2683, #7930, #8831 ),
 ( #4431, #1901, #103 ),
 ( #1107, #7139, #9670 ),
 ( #7084, #7989, #8932 ),
 ( #7876, #3696, #1951 ),
 ( #10566, #2850, #3533 ) ),
 .UNSPECIFIED., .F., .F., .F. ) 
 B_SPLINE_SURFACE_WITH_KNOTS ( ( 4, 2, 2, 2, 2, 2, 2, 2, 2, 2, 2, 2, 2, 2, 2, 2, 2, 2, 2, 2, 2, 2, 2, 2, 4 ),
 ( 3, 3 ),
 ( 8.716985466783455649E-17, 0.001395158416793498011, 0.002092737625190203322, 0.002790316833586908851, 0.004185475250380319909, 0.005580633667173730966, 0.006975792083967142024, 0.008370950500760553081, 0.009068529709157259477, 0.009766108917553964139, 0.01046368812595066880, 0.01081247773014902200, 0.01116126733434737520, 0.01151005693854572839, 0.01185884654274408159, 0.01255642575114078625, 0.01325400495953749092, 0.01395158416793419731, 0.01534674258472760837, 0.01674190100152101943, 0.01813705941831442875, 0.01883463862671113515, 0.01953221783510784154, 0.02092737625190125433, 0.02232253466869466366 ),
 ( 0.000000000000000000, 1.000000000000000000 ),
 .UNSPECIFIED. ) 
 GEOMETRIC_REPRESENTATION_ITEM ( )  RATIONAL_B_SPLINE_SURFACE ( (
 ( 1.000000000000000000, 0.7071067811865474617, 1.000000000000000000),
 ( 1.000000000000000000, 0.7123957954982711449, 1.000000000000000000),
 ( 1.000000000000000000, 0.7226122310760368928, 1.000000000000000000),
 ( 1.000000000000000000, 0.7427521577072297987, 1.000000000000000000),
 ( 1.000000000000000000, 0.7503260289055485588, 1.000000000000000000),
 ( 1.000000000000000000, 0.7663281865717038732, 1.000000000000000000),
 ( 1.000000000000000000, 0.7747554504496483307, 1.000000000000000000),
 ( 1.000000000000000000, 0.8007138405243201529, 1.000000000000000000),
 ( 1.000000000000000000, 0.8190574523638569637, 1.000000000000000000),
 ( 1.000000000000000000, 0.8541726375604687949, 1.000000000000000000),
 ( 1.000000000000000000, 0.8710288184717935867, 1.000000000000000000),
 ( 1.000000000000000000, 0.9023343786675566136, 1.000000000000000000),
 ( 1.000000000000000000, 0.9168709247765201020, 1.000000000000000000),
 ( 1.000000000000000000, 0.9424177436695140297, 1.000000000000000000),
 ( 1.000000000000000000, 0.9534870254176727178, 1.000000000000000000),
 ( 1.000000000000000000, 0.9674039335142556872, 1.000000000000000000),
 ( 1.000000000000000000, 0.9715950034611250397, 1.000000000000000000),
 ( 1.000000000000000000, 0.9790411433882041381, 1.000000000000000000),
 ( 1.000000000000000000, 0.9822993422417406473, 1.000000000000000000),
 ( 1.000000000000000000, 0.9877217165968684709, 1.000000000000000000),
 ( 1.000000000000000000, 0.9899194850293265846, 1.000000000000000000),
 ( 1.000000000000000000, 0.9922022329690495246, 1.000000000000000000),
 ( 1.000000000000000000, 0.9927891609854218036, 1.000000000000000000),
 ( 1.000000000000000000, 0.9935702415010541078, 1.000000000000000000),
 ( 1.000000000000000000, 0.9937586644865030738, 1.000000000000000000),
 ( 1.000000000000000000, 0.9936948679504675752, 1.000000000000000000),
 ( 1.000000000000000000, 0.9934503466118016490, 1.000000000000000000),
 ( 1.000000000000000000, 0.9925580899918504674, 1.000000000000000000),
 ( 1.000000000000000000, 0.9919089259437098294, 1.000000000000000000),
 ( 1.000000000000000000, 0.9894923314072116005, 1.000000000000000000),
 ( 1.000000000000000000, 0.9872429977141908841, 1.000000000000000000),
 ( 1.000000000000000000, 0.9816694646204456864, 1.000000000000000000),
 ( 1.000000000000000000, 0.9783821117558774150, 1.000000000000000000),
 ( 1.000000000000000000, 0.9708865864744334884, 1.000000000000000000),
 ( 1.000000000000000000, 0.9666764983845259618, 1.000000000000000000),
 ( 1.000000000000000000, 0.9527103898790885150, 1.000000000000000000),
 ( 1.000000000000000000, 0.9416189391552544086, 1.000000000000000000),
 ( 1.000000000000000000, 0.9160118898324322023, 1.000000000000000000),
 ( 1.000000000000000000, 0.9015131126125429661, 1.000000000000000000),
 ( 1.000000000000000000, 0.8703979527121435966, 1.000000000000000000),
 ( 1.000000000000000000, 0.8536837813059162672, 1.000000000000000000),
 ( 1.000000000000000000, 0.8276313082153361478, 1.000000000000000000),
 ( 1.000000000000000000, 0.8187872222613360451, 1.000000000000000000),
 ( 1.000000000000000000, 0.8009817583136725760, 1.000000000000000000),
 ( 1.000000000000000000, 0.7920185850095984303, 1.000000000000000000),
 ( 1.000000000000000000, 0.7660722657193131946, 1.000000000000000000),
 ( 1.000000000000000000, 0.7497544870139544182, 1.000000000000000000),
 ( 1.000000000000000000, 0.7226032605046981416, 1.000000000000000000),
 ( 1.000000000000000000, 0.7123770976720892323, 1.000000000000000000),
 ( 1.000000000000000000, 0.7071067811865475727, 1.000000000000000000) ) ) 
 REPRESENTATION_ITEM ( '' )  SURFACE ( )  );
#7071 = FACE_OUTER_BOUND ( 'NONE', #7541, .T. ) ;
#7072 = CARTESIAN_POINT ( 'NONE',  ( 44.93088215633500226, -244.8140313402290076, -26.81798626738900282 ) ) ;
#7073 = DIRECTION ( 'NONE',  ( 2.478176394252580155E-16, -1.000000000000000000, 0.000000000000000000 ) ) ;
#7074 = DIRECTION ( 'NONE',  ( 1.000000000000000000, 0.000000000000000000, 0.000000000000000000 ) ) ;
#7075 = VECTOR ( 'NONE', #1521, 1000.000000000000000 ) ;
#7076 = LINE ( 'NONE', #3690, #3999 ) ;
#7077 = AXIS2_PLACEMENT_3D ( 'NONE', #5785, #5846, #9225 ) ;
#7078 = ORIENTED_EDGE ( 'NONE', *, *, #2772, .T. ) ;
#7079 = LINE ( 'NONE', #8769, #7187 ) ;
#7080 = CONICAL_SURFACE ( 'NONE', #5641, 4.250000000000007105, 0.7853981633974427279 ) ;
#7081 = CARTESIAN_POINT ( 'NONE',  ( 57.44588215633498862, -237.2108035506304873, -38.11798626738899998 ) ) ;
#7082 = CIRCLE ( 'NONE', #8166, 7.250000000000009770 ) ;
#7083 = FACE_BOUND ( 'NONE', #5981, .T. ) ;
#7084 = CARTESIAN_POINT ( 'NONE',  ( 18.32712823305469740, -283.0150172066966547, -38.14441408389465238 ) ) ;
#7085 = LINE ( 'NONE', #7301, #1276 ) ;
#7086 = CARTESIAN_POINT ( 'NONE',  ( 59.24440372967676183, -230.3069621074637894, -38.14569470728496725 ) ) ;
#7087 = CARTESIAN_POINT ( 'NONE',  ( 23.90588215633500369, -311.3820313402289912, -24.51798626738900211 ) ) ;
#7088 = FACE_OUTER_BOUND ( 'NONE', #3880, .T. ) ;
#7089 = DIRECTION ( 'NONE',  ( -1.000000000000000000, 0.000000000000000000, 0.000000000000000000 ) ) ;
#7090 = AXIS2_PLACEMENT_3D ( 'NONE', #10507, #5480, #1202 ) ;
#7091 = ORIENTED_EDGE ( 'NONE', *, *, #10279, .F. ) ;
#7092 = ORIENTED_EDGE ( 'NONE', *, *, #12, .F. ) ;
#7093 = ORIENTED_EDGE ( 'NONE', *, *, #3540, .F. ) ;
#7094 = DIRECTION ( 'NONE',  ( 1.000000000000000000, 0.000000000000000000, 0.000000000000000000 ) ) ;
#7095 = VERTEX_POINT ( 'NONE', #9763 ) ;
#7096 = EDGE_CURVE ( 'NONE', #9908, #4941, #7290, .T. ) ;
#7097 = CARTESIAN_POINT ( 'NONE',  ( 32.63088215633499800, -258.4950313402289908, -23.81798626738900282 ) ) ;
#7098 = CARTESIAN_POINT ( 'NONE',  ( 32.63088215633499800, -262.1950313402289794, -24.31798626738900282 ) ) ;
#7099 = ADVANCED_FACE ( 'NONE', ( #5531 ), #1200, .F. ) ;
#7100 = AXIS2_PLACEMENT_3D ( 'NONE', #3191, #5678, #10121 ) ;
#7101 = CARTESIAN_POINT ( 'NONE',  ( 60.88549700658410302, -287.4883062071391464, -37.22465001171780585 ) ) ;
#7102 = CARTESIAN_POINT ( 'NONE',  ( 21.97646669226504912, -232.7955237598114877, -25.00968150926209077 ) ) ;
#7103 = EDGE_LOOP ( 'NONE', ( #7053, #7941, #8071, #5395 ) ) ;
#7104 = EDGE_LOOP ( 'NONE', ( #1686, #3843 ) ) ;
#7105 = ORIENTED_EDGE ( 'NONE', *, *, #8329, .T. ) ;
#7106 = VERTEX_POINT ( 'NONE', #10713 ) ;
#7107 = ADVANCED_FACE ( 'NONE', ( #2997 ), #7070, .F. ) ;
#7108 = EDGE_LOOP ( 'NONE', ( #10917, #6215 ) ) ;
#7109 = ADVANCED_FACE ( 'NONE', ( #9725 ), #6973, .F. ) ;
#7110 = DIRECTION ( 'NONE',  ( -1.000000000000000000, 0.000000000000000000, 0.000000000000000000 ) ) ;
#7111 = ADVANCED_FACE ( 'NONE', ( #10618 ), #6342, .T. ) ;
#7112 = VECTOR ( 'NONE', #5168, 1000.000000000000114 ) ;
#7113 = CARTESIAN_POINT ( 'NONE',  ( 17.61546783157776019, -233.7718550031768530, -35.87849426144716602 ) ) ;
#7114 = CARTESIAN_POINT ( 'NONE',  ( 59.21088215633501051, -289.9034704378889273, -27.21798626738900140 ) ) ;
#7115 = CARTESIAN_POINT ( 'NONE',  ( 48.78088215633500369, -253.3820313402290196, -38.11798626738899998 ) ) ;
#7116 = EDGE_CURVE ( 'NONE', #233, #2928, #1291, .T. ) ;
#7117 = DIRECTION ( 'NONE',  ( -0.000000000000000000, -0.000000000000000000, -1.000000000000000000 ) ) ;
#7118 = LINE ( 'NONE', #6164, #4380 ) ;
#7119 = CYLINDRICAL_SURFACE ( 'NONE', #3946, 3.000000000000002665 ) ;
#7120 = VERTEX_POINT ( 'NONE', #7026 ) ;
#7121 = ORIENTED_EDGE ( 'NONE', *, *, #8289, .T. ) ;
#7122 = VERTEX_POINT ( 'NONE', #5328 ) ;
#7123 = EDGE_CURVE ( 'NONE', #9705, #394, #4596, .T. ) ;
#7124 = EDGE_CURVE ( 'NONE', #2190, #10112, #1211, .T. ) ;
#7125 = ADVANCED_FACE ( 'NONE', ( #4650 ), #9562, .T. ) ;
#7126 = DIRECTION ( 'NONE',  ( 0.000000000000000000, -1.000000000000000000, 0.000000000000000000 ) ) ;
#7127 = CARTESIAN_POINT ( 'NONE',  ( 19.08799051985123540, -294.0199072087937111, -35.11798627249044813 ) ) ;
#7128 = PLANE ( 'NONE',  #10199 ) ;
#7129 = DIRECTION ( 'NONE',  ( 0.000000000000000000, 0.7071067811865230368, -0.7071067811865721087 ) ) ;
#7130 = CARTESIAN_POINT ( 'NONE',  ( 53.78088215633500369, -326.3820313402290481, -38.11798626738899287 ) ) ;
#7131 = DIRECTION ( 'NONE',  ( 2.061570980414617612E-16, -0.7071067811865475727, -0.7071067811865475727 ) ) ;
#7132 = ORIENTED_EDGE ( 'NONE', *, *, #1787, .T. ) ;
#7133 = VECTOR ( 'NONE', #4319, 1000.000000000000000 ) ;
#7134 = VERTEX_POINT ( 'NONE', #1845 ) ;
#7135 = CARTESIAN_POINT ( 'NONE',  ( 24.60588215633500297, -220.8820313402289912, -23.81798626738900282 ) ) ;
#7136 = EDGE_CURVE ( 'NONE', #5863, #8010, #5793, .T. ) ;
#7137 = LINE ( 'NONE', #2800, #9476 ) ;
#7138 = PLANE ( 'NONE',  #4138 ) ;
#7139 = CARTESIAN_POINT ( 'NONE',  ( 18.97987812918387718, -285.7651586889358555, -37.92058128988840338 ) ) ;
#7140 = DIRECTION ( 'NONE',  ( 0.000000000000000000, 0.000000000000000000, -1.000000000000000000 ) ) ;
#7141 = CARTESIAN_POINT ( 'NONE',  ( 61.49329661764232924, -235.9096261608121949, -38.88054759518679759 ) ) ;
#7142 = CARTESIAN_POINT ( 'NONE',  ( 38.84338215633500369, -331.3820313402290481, -38.11798626738899998 ) ) ;
#7143 = VECTOR ( 'NONE', #10963, 1000.000000000000000 ) ;
#7144 = CARTESIAN_POINT ( 'NONE',  ( 38.78088215633500369, -217.4520313402290128, -23.81798626738900282 ) ) ;
#7145 = LINE ( 'NONE', #3756, #1778 ) ;
#7146 = ORIENTED_EDGE ( 'NONE', *, *, #27, .T. ) ;
#7147 = VERTEX_POINT ( 'NONE', #2742 ) ;
#7148 = ORIENTED_EDGE ( 'NONE', *, *, #4213, .T. ) ;
#7149 = CARTESIAN_POINT ( 'NONE',  ( 61.62023868589637488, -289.5937948883561148, -39.70712309496038017 ) ) ;
#7150 = VECTOR ( 'NONE', #8524, 1000.000000000000000 ) ;
#7151 = ORIENTED_EDGE ( 'NONE', *, *, #9161, .F. ) ;
#7152 = CARTESIAN_POINT ( 'NONE',  ( 44.93088215633500226, -244.8140313402290076, -23.81798626738900282 ) ) ;
#7153 = CARTESIAN_POINT ( 'NONE',  ( 32.63088215633499800, -231.1330313402289960, -24.31798626738900282 ) ) ;
#7154 = AXIS2_PLACEMENT_3D ( 'NONE', #77, #6160, #18 ) ;
#7155 = CARTESIAN_POINT ( 'NONE',  ( 60.44737493688717933, -286.9509338750037273, -36.48522537831828316 ) ) ;
#7156 = EDGE_LOOP ( 'NONE', ( #3613, #3614, #8472, #5811 ) ) ;
#7157 = ORIENTED_EDGE ( 'NONE', *, *, #5571, .T. ) ;
#7158 = VERTEX_POINT ( 'NONE', #6185 ) ;
#7159 = ORIENTED_EDGE ( 'NONE', *, *, #3241, .T. ) ;
#7160 = ORIENTED_EDGE ( 'NONE', *, *, #8286, .T. ) ;
#7161 = DIRECTION ( 'NONE',  ( -0.9965696216027989385, 0.08275862068965537943, 7.736881877883435372E-16 ) ) ;
#7162 = EDGE_CURVE ( 'NONE', #8111, #3702, #9621, .T. ) ;
#7163 = AXIS2_PLACEMENT_3D ( 'NONE', #10307, #63, #8565 ) ;
#7164 = CARTESIAN_POINT ( 'NONE',  ( 16.69933791102418752, -232.4684958888614688, -38.95032939526070237 ) ) ;
#7165 = DIRECTION ( 'NONE',  ( 1.000000000000000000, 2.478176394252580155E-16, 0.000000000000000000 ) ) ;
#7166 = PLANE ( 'NONE',  #666 ) ;
#7167 = DIRECTION ( 'NONE',  ( 0.000000000000000000, 1.000000000000000000, 0.000000000000000000 ) ) ;
#7168 = PLANE ( 'NONE',  #1315 ) ;
#7169 = EDGE_CURVE ( 'NONE', #5510, #7484, #10292, .T. ) ;
#7170 = DIRECTION ( 'NONE',  ( -0.000000000000000000, -0.000000000000000000, 1.000000000000000000 ) ) ;
#7171 = VECTOR ( 'NONE', #3809, 1000.000000000000000 ) ;
#7172 = ORIENTED_EDGE ( 'NONE', *, *, #3676, .T. ) ;
#7173 = ORIENTED_EDGE ( 'NONE', *, *, #2287, .F. ) ;
#7174 = ORIENTED_EDGE ( 'NONE', *, *, #3, .T. ) ;
#7175 = DIRECTION ( 'NONE',  ( 0.000000000000000000, 0.000000000000000000, -1.000000000000000000 ) ) ;
#7176 = CIRCLE ( 'NONE', #336, 3.000000000000002665 ) ;
#7177 = CIRCLE ( 'NONE', #5733, 4.250000000000000000 ) ;
#7178 = DIRECTION ( 'NONE',  ( 1.000000000000000000, 0.000000000000000000, 0.000000000000000000 ) ) ;
#7179 = DIRECTION ( 'NONE',  ( 0.000000000000000000, 0.000000000000000000, -1.000000000000000000 ) ) ;
#7180 = CARTESIAN_POINT ( 'NONE',  ( 38.84338215633500369, -321.3820313402290481, -35.11798626738899998 ) ) ;
#7181 = DIRECTION ( 'NONE',  ( -0.7071067811865480168, -1.752335333352431355E-16, 0.7071067811865470176 ) ) ;
#7182 = EDGE_CURVE ( 'NONE', #8920, #2445, #2802, .T. ) ;
#7183 = DIRECTION ( 'NONE',  ( -0.000000000000000000, -0.000000000000000000, -1.000000000000000000 ) ) ;
#7184 = ADVANCED_FACE ( 'NONE', ( #10839 ), #8463, .T. ) ;
#7185 = EDGE_CURVE ( 'NONE', #9123, #5982, #8317, .T. ) ;
#7186 = ORIENTED_EDGE ( 'NONE', *, *, #7498, .F. ) ;
#7187 = VECTOR ( 'NONE', #8883, 1000.000000000000000 ) ;
#7188 = CIRCLE ( 'NONE', #2313, 0.7500000000000006661 ) ;
#7190 = ADVANCED_FACE ( 'NONE', ( #11045 ), #7406, .F. ) ;
#7189 = ORIENTED_EDGE ( 'NONE', *, *, #9443, .F. ) ;
#7191 = CARTESIAN_POINT ( 'NONE',  ( 22.71258879559084320, -294.7221740087542230, -25.71127962813316259 ) ) ;
#7192 = CARTESIAN_POINT ( 'NONE',  ( 56.39825579137581713, -232.9694079027506461, -24.63542573477077013 ) ) ;
#7193 = CARTESIAN_POINT ( 'NONE',  ( 25.40588215633500369, -221.3122813402290205, -26.81798626738900282 ) ) ;
#7194 = CARTESIAN_POINT ( 'NONE',  ( 22.72402865542459693, -242.0444173523736993, -25.69983976829940886 ) ) ;
#7195 = CARTESIAN_POINT ( 'NONE',  ( 61.73717459147268727, -236.9907527511269905, -40.60752639468743297 ) ) ;
#7196 = AXIS2_PLACEMENT_3D ( 'NONE', #1567, #3147, #8390 ) ;
#7197 = B_SPLINE_CURVE_WITH_KNOTS ( 'NONE', 3,
 ( #4638, #6385, #5479, #2791, #4588, #8028, #3687, #1936, #5592, #9819, #3790 ),
 .UNSPECIFIED., .F., .F.,
 ( 4, 2, 1, 2, 2, 4 ),
 ( 0.000000000000000000, 0.2499999999999978906, 0.3749999999999968359, 0.4374999999999963363, 0.4999999999999957812, 1.000000000000000000 ),
 .UNSPECIFIED. ) ;
#7198 = CARTESIAN_POINT ( 'NONE',  ( 42.88088215633500511, -291.2070313402290367, -26.36798626738900353 ) ) ;
#7199 = VECTOR ( 'NONE', #8781, 1000.000000000000000 ) ;
#7200 = DIRECTION ( 'NONE',  ( 2.478176394252580155E-16, -1.000000000000000000, 0.000000000000000000 ) ) ;
#7201 = ADVANCED_FACE ( 'NONE', ( #4707 ), #1473, .T. ) ;
#7202 = CARTESIAN_POINT ( 'NONE',  ( 16.28088215633493974, -205.8820313402289912, -44.11798626738900708 ) ) ;
#7203 = ORIENTED_EDGE ( 'NONE', *, *, #2555, .T. ) ;
#7204 = ORIENTED_EDGE ( 'NONE', *, *, #995, .F. ) ;
#7205 = AXIS2_PLACEMENT_3D ( 'NONE', #1002, #7872, #1783 ) ;
#7206 = ORIENTED_EDGE ( 'NONE', *, *, #7596, .T. ) ;
#7207 = LINE ( 'NONE', #8786, #6104 ) ;
#7208 = ORIENTED_EDGE ( 'NONE', *, *, #7937, .T. ) ;
#7209 = DIRECTION ( 'NONE',  ( 0.000000000000000000, 1.000000000000000000, 0.000000000000000000 ) ) ;
#7210 = FACE_OUTER_BOUND ( 'NONE', #10601, .T. ) ;
#7211 = AXIS2_PLACEMENT_3D ( 'NONE', #4128, #7513, #10101 ) ;
#7212 = CARTESIAN_POINT ( 'NONE',  ( 61.69966828521511815, -289.4637903401156791, -40.42457724092092519 ) ) ;
#7213 = VERTEX_POINT ( 'NONE', #5543 ) ;
#7214 = ORIENTED_EDGE ( 'NONE', *, *, #8070, .T. ) ;
#7215 = VERTEX_POINT ( 'NONE', #1643 ) ;
#7216 = ORIENTED_EDGE ( 'NONE', *, *, #2091, .F. ) ;
#7217 = ORIENTED_EDGE ( 'NONE', *, *, #3730, .F. ) ;
#7218 = CIRCLE ( 'NONE', #741, 3.250000000000002665 ) ;
#7219 = CARTESIAN_POINT ( 'NONE',  ( 25.40588215633500369, -240.9235313402290046, -33.11798626738899998 ) ) ;
#7220 = CARTESIAN_POINT ( 'NONE',  ( 16.18295672822909737, -235.5851037141561619, -38.43156496827413804 ) ) ;
#7221 = CARTESIAN_POINT ( 'NONE',  ( 24.01599562063276139, -238.9754897862661664, -24.40787280309124085 ) ) ;
#7222 = PLANE ( 'NONE',  #1569 ) ;
#7223 = FACE_BOUND ( 'NONE', #11093, .T. ) ;
#7224 = LINE ( 'NONE', #2662, #9767 ) ;
#7225 = VECTOR ( 'NONE', #4260, 1000.000000000000000 ) ;
#7226 = EDGE_CURVE ( 'NONE', #7064, #3964, #9990, .T. ) ;
#7227 = CARTESIAN_POINT ( 'NONE',  ( 48.78088215633500369, -223.3820313402289912, 220.0996348679430525 ) ) ;
#7228 = ORIENTED_EDGE ( 'NONE', *, *, #3593, .F. ) ;
#7229 = VERTEX_POINT ( 'NONE', #2271 ) ;
#7230 = ORIENTED_EDGE ( 'NONE', *, *, #8208, .T. ) ;
#7231 = AXIS2_PLACEMENT_3D ( 'NONE', #51, #4326, #11072 ) ;
#7232 = DIRECTION ( 'NONE',  ( 0.000000000000000000, 0.000000000000000000, -1.000000000000000000 ) ) ;
#7234 = ADVANCED_FACE ( 'NONE', ( #6448 ), #6506, .F. ) ;
#7233 = AXIS2_PLACEMENT_3D ( 'NONE', #9207, #1488, #3970 ) ;
#7235 = CARTESIAN_POINT ( 'NONE',  ( 32.63088215633499800, -262.1950313402289794, -26.81798626738900282 ) ) ;
#7236 = FACE_OUTER_BOUND ( 'NONE', #1883, .T. ) ;
#7237 = DIRECTION ( 'NONE',  ( 0.000000000000000000, 0.000000000000000000, -1.000000000000000000 ) ) ;
#7238 = CARTESIAN_POINT ( 'NONE',  ( 15.84901754390325657, -236.3332840874451790, -40.47998252414946307 ) ) ;
#7239 = CARTESIAN_POINT ( 'NONE',  ( 20.11588215633501520, -237.2108035506304873, -43.11798626738900708 ) ) ;
#7240 = COLOUR_RGB ( '',0.2862745098039215508, 0.6627450980392156632, 0.3294117647058823484 ) ;
#7241 = ORIENTED_EDGE ( 'NONE', *, *, #7318, .F. ) ;
#7242 = AXIS2_PLACEMENT_3D ( 'NONE', #9942, #5660, #2225 ) ;
#7243 = VERTEX_POINT ( 'NONE', #4760 ) ;
#7244 = CYLINDRICAL_SURFACE ( 'NONE', #8813, 3.000000000000002665 ) ;
#7245 = EDGE_CURVE ( 'NONE', #10299, #9835, #2918, .T. ) ;
#7246 = DIRECTION ( 'NONE',  ( -0.5773502691896257311, 0.5773502691896257311, -0.5773502691896257311 ) ) ;
#7247 = ADVANCED_FACE ( 'NONE', ( #4174 ), #2368, .F. ) ;
#7248 = EDGE_CURVE ( 'NONE', #1577, #693, #10201, .T. ) ;
#7249 = AXIS2_PLACEMENT_3D ( 'NONE', #4179, #11050, #3337 ) ;
#7250 = DIRECTION ( 'NONE',  ( 1.000000000000000000, 0.000000000000000000, 0.000000000000000000 ) ) ;
#7251 = CARTESIAN_POINT ( 'NONE',  ( 28.90588215633500013, -278.8839849422990937, -38.11798626738899998 ) ) ;
#7252 = CARTESIAN_POINT ( 'NONE',  ( 61.61182362330351481, -238.0956476164035394, -40.05783537773363179 ) ) ;
#7253 = VECTOR ( 'NONE', #4274, 1000.000000000000000 ) ;
#7254 = LINE ( 'NONE', #320, #602 ) ;
#7255 = PLANE ( 'NONE',  #6604 ) ;
#7256 = PLANE ( 'NONE',  #10824 ) ;
#7257 = EDGE_CURVE ( 'NONE', #10015, #8033, #370, .T. ) ;
#7258 = PLANE ( 'NONE',  #5749 ) ;
#7259 = AXIS2_PLACEMENT_3D ( 'NONE', #3838, #5751, #1357 ) ;
#7260 = ORIENTED_EDGE ( 'NONE', *, *, #8409, .F. ) ;
#7261 = ORIENTED_EDGE ( 'NONE', *, *, #10961, .F. ) ;
#7262 = ORIENTED_EDGE ( 'NONE', *, *, #4565, .T. ) ;
#7263 = CARTESIAN_POINT ( 'NONE',  ( 59.60496472807123780, -286.2792286643078228, -35.61187706293967636 ) ) ;
#7264 = ADVANCED_FACE ( 'NONE', ( #8089 ), #8144, .F. ) ;
#7265 = CARTESIAN_POINT ( 'NONE',  ( 60.22312698140618892, -293.0715903105310076, -36.19530685219180555 ) ) ;
#7266 = CARTESIAN_POINT ( 'NONE',  ( 53.78088215633500369, -282.6783406812686508, -35.11798626738899998 ) ) ;
#7267 = ADVANCED_FACE ( 'NONE', ( #7351 ), #9828, .F. ) ;
#7268 = DIRECTION ( 'NONE',  ( 0.000000000000000000, 1.000000000000000000, 0.000000000000000000 ) ) ;
#7269 = VECTOR ( 'NONE', #11067, 1000.000000000000000 ) ;
#7270 = DIRECTION ( 'NONE',  ( 0.000000000000000000, 0.000000000000000000, -1.000000000000000000 ) ) ;
#7271 = AXIS2_PLACEMENT_3D ( 'NONE', #10894, #7303, #10948 ) ;
#7272 = CARTESIAN_POINT ( 'NONE',  ( 60.61985733886167793, -287.0381010471587047, -38.56439154403569347 ) ) ;
#7273 = ORIENTED_EDGE ( 'NONE', *, *, #4772, .T. ) ;
#7274 = ORIENTED_EDGE ( 'NONE', *, *, #6199, .T. ) ;
#7275 = ORIENTED_EDGE ( 'NONE', *, *, #8708, .F. ) ;
#7276 = ORIENTED_EDGE ( 'NONE', *, *, #6032, .F. ) ;
#7278 = ORIENTED_EDGE ( 'NONE', *, *, #2719, .T. ) ;
#7277 = VECTOR ( 'NONE', #7398, 1000.000000000000000 ) ;
#7279 = FACE_OUTER_BOUND ( 'NONE', #8193, .T. ) ;
#7280 = CARTESIAN_POINT ( 'NONE',  ( 30.70588215633500440, -317.8820313402290481, -33.11798626738899998 ) ) ;
#7281 = DIRECTION ( 'NONE',  ( 2.478176394252580155E-16, -1.000000000000000000, 0.000000000000000000 ) ) ;
#7282 = LINE ( 'NONE', #5468, #7882 ) ;
#7283 = CARTESIAN_POINT ( 'NONE',  ( 53.78088215633500369, -244.4302408555732882, -24.51798626738900211 ) ) ;
#7284 = LINE ( 'NONE', #7442, #6716 ) ;
#7285 = CARTESIAN_POINT ( 'NONE',  ( 38.78088215633501079, -252.2140313402290133, -24.31798626738900282 ) ) ;
#7286 = EDGE_LOOP ( 'NONE', ( #10745, #3341, #5567, #6527 ) ) ;
#7287 = ORIENTED_EDGE ( 'NONE', *, *, #10755, .F. ) ;
#7288 = VERTEX_POINT ( 'NONE', #1375 ) ;
#7289 = CARTESIAN_POINT ( 'NONE',  ( 17.30675848109572001, -243.0769906863511096, -38.49700916013994600 ) ) ;
#7290 = LINE ( 'NONE', #7235, #4539 ) ;
#7291 = DIRECTION ( 'NONE',  ( 0.000000000000000000, 0.000000000000000000, -1.000000000000000000 ) ) ;
#7292 = DIRECTION ( 'NONE',  ( 0.000000000000000000, 0.000000000000000000, 1.000000000000000000 ) ) ;
#7293 = DIRECTION ( 'NONE',  ( 0.000000000000000000, 0.000000000000000000, -1.000000000000000000 ) ) ;
#7294 = DIRECTION ( 'NONE',  ( -0.7071067811865180408, 0.000000000000000000, -0.7071067811865771047 ) ) ;
#7295 = ORIENTED_EDGE ( 'NONE', *, *, #9174, .F. ) ;
#7296 = EDGE_CURVE ( 'NONE', #28, #6139, #1962, .T. ) ;
#7297 = ORIENTED_EDGE ( 'NONE', *, *, #1817, .F. ) ;
#7298 = DIRECTION ( 'NONE',  ( 1.000000000000000000, 0.000000000000000000, 0.000000000000000000 ) ) ;
#7299 = PLANE ( 'NONE',  #8650 ) ;
#7300 = CARTESIAN_POINT ( 'NONE',  ( 22.91651304064657424, -285.4222634219378847, -25.50735538307743155 ) ) ;
#7301 = CARTESIAN_POINT ( 'NONE',  ( 50.78088215633499658, -317.6820313402290026, -23.81798626738900282 ) ) ;
#7302 = CARTESIAN_POINT ( 'NONE',  ( 61.58323839867261995, -238.2101223403818153, -39.29432044631715826 ) ) ;
#7303 = DIRECTION ( 'NONE',  ( 0.000000000000000000, 0.000000000000000000, 1.000000000000000000 ) ) ;
#7304 = CARTESIAN_POINT ( 'NONE',  ( 23.90588215633500369, -282.6898115188659517, -38.11798626738899998 ) ) ;
#7305 = CARTESIAN_POINT ( 'NONE',  ( 53.78088215633500369, -244.4302408555732882, -35.11798626738899998 ) ) ;
#7306 = CARTESIAN_POINT ( 'NONE',  ( 32.40588215633500369, -281.9665313402289826, -29.11798626738900353 ) ) ;
#7307 = EDGE_CURVE ( 'NONE', #28, #7484, #4515, .T. ) ;
#7308 = ORIENTED_EDGE ( 'NONE', *, *, #10057, .F. ) ;
#7309 = ORIENTED_EDGE ( 'NONE', *, *, #1833, .F. ) ;
#7310 = FACE_BOUND ( 'NONE', #8586, .T. ) ;
#7311 = CARTESIAN_POINT ( 'NONE',  ( 59.61003064214645519, -293.5314039598479212, -35.60466153189948812 ) ) ;
#7312 = DIRECTION ( 'NONE',  ( 0.000000000000000000, 0.000000000000000000, -1.000000000000000000 ) ) ;
#7313 = EDGE_CURVE ( 'NONE', #9934, #3240, #4289, .T. ) ;
#7314 = CARTESIAN_POINT ( 'NONE',  ( 20.18088215633500226, -289.9034704378889273, -33.11798626738899998 ) ) ;
#7315 = CARTESIAN_POINT ( 'NONE',  ( 61.78088215633500369, -326.3820313402290481, 105.9245421747346825 ) ) ;
#7316 = CARTESIAN_POINT ( 'NONE',  ( 59.01247740885589366, -296.9258544065027081, -38.11798626738899998 ) ) ;
#7317 = EDGE_CURVE ( 'NONE', #10368, #5393, #7738, .T. ) ;
#7318 = EDGE_CURVE ( 'NONE', #8703, #7884, #8129, .T. ) ;
#7319 = EDGE_LOOP ( 'NONE', ( #6934, #3168 ) ) ;
#7320 = ADVANCED_FACE ( 'NONE', ( #3619 ), #5138, .T. ) ;
#7321 = CIRCLE ( 'NONE', #6415, 2.999999999999988010 ) ;
#7322 = VERTEX_POINT ( 'NONE', #810 ) ;
#7323 = VERTEX_POINT ( 'NONE', #16 ) ;
#7324 = ORIENTED_EDGE ( 'NONE', *, *, #4579, .F. ) ;
#7325 = ORIENTED_EDGE ( 'NONE', *, *, #8288, .F. ) ;
#7326 = FACE_OUTER_BOUND ( 'NONE', #1306, .T. ) ;
#7327 = FACE_OUTER_BOUND ( 'NONE', #6996, .T. ) ;
#7328 = CARTESIAN_POINT ( 'NONE',  ( 20.18088215633500226, -289.9034704378889273, -45.13880154756031970 ) ) ;
#7329 = AXIS2_PLACEMENT_3D ( 'NONE', #2775, #8861, #187 ) ;
#7330 = CARTESIAN_POINT ( 'NONE',  ( 20.90588215633500369, -297.1171293569119030, -43.11798626738900708 ) ) ;
#7331 = DIRECTION ( 'NONE',  ( 1.000000000000000000, 0.000000000000000000, 0.000000000000000000 ) ) ;
#7332 = CARTESIAN_POINT ( 'NONE',  ( 51.83921548966829818, -278.9486980068955972, -17.40965293405570335 ) ) ;
#7333 = LINE ( 'NONE', #7285, #4672 ) ;
#7334 = EDGE_CURVE ( 'NONE', #4096, #641, #4349, .T. ) ;
#7335 = VERTEX_POINT ( 'NONE', #7055 ) ;
#7336 = VERTEX_POINT ( 'NONE', #7795 ) ;
#7337 = VERTEX_POINT ( 'NONE', #10490 ) ;
#7338 = AXIS2_PLACEMENT_3D ( 'NONE', #1084, #1189, #399 ) ;
#7339 = CARTESIAN_POINT ( 'NONE',  ( 18.28457043455266273, -241.0483469438089514, -35.38686133812691281 ) ) ;
#7340 = CARTESIAN_POINT ( 'NONE',  ( 18.10055276606701824, -293.6118488798538806, -35.51200308828495622 ) ) ;
#7341 = FACE_OUTER_BOUND ( 'NONE', #4796, .T. ) ;
#7342 = CARTESIAN_POINT ( 'NONE',  ( 53.98470643611983633, -234.4394200600815452, -24.69614491664829004 ) ) ;
#7343 = VECTOR ( 'NONE', #6175, 1000.000000000000000 ) ;
#7344 = CARTESIAN_POINT ( 'NONE',  ( 16.63147872754957035, -241.7921857738175504, -39.01695067736547173 ) ) ;
#7345 = DIRECTION ( 'NONE',  ( 0.000000000000000000, -1.000000000000000000, 0.000000000000000000 ) ) ;
#7346 = ORIENTED_EDGE ( 'NONE', *, *, #4967, .T. ) ;
#7347 = ORIENTED_EDGE ( 'NONE', *, *, #3612, .F. ) ;
#7348 = FACE_OUTER_BOUND ( 'NONE', #10994, .T. ) ;
#7349 = VECTOR ( 'NONE', #8962, 1000.000000000000000 ) ;
#7350 = LINE ( 'NONE', #2269, #1998 ) ;
#7351 = FACE_OUTER_BOUND ( 'NONE', #3424, .T. ) ;
#7352 = DIRECTION ( 'NONE',  ( 0.000000000000000000, -1.000000000000000000, 0.000000000000000000 ) ) ;
#7353 = CARTESIAN_POINT ( 'NONE',  ( 61.69606526075727260, -237.1524105726826974, -40.11345458157793331 ) ) ;
#7354 = FACE_OUTER_BOUND ( 'NONE', #8907, .T. ) ;
#7355 = DIRECTION ( 'NONE',  ( -2.478176394252580155E-16, 1.000000000000000000, 0.000000000000000000 ) ) ;
#7356 = DIRECTION ( 'NONE',  ( 0.000000000000000000, 1.000000000000000000, 0.000000000000000000 ) ) ;
#7357 = VECTOR ( 'NONE', #8376, 1000.000000000000000 ) ;
#7358 = FACE_OUTER_BOUND ( 'NONE', #9469, .T. ) ;
#7359 = CARTESIAN_POINT ( 'NONE',  ( 56.78088215633500369, -297.1286001945092607, -35.11798626738899998 ) ) ;
#7360 = EDGE_CURVE ( 'NONE', #2190, #8920, #4232, .T. ) ;
#7361 = ORIENTED_EDGE ( 'NONE', *, *, #10489, .T. ) ;
#7362 = ORIENTED_EDGE ( 'NONE', *, *, #1870, .T. ) ;
#7363 = CARTESIAN_POINT ( 'NONE',  ( 25.40588215633500369, -228.7425313402290215, 223.6996348679430184 ) ) ;
#7364 = CARTESIAN_POINT ( 'NONE',  ( 61.63088215633501932, -289.9034704378888136, -39.78475710479175120 ) ) ;
#7365 = CARTESIAN_POINT ( 'NONE',  ( 38.84338215633500369, -266.1320313402289912, -38.11798626738899998 ) ) ;
#7366 = AXIS2_PLACEMENT_3D ( 'NONE', #820, #7110, #3671 ) ;
#7367 = VECTOR ( 'NONE', #9648, 1000.000000000000000 ) ;
#7368 = ADVANCED_FACE ( 'NONE', ( #10257 ), #75, .F. ) ;
#7369 = DIRECTION ( 'NONE',  ( 0.000000000000000000, 0.000000000000000000, -1.000000000000000000 ) ) ;
#7370 = LINE ( 'NONE', #10909, #808 ) ;
#7371 = CARTESIAN_POINT ( 'NONE',  ( 60.94400589114252398, -292.3201445528108025, -38.88265157621958679 ) ) ;
#7372 = AXIS2_PLACEMENT_3D ( 'NONE', #5857, #7547, #732 ) ;
#7373 = ORIENTED_EDGE ( 'NONE', *, *, #6017, .F. ) ;
#7374 = CIRCLE ( 'NONE', #3571, 3.000000000000002665 ) ;
#7375 = ORIENTED_EDGE ( 'NONE', *, *, #8149, .T. ) ;
#7376 = ORIENTED_EDGE ( 'NONE', *, *, #3047, .F. ) ;
#7377 = ORIENTED_EDGE ( 'NONE', *, *, #2222, .T. ) ;
#7378 = CARTESIAN_POINT ( 'NONE',  ( 61.69324739320544637, -237.3781446488506219, -40.08474699212358416 ) ) ;
#7379 = VERTEX_POINT ( 'NONE', #5304 ) ;
#7380 = DIRECTION ( 'NONE',  ( 0.000000000000000000, 0.000000000000000000, -1.000000000000000000 ) ) ;
#7381 = PRODUCT_RELATED_PRODUCT_CATEGORY ( 'part', '', ( #3505 ) ) ;
#7383 = EDGE_CURVE ( 'NONE', #2966, #3712, #125, .T. ) ;
#7382 = VECTOR ( 'NONE', #11066, 1000.000000000000000 ) ;
#7384 = FACE_OUTER_BOUND ( 'NONE', #1438, .T. ) ;
#7385 = EDGE_CURVE ( 'NONE', #4615, #4929, #3560, .T. ) ;
#7386 = DIRECTION ( 'NONE',  ( 1.000000000000000000, 0.000000000000000000, 0.000000000000000000 ) ) ;
#7387 = DIRECTION ( 'NONE',  ( 0.000000000000000000, 0.000000000000000000, -1.000000000000000000 ) ) ;
#7388 = CARTESIAN_POINT ( 'NONE',  ( 32.40588215633500369, -254.6045313402289878, -33.11798626738899998 ) ) ;
#7389 = CARTESIAN_POINT ( 'NONE',  ( 26.90588215633500369, -318.3820313402290481, -33.11798626738899998 ) ) ;
#7390 = EDGE_CURVE ( 'NONE', #10384, #8531, #1025, .T. ) ;
#7391 = ORIENTED_EDGE ( 'NONE', *, *, #3986, .F. ) ;
#7392 = ORIENTED_EDGE ( 'NONE', *, *, #7654, .F. ) ;
#7393 = CIRCLE ( 'NONE', #4689, 4.250000000000007105 ) ;
#7394 = ORIENTED_EDGE ( 'NONE', *, *, #4775, .F. ) ;
#7395 = CARTESIAN_POINT ( 'NONE',  ( 19.20869628848682709, -241.3844920007464339, -38.01589839343832722 ) ) ;
#7396 = EDGE_CURVE ( 'NONE', #7120, #1196, #7058, .T. ) ;
#7397 = CARTESIAN_POINT ( 'NONE',  ( 16.04534675136928712, -290.8897833286596324, -39.10710297087898368 ) ) ;
#7398 = DIRECTION ( 'NONE',  ( -1.000000000000000000, -1.457750820148579853E-16, 0.000000000000000000 ) ) ;
#7399 = CARTESIAN_POINT ( 'NONE',  ( 47.78088215633500369, -219.0820313402290083, 220.0996348679430525 ) ) ;
#7400 = DIRECTION ( 'NONE',  ( 0.000000000000000000, -1.000000000000000000, 0.000000000000000000 ) ) ;
#7401 = ORIENTED_EDGE ( 'NONE', *, *, #4288, .F. ) ;
#7402 = VECTOR ( 'NONE', #1659, 1000.000000000000114 ) ;
#7403 = ORIENTED_EDGE ( 'NONE', *, *, #7447, .F. ) ;
#7404 = CARTESIAN_POINT ( 'NONE',  ( 60.90068612545620397, -285.3294940428371547, -38.98741311108881291 ) ) ;
#7405 = CARTESIAN_POINT ( 'NONE',  ( 44.93088215633500226, -238.5330313402290301, -26.81798626738900282 ) ) ;
#7406 = PLANE ( 'NONE',  #4166 ) ;
#7407 = CARTESIAN_POINT ( 'NONE',  ( 48.28088215633500369, -223.3820313402289912, 220.0996348679430525 ) ) ;
#7408 = CARTESIAN_POINT ( 'NONE',  ( 59.51152711642380666, -240.9274347325587087, -35.52735251041242037 ) ) ;
#7409 = CARTESIAN_POINT ( 'NONE',  ( 29.78088215633500369, -281.5820313402290367, -38.11798626738899287 ) ) ;
#7410 = LINE ( 'NONE', #7521, #4092 ) ;
#7411 = AXIS2_PLACEMENT_3D ( 'NONE', #6008, #940, #11118 ) ;
#7412 = DIRECTION ( 'NONE',  ( 0.000000000000000000, -1.000000000000000000, 0.000000000000000000 ) ) ;
#7413 = VECTOR ( 'NONE', #151, 1000.000000000000000 ) ;
#7414 = CARTESIAN_POINT ( 'NONE',  ( 21.94588215633502060, -237.2108035506304873, -27.21798626738900140 ) ) ;
#7415 = FACE_OUTER_BOUND ( 'NONE', #2873, .T. ) ;
#7416 = ORIENTED_EDGE ( 'NONE', *, *, #10380, .T. ) ;
#7417 = ORIENTED_EDGE ( 'NONE', *, *, #702, .T. ) ;
#7418 = FACE_BOUND ( 'NONE', #3131, .T. ) ;
#7419 = CARTESIAN_POINT ( 'NONE',  ( 29.78088215633500369, -293.2770313402289730, -23.81798626738900282 ) ) ;
#7420 = VECTOR ( 'NONE', #7962, 1000.000000000000000 ) ;
#7421 = DIRECTION ( 'NONE',  ( 0.000000000000000000, -1.000000000000000000, 0.000000000000000000 ) ) ;
#7422 = DIRECTION ( 'NONE',  ( 0.000000000000000000, 0.000000000000000000, -1.000000000000000000 ) ) ;
#7423 = EDGE_CURVE ( 'NONE', #630, #4628, #11098, .T. ) ;
#7424 = LINE ( 'NONE', #10008, #7613 ) ;
#7425 = CARTESIAN_POINT ( 'NONE',  ( 50.78088215633499658, -318.3820313402290481, -24.51798626738900211 ) ) ;
#7426 = CARTESIAN_POINT ( 'NONE',  ( 61.00249111502274246, -292.1387114252635797, -37.47437258489176060 ) ) ;
#7427 = AXIS2_PLACEMENT_3D ( 'NONE', #910, #10141, #4225 ) ;
#7428 = VECTOR ( 'NONE', #2759, 1000.000000000000000 ) ;
#7429 = EDGE_LOOP ( 'NONE', ( #692, #7186, #6916, #111 ) ) ;
#7430 = EDGE_LOOP ( 'NONE', ( #11109, #6997, #7821, #5754, #4330, #2349, #7789, #6068, #1652, #10525, #10297, #4071 ) ) ;
#7431 = VERTEX_POINT ( 'NONE', #2603 ) ;
#7432 = EDGE_CURVE ( 'NONE', #7912, #5161, #6043, .T. ) ;
#7433 = ORIENTED_EDGE ( 'NONE', *, *, #9497, .T. ) ;
#7434 = DIRECTION ( 'NONE',  ( 0.000000000000000000, 0.000000000000000000, 1.000000000000000000 ) ) ;
#7435 = ORIENTED_EDGE ( 'NONE', *, *, #10196, .T. ) ;
#7436 = DIRECTION ( 'NONE',  ( 1.000000000000000000, 0.000000000000000000, 0.000000000000000000 ) ) ;
#7437 = CIRCLE ( 'NONE', #3487, 3.000000000000002665 ) ;
#7438 = EDGE_CURVE ( 'NONE', #8980, #7215, #5193, .T. ) ;
#7439 = DIRECTION ( 'NONE',  ( 1.000000000000000000, 0.000000000000000000, 0.000000000000000000 ) ) ;
#7440 = DIRECTION ( 'NONE',  ( 0.000000000000000000, -1.000000000000000000, 0.000000000000000000 ) ) ;
#7441 = LINE ( 'NONE', #5860, #10420 ) ;
#7442 = CARTESIAN_POINT ( 'NONE',  ( 44.93088215633500226, -262.1950313402289794, -26.81798626738900282 ) ) ;
#7443 = DIRECTION ( 'NONE',  ( -0.000000000000000000, -0.000000000000000000, 1.000000000000000000 ) ) ;
#7444 = VERTEX_POINT ( 'NONE', #9856 ) ;
#7445 = ORIENTED_EDGE ( 'NONE', *, *, #8084, .T. ) ;
#7446 = VECTOR ( 'NONE', #3218, 1000.000000000000000 ) ;
#7447 = EDGE_CURVE ( 'NONE', #1100, #6593, #10943, .T. ) ;
#7448 = ORIENTED_EDGE ( 'NONE', *, *, #6541, .F. ) ;
#7449 = DIRECTION ( 'NONE',  ( -0.1841379310344839759, -0.9829004132435490426, 0.000000000000000000 ) ) ;
#7450 = EDGE_CURVE ( 'NONE', #3062, #1248, #4736, .T. ) ;
#7451 = CARTESIAN_POINT ( 'NONE',  ( 15.94324224871877327, -290.2509107770299579, -40.08291645341612508 ) ) ;
#7452 = FACE_OUTER_BOUND ( 'NONE', #4876, .T. ) ;
#7453 = LINE ( 'NONE', #10879, #4573 ) ;
#7454 = DIRECTION ( 'NONE',  ( 0.000000000000000000, -1.000000000000000000, 0.000000000000000000 ) ) ;
#7455 = LINE ( 'NONE', #2373, #585 ) ;
#7456 = EDGE_CURVE ( 'NONE', #915, #8784, #4374, .T. ) ;
#7457 = VERTEX_POINT ( 'NONE', #1187 ) ;
#7458 = EDGE_CURVE ( 'NONE', #6051, #10733, #8177, .T. ) ;
#7460 = EDGE_CURVE ( 'NONE', #4271, #10088, #1298, .T. ) ;
#7459 = ORIENTED_EDGE ( 'NONE', *, *, #4197, .F. ) ;
#7461 = ORIENTED_EDGE ( 'NONE', *, *, #2979, .F. ) ;
#7462 = CARTESIAN_POINT ( 'NONE',  ( 61.70603547902455688, -289.5581270231969597, -40.45204443538641215 ) ) ;
#7463 = FACE_OUTER_BOUND ( 'NONE', #406, .T. ) ;
#7464 = DIRECTION ( 'NONE',  ( 0.000000000000000000, -1.000000000000000000, 0.000000000000000000 ) ) ;
#7465 = CARTESIAN_POINT ( 'NONE',  ( 58.54820412683950082, -241.3670903417246620, -37.94657866482825170 ) ) ;
#7466 = DIRECTION ( 'NONE',  ( -0.000000000000000000, -0.000000000000000000, -1.000000000000000000 ) ) ;
#7467 = DIRECTION ( 'NONE',  ( -0.000000000000000000, -0.000000000000000000, -1.000000000000000000 ) ) ;
#7468 = LINE ( 'NONE', #6674, #5977 ) ;
#7469 = CARTESIAN_POINT ( 'NONE',  ( 61.73501627007998849, -237.5687488215509688, -40.59426543439477797 ) ) ;
#7470 = CARTESIAN_POINT ( 'NONE',  ( 26.90588215633500369, -318.3820313402290481, -24.51798626738900211 ) ) ;
#7471 = EDGE_CURVE ( 'NONE', #2537, #680, #8117, .T. ) ;
#7472 = ORIENTED_EDGE ( 'NONE', *, *, #851, .T. ) ;
#7473 = ORIENTED_EDGE ( 'NONE', *, *, #2412, .T. ) ;
#7474 = CARTESIAN_POINT ( 'NONE',  ( 34.68088215633500226, -222.8020313402290071, -26.36798626738900353 ) ) ;
#7475 = CARTESIAN_POINT ( 'NONE',  ( 57.44588215633498862, -237.2108035506304873, -43.11798626738900708 ) ) ;
#7476 = DIRECTION ( 'NONE',  ( 1.000000000000000000, 0.000000000000000000, 0.000000000000000000 ) ) ;
#7477 = CARTESIAN_POINT ( 'NONE',  ( 22.29831029646627982, -232.8584283087122913, -25.07380048547673468 ) ) ;
#7478 = FACE_OUTER_BOUND ( 'NONE', #1229, .T. ) ;
#7479 = CARTESIAN_POINT ( 'NONE',  ( 56.65380573995692259, -285.6895053236773947, -24.56695948056905365 ) ) ;
#7480 = CARTESIAN_POINT ( 'NONE',  ( 58.32523566656547587, -294.0679199284272727, -38.01459791420642631 ) ) ;
#7481 = ORIENTED_EDGE ( 'NONE', *, *, #11082, .T. ) ;
#7482 = ORIENTED_EDGE ( 'NONE', *, *, #11021, .F. ) ;
#7483 = ORIENTED_EDGE ( 'NONE', *, *, #6286, .T. ) ;
#7484 = VERTEX_POINT ( 'NONE', #5353 ) ;
#7485 = CARTESIAN_POINT ( 'NONE',  ( 61.52988569141891162, -238.4040068867200830, -39.02909900975430446 ) ) ;
#7486 = CIRCLE ( 'NONE', #3349, 3.249999999999999556 ) ;
#7487 = ORIENTED_EDGE ( 'NONE', *, *, #702, .F. ) ;
#7488 = LINE ( 'NONE', #6643, #10785 ) ;
#7489 = B_SPLINE_CURVE_WITH_KNOTS ( 'NONE', 3,
 ( #8417, #6730, #4127, #10997, #758, #4186 ),
 .UNSPECIFIED., .F., .F.,
 ( 4, 2, 4 ),
 ( 0.002191372691358371184, 0.003380092298235554647, 0.004568811905112738110 ),
 .UNSPECIFIED. ) ;
#7490 = FACE_OUTER_BOUND ( 'NONE', #2666, .T. ) ;
#7491 = DIRECTION ( 'NONE',  ( 1.000000000000000000, 0.000000000000000000, 0.000000000000000000 ) ) ;
#7492 = VECTOR ( 'NONE', #7422, 1000.000000000000000 ) ;
#7493 = CARTESIAN_POINT ( 'NONE',  ( 53.78088215633500369, -266.1320313402289912, -24.51798626738900211 ) ) ;
#7494 = CARTESIAN_POINT ( 'NONE',  ( 44.93088215633500226, -272.1760313402289739, -24.31798626738900282 ) ) ;
#7495 = CARTESIAN_POINT ( 'NONE',  ( 56.08088215633500795, -289.9034704378889273, -43.11798626738900708 ) ) ;
#7496 = ORIENTED_EDGE ( 'NONE', *, *, #3685, .T. ) ;
#7497 = VERTEX_POINT ( 'NONE', #4577 ) ;
#7498 = EDGE_CURVE ( 'NONE', #7213, #10746, #2089, .T. ) ;
#7499 = ORIENTED_EDGE ( 'NONE', *, *, #9652, .F. ) ;
#7500 = VECTOR ( 'NONE', #3057, 1000.000000000000000 ) ;
#7501 = CARTESIAN_POINT ( 'NONE',  ( 57.08295112185224696, -294.1318714394173526, -24.51798626738906606 ) ) ;
#7502 = CARTESIAN_POINT ( 'NONE',  ( 17.11438937578195763, -292.8560070007732747, -36.48522537831988899 ) ) ;
#7503 = CARTESIAN_POINT ( 'NONE',  ( 24.20088215633501250, -237.2108035506304873, -24.22298626738899330 ) ) ;
#7504 = ADVANCED_FACE ( 'NONE', ( #454 ), #9016, .T. ) ;
#7505 = CARTESIAN_POINT ( 'NONE',  ( 30.20588215633500440, -318.3820313402290481, -33.11798626738899998 ) ) ;
#7506 = LINE ( 'NONE', #3336, #6100 ) ;
#7507 = CARTESIAN_POINT ( 'NONE',  ( 26.90588215633500369, -321.3820313402290481, -35.11798626738899998 ) ) ;
#7508 = CIRCLE ( 'NONE', #9492, 1.299999999999999156 ) ;
#7509 = ORIENTED_EDGE ( 'NONE', *, *, #244, .F. ) ;
#7510 = ORIENTED_EDGE ( 'NONE', *, *, #1803, .F. ) ;
#7511 = VERTEX_POINT ( 'NONE', #8802 ) ;
#7512 = CARTESIAN_POINT ( 'NONE',  ( 61.45079267726207917, -292.5979480183044643, -39.74221069979610377 ) ) ;
#7513 = DIRECTION ( 'NONE',  ( 0.000000000000000000, 0.000000000000000000, -1.000000000000000000 ) ) ;
#7514 = CIRCLE ( 'NONE', #1218, 3.000000000000021760 ) ;
#7515 = EDGE_CURVE ( 'NONE', #4266, #3931, #8138, .T. ) ;
#7516 = DIRECTION ( 'NONE',  ( 1.000000000000000000, 0.000000000000000000, 0.000000000000000000 ) ) ;
#7517 = CARTESIAN_POINT ( 'NONE',  ( 59.94629648109250297, -240.6497520980839226, -35.87849426144799736 ) ) ;
#7518 = EDGE_CURVE ( 'NONE', #10746, #4242, #5515, .T. ) ;
#7519 = CARTESIAN_POINT ( 'NONE',  ( 59.21088215633501051, -289.9034704378889273, -23.81798626738900282 ) ) ;
#7520 = ADVANCED_FACE ( 'NONE', ( #397 ), #3835, .T. ) ;
#7521 = CARTESIAN_POINT ( 'NONE',  ( 25.40588215633500369, -242.4235313402290046, 223.6996348679430184 ) ) ;
#7522 =( NAMED_UNIT ( * ) PLANE_ANGLE_UNIT ( ) SI_UNIT ( $, .RADIAN. ) );
#7523 = CARTESIAN_POINT ( 'NONE',  ( 32.40588215633500369, -255.3545313402290162, -33.11798626738899998 ) ) ;
#7524 = DIRECTION ( 'NONE',  ( 2.478176394252580155E-16, -1.000000000000000000, 0.000000000000000000 ) ) ;
#7525 = ADVANCED_FACE ( 'NONE', ( #5577 ), #3888, .T. ) ;
#7526 = VECTOR ( 'NONE', #3851, 1000.000000000000000 ) ;
#7527 = VERTEX_POINT ( 'NONE', #7114 ) ;
#7528 = ORIENTED_EDGE ( 'NONE', *, *, #6018, .T. ) ;
#7529 = PLANE ( 'NONE',  #1594 ) ;
#7530 = CARTESIAN_POINT ( 'NONE',  ( 16.93088215633500226, -289.9034704378889273, -23.81798626738900282 ) ) ;
#7531 = CARTESIAN_POINT ( 'NONE',  ( 20.90588215633500369, -220.8820313402289912, -23.81798626738900282 ) ) ;
#7532 = DIRECTION ( 'NONE',  ( 0.000000000000000000, 0.000000000000000000, 1.000000000000000000 ) ) ;
#7533 = CIRCLE ( 'NONE', #2855, 1.300000000000002487 ) ;
#7534 = LINE ( 'NONE', #3189, #8148 ) ;
#7536 = EDGE_CURVE ( 'NONE', #3879, #10302, #6480, .T. ) ;
#7535 = CIRCLE ( 'NONE', #6823, 3.000000000000002665 ) ;
#7537 = LINE ( 'NONE', #3249, #10284 ) ;
#7538 = CARTESIAN_POINT ( 'NONE',  ( 61.58055214032102498, -290.5663125954537236, -39.44760748970048070 ) ) ;
#7539 = ORIENTED_EDGE ( 'NONE', *, *, #270, .T. ) ;
#7540 = ORIENTED_EDGE ( 'NONE', *, *, #11097, .F. ) ;
#7541 = EDGE_LOOP ( 'NONE', ( #9866, #4821, #5205, #2821 ) ) ;
#7542 = VECTOR ( 'NONE', #2196, 1000.000000000000000 ) ;
#7543 = VERTEX_POINT ( 'NONE', #5467 ) ;
#7544 = CIRCLE ( 'NONE', #6648, 1.300000000000023359 ) ;
#7545 = CARTESIAN_POINT ( 'NONE',  ( 61.39919629780089139, -238.7837391420388826, -38.50553994339207975 ) ) ;
#7546 = VERTEX_POINT ( 'NONE', #2824 ) ;
#7547 = DIRECTION ( 'NONE',  ( 0.000000000000000000, -1.000000000000000000, -0.000000000000000000 ) ) ;
#7548 = CYLINDRICAL_SURFACE ( 'NONE', #10658, 1.500000000000001332 ) ;
#7549 = DIRECTION ( 'NONE',  ( 1.000000000000000000, 0.000000000000000000, 0.000000000000000000 ) ) ;
#7550 = VECTOR ( 'NONE', #8002, 1000.000000000000000 ) ;
#7551 = VECTOR ( 'NONE', #6812, 1000.000000000000000 ) ;
#7552 = FACE_BOUND ( 'NONE', #7035, .T. ) ;
#7553 = LINE ( 'NONE', #5009, #7803 ) ;
#7554 = DIRECTION ( 'NONE',  ( 0.000000000000000000, -1.000000000000000000, 0.000000000000000000 ) ) ;
#7555 = ORIENTED_EDGE ( 'NONE', *, *, #10122, .T. ) ;
#7556 = EDGE_LOOP ( 'NONE', ( #8674, #3567, #5686, #3682 ) ) ;
#7557 = ORIENTED_EDGE ( 'NONE', *, *, #7668, .F. ) ;
#7558 = VECTOR ( 'NONE', #9502, 1000.000000000000000 ) ;
#7559 = CARTESIAN_POINT ( 'NONE',  ( 15.83398034790073972, -237.7753602810396671, -40.55546242882704178 ) ) ;
#7560 = CARTESIAN_POINT ( 'NONE',  ( 15.97748612149116987, -290.5423158997143673, -39.46983582710224425 ) ) ;
#7561 = DIRECTION ( 'NONE',  ( 0.1089655172413785539, -0.9940455301706854208, 0.000000000000000000 ) ) ;
#7562 = ADVANCED_FACE ( 'NONE', ( #6259 ), #2878, .T. ) ;
#7563 = DIRECTION ( 'NONE',  ( 1.000000000000000000, 0.000000000000000000, 0.000000000000000000 ) ) ;
#7564 = CARTESIAN_POINT ( 'NONE',  ( 55.68280740982903865, -241.6323646068351536, -25.02587911177994329 ) ) ;
#7565 = CARTESIAN_POINT ( 'NONE',  ( 34.68088215633500226, -250.1640313402290303, -26.36798626738900353 ) ) ;
#7566 = CIRCLE ( 'NONE', #10448, 3.000000000000002665 ) ;
#7567 = PLANE ( 'NONE',  #1555 ) ;
#7568 = ORIENTED_EDGE ( 'NONE', *, *, #4552, .T. ) ;
#7569 = EDGE_LOOP ( 'NONE', ( #6955, #9260, #3271, #9404 ) ) ;
#7570 = EDGE_CURVE ( 'NONE', #5881, #5346, #10135, .T. ) ;
#7571 = ORIENTED_EDGE ( 'NONE', *, *, #3876, .T. ) ;
#7572 = CARTESIAN_POINT ( 'NONE',  ( 29.65588215633500369, -223.3820313402289912, -26.81798626738900282 ) ) ;
#7573 = CARTESIAN_POINT ( 'NONE',  ( 47.35588215633499942, -318.3820313402290481, -24.51798626738900211 ) ) ;
#7574 = CIRCLE ( 'NONE', #2722, 1.700000000000000178 ) ;
#7575 = CARTESIAN_POINT ( 'NONE',  ( 20.60588215633500297, -294.1321670455920980, -45.13880154756031970 ) ) ;
#7576 = CARTESIAN_POINT ( 'NONE',  ( 58.27593822270366530, -241.3792372427323016, -38.07562012953762576 ) ) ;
#7577 = DIRECTION ( 'NONE',  ( -0.000000000000000000, -0.000000000000000000, -1.000000000000000000 ) ) ;
#7578 = CARTESIAN_POINT ( 'NONE',  ( 47.78088215633500369, -223.3820313402289912, -38.11798626738899998 ) ) ;
#7579 = CARTESIAN_POINT ( 'NONE',  ( 26.90588215633500369, -315.3820313402289912, -33.11798626738899998 ) ) ;
#7580 = AXIS2_PLACEMENT_3D ( 'NONE', #6003, #3573, #2617 ) ;
#7581 = ADVANCED_FACE ( 'NONE', ( #7490 ), #2356, .T. ) ;
#7582 = EDGE_LOOP ( 'NONE', ( #639, #10315, #905, #9402 ) ) ;
#7583 = ADVANCED_FACE ( 'NONE', ( #6705 ), #5799, .T. ) ;
#7584 = ORIENTED_EDGE ( 'NONE', *, *, #3100, .F. ) ;
#7585 = EDGE_CURVE ( 'NONE', #217, #10283, #5858, .T. ) ;
#7586 = VECTOR ( 'NONE', #5901, 1000.000000000000000 ) ;
#7587 = FACE_OUTER_BOUND ( 'NONE', #9664, .T. ) ;
#7588 = DIRECTION ( 'NONE',  ( 0.000000000000000000, 0.000000000000000000, -1.000000000000000000 ) ) ;
#7589 = LINE ( 'NONE', #11013, #1992 ) ;
#7590 = CIRCLE ( 'NONE', #4364, 3.250000000000002665 ) ;
#7591 = CARTESIAN_POINT ( 'NONE',  ( 38.84338215633500369, -318.3820313402290481, -33.11798626738899998 ) ) ;
#7592 = CARTESIAN_POINT ( 'NONE',  ( 20.18088215633500226, -289.9034704378889273, -23.81798626738900282 ) ) ;
#7593 = CARTESIAN_POINT ( 'NONE',  ( 23.35462523827932557, -233.8227059896363755, -24.86022597446299187 ) ) ;
#7594 = AXIS2_PLACEMENT_3D ( 'NONE', #10674, #2480, #9096 ) ;
#7595 = LINE ( 'NONE', #6133, #4192 ) ;
#7596 = EDGE_CURVE ( 'NONE', #7912, #860, #4899, .T. ) ;
#7597 = CARTESIAN_POINT ( 'NONE',  ( 56.78088215633500369, -315.3820313402289912, -38.11798626738899998 ) ) ;
#7598 = CARTESIAN_POINT ( 'NONE',  ( 55.39915798054995122, -232.6640590773472184, -24.90867742474602409 ) ) ;
#7599 = ORIENTED_EDGE ( 'NONE', *, *, #9014, .T. ) ;
#7600 = VECTOR ( 'NONE', #7816, 1000.000000000000000 ) ;
#7601 = EDGE_CURVE ( 'NONE', #7213, #3657, #10079, .T. ) ;
#7602 = ORIENTED_EDGE ( 'NONE', *, *, #2400, .T. ) ;
#7603 = ORIENTED_EDGE ( 'NONE', *, *, #10177, .F. ) ;
#7604 = AXIS2_PLACEMENT_3D ( 'NONE', #1923, #8859, #10538 ) ;
#7605 = EDGE_CURVE ( 'NONE', #11062, #555, #3262, .T. ) ;
#7606 = ORIENTED_EDGE ( 'NONE', *, *, #8056, .T. ) ;
#7607 = EDGE_CURVE ( 'NONE', #4230, #2166, #3646, .T. ) ;
#7608 = CARTESIAN_POINT ( 'NONE',  ( 53.78088215633500369, -282.6903157882228470, -24.51798626738900211 ) ) ;
#7609 = ORIENTED_EDGE ( 'NONE', *, *, #7185, .T. ) ;
#7610 = CARTESIAN_POINT ( 'NONE',  ( 23.90588215633500369, -297.1171293569119030, -24.51798626738900211 ) ) ;
#7611 = LINE ( 'NONE', #1459, #10301 ) ;
#7612 = CARTESIAN_POINT ( 'NONE',  ( 61.69588215633500283, -237.1268375782107114, -40.11161903819275665 ) ) ;
#7613 = VECTOR ( 'NONE', #2289, 1000.000000000000000 ) ;
#7614 = CARTESIAN_POINT ( 'NONE',  ( 53.96088215633507446, -289.9034704378889273, -23.81798626738900282 ) ) ;
#7615 = DIRECTION ( 'NONE',  ( 0.000000000000000000, 0.000000000000000000, -1.000000000000000000 ) ) ;
#7616 = CARTESIAN_POINT ( 'NONE',  ( 54.00413068505444159, -232.4366987929583388, -23.81798626738900282 ) ) ;
#7617 = ORIENTED_EDGE ( 'NONE', *, *, #10773, .F. ) ;
#7618 = ORIENTED_EDGE ( 'NONE', *, *, #4607, .T. ) ;
#7619 = ORIENTED_EDGE ( 'NONE', *, *, #94, .T. ) ;
#7620 = AXIS2_PLACEMENT_3D ( 'NONE', #3564, #190, #3679 ) ;
#7621 = VECTOR ( 'NONE', #3575, 1000.000000000000000 ) ;
#7622 = CARTESIAN_POINT ( 'NONE',  ( 15.86659262025346884, -237.0041536986282438, -40.36190007112886491 ) ) ;
#7623 = DIRECTION ( 'NONE',  ( 0.000000000000000000, 0.000000000000000000, 1.000000000000000000 ) ) ;
#7624 = CARTESIAN_POINT ( 'NONE',  ( 15.93051034338722616, -289.9749653094701785, -40.12348886837583706 ) ) ;
#7625 = CYLINDRICAL_SURFACE ( 'NONE', #5343, 1.500000000000001332 ) ;
#7626 = CARTESIAN_POINT ( 'NONE',  ( 28.90588215633500013, -242.4235313402290046, 223.6996348679430184 ) ) ;
#7627 = LINE ( 'NONE', #10034, #8249 ) ;
#7628 = VECTOR ( 'NONE', #9503, 1000.000000000000000 ) ;
#7629 = LINE ( 'NONE', #7565, #2923 ) ;
#7630 = CIRCLE ( 'NONE', #9064, 3.000000000000002665 ) ;
#7631 = LINE ( 'NONE', #1536, #1197 ) ;
#7632 = ORIENTED_EDGE ( 'NONE', *, *, #9308, .F. ) ;
#7633 = EDGE_LOOP ( 'NONE', ( #10718, #4742, #3367, #1361 ) ) ;
#7634 = ORIENTED_EDGE ( 'NONE', *, *, #10411, .T. ) ;
#7635 = PLANE ( 'NONE',  #9707 ) ;
#7636 = CARTESIAN_POINT ( 'NONE',  ( 15.98440659486637117, -236.1913048127002241, -39.26545845462609208 ) ) ;
#7637 = DIRECTION ( 'NONE',  ( -1.000000000000000000, 0.000000000000000000, 0.000000000000000000 ) ) ;
#7638 = CARTESIAN_POINT ( 'NONE',  ( 60.66889954728308965, -239.9907770077223859, -36.78267252370677198 ) ) ;
#7639 = CARTESIAN_POINT ( 'NONE',  ( 18.61494523260508416, -296.9516985356830787, -38.11798626738899998 ) ) ;
#7640 = LINE ( 'NONE', #11060, #2120 ) ;
#7641 = DIRECTION ( 'NONE',  ( 0.000000000000000000, 0.000000000000000000, 1.000000000000000000 ) ) ;
#7642 = EDGE_CURVE ( 'NONE', #3702, #9328, #1482, .T. ) ;
#7643 = SHAPE_REPRESENTATION_RELATIONSHIP ( 'NONE' , 'NONE' ,  #1666, #5525 ) ;
#7644 = ORIENTED_EDGE ( 'NONE', *, *, #2633, .F. ) ;
#7645 = ORIENTED_EDGE ( 'NONE', *, *, #8825, .F. ) ;
#7646 = PLANE ( 'NONE',  #10768 ) ;
#7647 = DIRECTION ( 'NONE',  ( 1.000000000000000000, 0.000000000000000000, 0.000000000000000000 ) ) ;
#7648 = CARTESIAN_POINT ( 'NONE',  ( 25.40588215633500369, -283.4665313402289826, 223.6996348679430184 ) ) ;
#7649 = DIRECTION ( 'NONE',  ( -0.000000000000000000, 0.000000000000000000, 1.000000000000000000 ) ) ;
#7650 = CARTESIAN_POINT ( 'NONE',  ( 57.02915801840397592, -294.1388913297008116, -35.11798626738899998 ) ) ;
#7651 = DIRECTION ( 'NONE',  ( 1.000000000000000000, 2.915501640297150339E-16, 0.000000000000000000 ) ) ;
#7652 = DIRECTION ( 'NONE',  ( 0.000000000000000000, 1.000000000000000000, 0.000000000000000000 ) ) ;
#7653 = FACE_OUTER_BOUND ( 'NONE', #1427, .T. ) ;
#7654 = EDGE_CURVE ( 'NONE', #5346, #4687, #7611, .T. ) ;
#7655 = DIRECTION ( 'NONE',  ( 0.000000000000000000, 1.000000000000000000, 0.000000000000000000 ) ) ;
#7656 = ORIENTED_EDGE ( 'NONE', *, *, #9313, .F. ) ;
#7657 = VERTEX_POINT ( 'NONE', #8343 ) ;
#7658 = ORIENTED_EDGE ( 'NONE', *, *, #10264, .T. ) ;
#7659 = EDGE_CURVE ( 'NONE', #641, #5505, #2591, .T. ) ;
#7660 = ORIENTED_EDGE ( 'NONE', *, *, #3674, .F. ) ;
#7661 = CARTESIAN_POINT ( 'NONE',  ( 53.78088215633500369, -297.1166250875550645, -33.11798626738899998 ) ) ;
#7662 = EDGE_LOOP ( 'NONE', ( #5233, #8555, #8021, #3616 ) ) ;
#7663 = CYLINDRICAL_SURFACE ( 'NONE', #6468, 3.000000000000002665 ) ;
#7664 = FACE_OUTER_BOUND ( 'NONE', #9814, .T. ) ;
#7665 = EDGE_CURVE ( 'NONE', #2121, #8308, #4896, .T. ) ;
#7666 = CARTESIAN_POINT ( 'NONE',  ( 28.90588215633500013, -242.4235313402290046, -33.11798626738899998 ) ) ;
#7667 = ADVANCED_FACE ( 'NONE', ( #3202 ), #7548, .F. ) ;
#7668 = EDGE_CURVE ( 'NONE', #4556, #6605, #8452, .T. ) ;
#7669 = CARTESIAN_POINT ( 'NONE',  ( 59.65605337342515924, -283.3698416171594090, -38.24654594319665080 ) ) ;
#7670 = DIRECTION ( 'NONE',  ( -0.000000000000000000, -0.000000000000000000, -1.000000000000000000 ) ) ;
#7671 = CARTESIAN_POINT ( 'NONE',  ( 56.78088215633501079, -282.6783406812687076, -35.11798626738899998 ) ) ;
#7672 = ORIENTED_EDGE ( 'NONE', *, *, #1225, .T. ) ;
#7673 = ORIENTED_EDGE ( 'NONE', *, *, #2283, .T. ) ;
#7674 = ORIENTED_EDGE ( 'NONE', *, *, #9288, .F. ) ;
#7675 = CARTESIAN_POINT ( 'NONE',  ( 17.69175696145692100, -240.8314361066511822, -38.09499293960320898 ) ) ;
#7676 = CARTESIAN_POINT ( 'NONE',  ( 24.60588215633499587, -309.2163905574582259, -23.81798626738900282 ) ) ;
#7677 = VECTOR ( 'NONE', #6573, 1000.000000000000000 ) ;
#7678 = CARTESIAN_POINT ( 'NONE',  ( 15.85569526359205739, -289.9939191678886345, -40.45219159948831589 ) ) ;
#7679 = CARTESIAN_POINT ( 'NONE',  ( 32.63088215633499800, -275.8760313402289626, -24.31798626738900282 ) ) ;
#7680 = CARTESIAN_POINT ( 'NONE',  ( 50.78088215633499658, -315.3820313402289912, -24.51798626738900211 ) ) ;
#7681 = EDGE_CURVE ( 'NONE', #6767, #285, #2030, .T. ) ;
#7682 = DIRECTION ( 'NONE',  ( -0.000000000000000000, -0.000000000000000000, -1.000000000000000000 ) ) ;
#7683 = DIRECTION ( 'NONE',  ( -0.7071067811865470176, 0.000000000000000000, -0.7071067811865479058 ) ) ;
#7684 = CARTESIAN_POINT ( 'NONE',  ( 23.90588215633500369, -282.6898115188659517, -24.51798626738900211 ) ) ;
#7685 = EDGE_LOOP ( 'NONE', ( #2693, #3030, #3488, #8730 ) ) ;
#7686 = VERTEX_POINT ( 'NONE', #4051 ) ;
#7687 = AXIS2_PLACEMENT_3D ( 'NONE', #5379, #6920, #10345 ) ;
#7688 = VERTEX_POINT ( 'NONE', #8227 ) ;
#7689 = LINE ( 'NONE', #696, #9157 ) ;
#7690 = CARTESIAN_POINT ( 'NONE',  ( 16.52732915403680636, -239.4981179549826606, -37.48512592664194898 ) ) ;
#7691 = LINE ( 'NONE', #760, #746 ) ;
#7692 = CARTESIAN_POINT ( 'NONE',  ( 19.04110157569216710, -294.0008527450291353, -35.13707289179308901 ) ) ;
#7693 = LINE ( 'NONE', #4133, #9953 ) ;
#7694 = AXIS2_PLACEMENT_3D ( 'NONE', #10878, #9139, #10988 ) ;
#7695 = CARTESIAN_POINT ( 'NONE',  ( 50.78088215633499658, -213.8820313402290196, -35.11798626738899998 ) ) ;
#7696 = DIRECTION ( 'NONE',  ( 0.000000000000000000, 0.000000000000000000, 1.000000000000000000 ) ) ;
#7697 = SHAPE_DEFINITION_REPRESENTATION ( #272, #1666 ) ;
#7698 = ORIENTED_EDGE ( 'NONE', *, *, #1860, .F. ) ;
#7699 = ORIENTED_EDGE ( 'NONE', *, *, #2277, .F. ) ;
#7700 = DIRECTION ( 'NONE',  ( -0.000000000000000000, -0.000000000000000000, -1.000000000000000000 ) ) ;
#7701 = VECTOR ( 'NONE', #8229, 1000.000000000000000 ) ;
#7702 = CARTESIAN_POINT ( 'NONE',  ( 53.78088215633500369, -198.3820313402289344, -44.11798626738900708 ) ) ;
#7703 = LINE ( 'NONE', #2740, #7382 ) ;
#7704 = CARTESIAN_POINT ( 'NONE',  ( 57.51088215633501477, -289.9034704378889273, -33.11798626738899998 ) ) ;
#7705 = CARTESIAN_POINT ( 'NONE',  ( 47.78088215633500369, -220.3820313402289912, 220.0996348679430525 ) ) ;
#7706 = CARTESIAN_POINT ( 'NONE',  ( 59.67538333079706092, -230.6644059982739066, -38.25242380223732397 ) ) ;
#7707 = DIRECTION ( 'NONE',  ( 0.5773502691896250649, 0.5773502691896260641, -0.5773502691896260641 ) ) ;
#7708 = DIRECTION ( 'NONE',  ( 0.000000000000000000, 0.000000000000000000, -1.000000000000000000 ) ) ;
#7709 = ADVANCED_FACE ( 'NONE', ( #7384 ), #10977, .F. ) ;
#7710 = CONICAL_SURFACE ( 'NONE', #148, 2.300000000000024247, 0.7853981633974490562 ) ;
#7711 = LINE ( 'NONE', #6750, #4480 ) ;
#7712 = ORIENTED_EDGE ( 'NONE', *, *, #9021, .T. ) ;
#7713 = EDGE_LOOP ( 'NONE', ( #5408, #6810, #4676, #4443 ) ) ;
#7714 = VERTEX_POINT ( 'NONE', #4843 ) ;
#7715 = ORIENTED_EDGE ( 'NONE', *, *, #548, .T. ) ;
#7716 = DIRECTION ( 'NONE',  ( 1.000000000000000000, 0.000000000000000000, 0.000000000000000000 ) ) ;
#7717 = ORIENTED_EDGE ( 'NONE', *, *, #10699, .T. ) ;
#7718 = ADVANCED_FACE ( 'NONE', ( #2302 ), #959, .T. ) ;
#7719 = CARTESIAN_POINT ( 'NONE',  ( 20.24588215633502131, -237.2108035506304873, -23.81798626738900282 ) ) ;
#7720 = CIRCLE ( 'NONE', #7904, 1.300000000000002487 ) ;
#7721 = AXIS2_PLACEMENT_3D ( 'NONE', #2105, #10610, #4535 ) ;
#7722 = CARTESIAN_POINT ( 'NONE',  ( 21.88088215633499800, -289.9034704378889273, -33.11798626738899998 ) ) ;
#7723 = CARTESIAN_POINT ( 'NONE',  ( 59.67481455091623843, -233.5894179598550693, -35.64406744728204046 ) ) ;
#7724 = DIRECTION ( 'NONE',  ( 2.478176394252580155E-16, -1.000000000000000000, 0.000000000000000000 ) ) ;
#7725 = CARTESIAN_POINT ( 'NONE',  ( 28.90588215633500013, -227.2425313402290215, -26.81798626738900282 ) ) ;
#7726 = AXIS2_PLACEMENT_3D ( 'NONE', #9719, #1046, #5434 ) ;
#7727 = DIRECTION ( 'NONE',  ( -0.000000000000000000, -0.000000000000000000, -1.000000000000000000 ) ) ;
#7728 = VERTEX_POINT ( 'NONE', #4396 ) ;
#7729 = VECTOR ( 'NONE', #6709, 1000.000000000000000 ) ;
#7730 = ORIENTED_EDGE ( 'NONE', *, *, #3484, .F. ) ;
#7731 = ORIENTED_EDGE ( 'NONE', *, *, #10637, .F. ) ;
#7732 = VERTEX_POINT ( 'NONE', #3549 ) ;
#7733 = EDGE_CURVE ( 'NONE', #2756, #8054, #9519, .T. ) ;
#7734 = EDGE_CURVE ( 'NONE', #7845, #7457, #5079, .T. ) ;
#7735 = EDGE_CURVE ( 'NONE', #2207, #4985, #9761, .T. ) ;
#7736 = CARTESIAN_POINT ( 'NONE',  ( 15.97889708621949545, -238.1907556199649321, -39.30725824172383653 ) ) ;
#7737 = AXIS2_PLACEMENT_3D ( 'NONE', #4517, #10333, #238 ) ;
#7738 = LINE ( 'NONE', #6158, #1839 ) ;
#7739 = VECTOR ( 'NONE', #1193, 1000.000000000000000 ) ;
#7740 = CARTESIAN_POINT ( 'NONE',  ( 16.14312985884175689, -288.5725838331630371, -38.68801183781509678 ) ) ;
#7741 = DIRECTION ( 'NONE',  ( 1.000000000000000000, 0.000000000000000000, 0.000000000000000000 ) ) ;
#7742 = ADVANCED_FACE ( 'NONE', ( #116 ), #6760, .F. ) ;
#7743 = FACE_OUTER_BOUND ( 'NONE', #10039, .T. ) ;
#7744 = CARTESIAN_POINT ( 'NONE',  ( 56.08088215633500795, -289.9034704378889273, -43.11798626738900708 ) ) ;
#7745 = DIRECTION ( 'NONE',  ( 1.000000000000000000, 0.000000000000000000, 0.000000000000000000 ) ) ;
#7746 = LINE ( 'NONE', #3452, #10189 ) ;
#7747 = VERTEX_POINT ( 'NONE', #2467 ) ;
#7748 = AXIS2_PLACEMENT_3D ( 'NONE', #9516, #1744, #6935 ) ;
#7749 = ORIENTED_EDGE ( 'NONE', *, *, #1952, .T. ) ;
#7750 = ORIENTED_EDGE ( 'NONE', *, *, #8246, .F. ) ;
#7751 = CARTESIAN_POINT ( 'NONE',  ( 20.18088215633500226, -289.9034704378889273, -23.81798626738900282 ) ) ;
#7752 = EDGE_CURVE ( 'NONE', #2533, #8908, #6990, .T. ) ;
#7753 = CARTESIAN_POINT ( 'NONE',  ( 16.24762921454114561, -235.4386343252988922, -38.22233647895255615 ) ) ;
#7754 = DIRECTION ( 'NONE',  ( 0.000000000000000000, 0.000000000000000000, 1.000000000000000000 ) ) ;
#7755 = CARTESIAN_POINT ( 'NONE',  ( 16.31306203198094451, -291.6767356951773422, -38.10668153590275864 ) ) ;
#7756 = VECTOR ( 'NONE', #10959, 1000.000000000000000 ) ;
#7757 = CARTESIAN_POINT ( 'NONE',  ( 18.03640802918523534, -283.2482316598449188, -38.20893955410052456 ) ) ;
#7758 = FACE_OUTER_BOUND ( 'NONE', #5939, .T. ) ;
#7759 = CARTESIAN_POINT ( 'NONE',  ( 23.90588215633500369, -229.9909074294941149, -24.51798626738899500 ) ) ;
#7760 = ORIENTED_EDGE ( 'NONE', *, *, #8354, .T. ) ;
#7761 = ORIENTED_EDGE ( 'NONE', *, *, #562, .T. ) ;
#7762 = CARTESIAN_POINT ( 'NONE',  ( 38.84338215633500369, -244.3140313402290076, -23.81798626738900282 ) ) ;
#7763 = LINE ( 'NONE', #9388, #4609 ) ;
#7764 = LINE ( 'NONE', #947, #9893 ) ;
#7765 = CARTESIAN_POINT ( 'NONE',  ( 48.78088215633500369, -223.3820313402289912, -38.11798626738899998 ) ) ;
#7766 = DIRECTION ( 'NONE',  ( 0.000000000000000000, 0.000000000000000000, 1.000000000000000000 ) ) ;
#7767 = CARTESIAN_POINT ( 'NONE',  ( 54.07232118053558878, -292.8976264062873724, -24.80942529158959786 ) ) ;
#7768 = LINE ( 'NONE', #3419, #9945 ) ;
#7769 = FACE_OUTER_BOUND ( 'NONE', #3363, .T. ) ;
#7770 = VECTOR ( 'NONE', #6130, 1000.000000000000000 ) ;
#7771 = DIRECTION ( 'NONE',  ( 1.000000000000000000, 0.000000000000000000, 0.000000000000000000 ) ) ;
#7772 = ORIENTED_EDGE ( 'NONE', *, *, #8012, .F. ) ;
#7773 = ORIENTED_EDGE ( 'NONE', *, *, #1114, .F. ) ;
#7774 = VERTEX_POINT ( 'NONE', #3372 ) ;
#7775 = ORIENTED_EDGE ( 'NONE', *, *, #7498, .T. ) ;
#7776 = DIRECTION ( 'NONE',  ( 1.000000000000000000, 0.000000000000000000, 0.000000000000000000 ) ) ;
#7777 = VERTEX_POINT ( 'NONE', #10187 ) ;
#7778 = VECTOR ( 'NONE', #4977, 1000.000000000000000 ) ;
#7779 = CARTESIAN_POINT ( 'NONE',  ( 53.78088215633500369, -229.9913662456876580, -24.51798626738900921 ) ) ;
#7780 = DIRECTION ( 'NONE',  ( 0.000000000000000000, 0.000000000000000000, 1.000000000000000000 ) ) ;
#7781 = CARTESIAN_POINT ( 'NONE',  ( 61.78088215633501079, -326.3820313402290481, -43.61798626738902840 ) ) ;
#7782 = DIRECTION ( 'NONE',  ( -1.000000000000000000, 0.000000000000000000, 0.000000000000000000 ) ) ;
#7783 = AXIS2_PLACEMENT_3D ( 'NONE', #3071, #5611, #6512 ) ;
#7784 = CYLINDRICAL_SURFACE ( 'NONE', #3839, 8.000000000000007105 ) ;
#7786 = EDGE_CURVE ( 'NONE', #7323, #6884, #1805, .T. ) ;
#7785 = CIRCLE ( 'NONE', #9213, 3.250000000000002665 ) ;
#7787 = DIRECTION ( 'NONE',  ( 1.000000000000000000, 1.457750820148579853E-16, 0.000000000000000000 ) ) ;
#7788 = EDGE_LOOP ( 'NONE', ( #3771, #5812, #10805, #5838 ) ) ;
#7789 = ORIENTED_EDGE ( 'NONE', *, *, #7296, .T. ) ;
#7790 = EDGE_LOOP ( 'NONE', ( #8247, #7325, #2255, #9650 ) ) ;
#7791 = ORIENTED_EDGE ( 'NONE', *, *, #4984, .T. ) ;
#7792 = AXIS2_PLACEMENT_3D ( 'NONE', #5025, #10154, #2608 ) ;
#7793 = CARTESIAN_POINT ( 'NONE',  ( 15.88701145558163219, -237.6574421693114232, -40.27707489838046939 ) ) ;
#7794 = VECTOR ( 'NONE', #7840, 1000.000000000000000 ) ;
#7795 = CARTESIAN_POINT ( 'NONE',  ( 53.78088215633500369, -244.4302408555732882, -33.11798626738899998 ) ) ;
#7796 = CARTESIAN_POINT ( 'NONE',  ( 16.49777650237753690, -285.7660589435199654, -39.16425335737982039 ) ) ;
#7797 = DIRECTION ( 'NONE',  ( 1.000000000000000000, 0.000000000000000000, 0.000000000000000000 ) ) ;
#7798 = CARTESIAN_POINT ( 'NONE',  ( 53.78088215633500369, -229.9913662456876580, -33.11798626738899998 ) ) ;
#7799 = CARTESIAN_POINT ( 'NONE',  ( 28.90588215633500013, -299.6320313402289912, -34.71798626738900140 ) ) ;
#7800 = CARTESIAN_POINT ( 'NONE',  ( 48.78088215633500369, -312.3820313402289912, -34.71798626738900140 ) ) ;
#7801 = ADVANCED_FACE ( 'NONE', ( #6936 ), #2377, .T. ) ;
#7802 = DIRECTION ( 'NONE',  ( -0.7071067811865480168, -0.000000000000000000, -0.7071067811865470176 ) ) ;
#7803 = VECTOR ( 'NONE', #10249, 1000.000000000000000 ) ;
#7804 = CARTESIAN_POINT ( 'NONE',  ( 53.78088215633500369, -200.8820313402289912, -41.11798626738899287 ) ) ;
#7805 = ORIENTED_EDGE ( 'NONE', *, *, #10624, .F. ) ;
#7806 = VECTOR ( 'NONE', #2814, 1000.000000000000000 ) ;
#7807 = ORIENTED_EDGE ( 'NONE', *, *, #6984, .T. ) ;
#7808 = EDGE_CURVE ( 'NONE', #1012, #1811, #2528, .T. ) ;
#7809 = DIRECTION ( 'NONE',  ( 0.000000000000000000, -1.000000000000000000, 0.000000000000000000 ) ) ;
#7810 = DIRECTION ( 'NONE',  ( 1.030785490207309915E-16, -0.7071067811865480168, 0.7071067811865470176 ) ) ;
#7811 = CARTESIAN_POINT ( 'NONE',  ( 18.19135746238865892, -293.6616136481170543, -35.45464845874786874 ) ) ;
#7812 = CIRCLE ( 'NONE', #2943, 3.000000000000018208 ) ;
#7813 = LINE ( 'NONE', #5154, #2049 ) ;
#7814 = CARTESIAN_POINT ( 'NONE',  ( 18.45649990813333119, -244.1909427396611534, -38.13189135058870249 ) ) ;
#7815 = EDGE_CURVE ( 'NONE', #5074, #5695, #2200, .T. ) ;
#7816 = DIRECTION ( 'NONE',  ( 0.000000000000000000, -1.000000000000000000, 0.000000000000000000 ) ) ;
#7817 = ADVANCED_FACE ( 'NONE', ( #7664 ), #6145, .F. ) ;
#7818 = ADVANCED_FACE ( 'NONE', ( #8680 ), #5067, .T. ) ;
#7819 = DIRECTION ( 'NONE',  ( 1.000000000000000000, 0.000000000000000000, 0.000000000000000000 ) ) ;
#7820 = AXIS2_PLACEMENT_3D ( 'NONE', #5102, #4375, #9495 ) ;
#7821 = ORIENTED_EDGE ( 'NONE', *, *, #7447, .T. ) ;
#7822 = VECTOR ( 'NONE', #1285, 1000.000000000000000 ) ;
#7823 = VERTEX_POINT ( 'NONE', #7722 ) ;
#7824 = DIRECTION ( 'NONE',  ( 0.000000000000000000, -1.000000000000000000, 0.000000000000000000 ) ) ;
#7825 = CARTESIAN_POINT ( 'NONE',  ( 56.78088215633500369, -244.4302408555732882, -35.11798626738899998 ) ) ;
#7826 = FACE_BOUND ( 'NONE', #4006, .T. ) ;
#7827 = DIRECTION ( 'NONE',  ( 0.5773502691896257311, 0.5773502691896257311, 0.5773502691896257311 ) ) ;
#7828 = CARTESIAN_POINT ( 'NONE',  ( 28.90588215633500013, -268.2855313402289994, -33.11798626738899998 ) ) ;
#7829 = CARTESIAN_POINT ( 'NONE',  ( 61.10946370475861755, -233.1103480585609589, -39.21811439333163207 ) ) ;
#7830 = DIRECTION ( 'NONE',  ( 0.000000000000000000, -1.000000000000000000, 0.000000000000000000 ) ) ;
#7831 = DIRECTION ( 'NONE',  ( 0.000000000000000000, -1.000000000000000000, 0.000000000000000000 ) ) ;
#7832 = ADVANCED_FACE ( 'NONE', ( #5294 ), #8735, .F. ) ;
#7833 = DIRECTION ( 'NONE',  ( 0.000000000000000000, -1.000000000000000000, 0.000000000000000000 ) ) ;
#7834 = ORIENTED_EDGE ( 'NONE', *, *, #2910, .T. ) ;
#7835 = ORIENTED_EDGE ( 'NONE', *, *, #8409, .T. ) ;
#7836 = EDGE_LOOP ( 'NONE', ( #2696, #5904, #4415, #10086 ) ) ;
#7837 = CARTESIAN_POINT ( 'NONE',  ( 32.63088215633499800, -238.5330313402290301, -23.81798626738900282 ) ) ;
#7838 = DIRECTION ( 'NONE',  ( -2.478176394252580155E-16, 1.000000000000000000, 0.000000000000000000 ) ) ;
#7839 = PLANE ( 'NONE',  #3598 ) ;
#7840 = DIRECTION ( 'NONE',  ( 0.000000000000000000, 1.000000000000000000, 0.000000000000000000 ) ) ;
#7841 = CARTESIAN_POINT ( 'NONE',  ( 61.58252011774946766, -236.2119835026055341, -39.29289349890575522 ) ) ;
#7842 = CARTESIAN_POINT ( 'NONE',  ( 23.78088215633500369, -205.8820313402289912, 105.9245421747346825 ) ) ;
#7843 = CARTESIAN_POINT ( 'NONE',  ( 38.84338215633500369, -266.1320313402289912, -33.11798626738899998 ) ) ;
#7844 = ORIENTED_EDGE ( 'NONE', *, *, #640, .F. ) ;
#7845 = VERTEX_POINT ( 'NONE', #8511 ) ;
#7846 = ORIENTED_EDGE ( 'NONE', *, *, #4426, .T. ) ;
#7847 = VERTEX_POINT ( 'NONE', #5974 ) ;
#7848 = CARTESIAN_POINT ( 'NONE',  ( 19.33329594943845819, -233.0334767943453755, -38.11798626738902840 ) ) ;
#7849 = CARTESIAN_POINT ( 'NONE',  ( 23.78088215633500369, -326.3820313402290481, 105.9245421747346825 ) ) ;
#7850 = DIRECTION ( 'NONE',  ( 0.000000000000000000, 0.000000000000000000, -1.000000000000000000 ) ) ;
#7851 = DIRECTION ( 'NONE',  ( -0.000000000000000000, 1.000000000000000000, -0.000000000000000000 ) ) ;
#7852 = PLANE ( 'NONE',  #1771 ) ;
#7853 = LINE ( 'NONE', #10597, #2038 ) ;
#7854 = EDGE_CURVE ( 'NONE', #8308, #2083, #9584, .T. ) ;
#7855 = CARTESIAN_POINT ( 'NONE',  ( 32.40588215633500369, -256.1045313402289594, -26.81798626738900282 ) ) ;
#7856 = ORIENTED_EDGE ( 'NONE', *, *, #8630, .F. ) ;
#7857 = ORIENTED_EDGE ( 'NONE', *, *, #363, .F. ) ;
#7858 = ORIENTED_EDGE ( 'NONE', *, *, #9041, .T. ) ;
#7859 = AXIS2_PLACEMENT_3D ( 'NONE', #3818, #8103, #6460 ) ;
#7860 = LINE ( 'NONE', #5529, #3238 ) ;
#7861 = EDGE_CURVE ( 'NONE', #9512, #859, #1693, .T. ) ;
#7862 = DIRECTION ( 'NONE',  ( 0.000000000000000000, 0.000000000000000000, 1.000000000000000000 ) ) ;
#7863 = CARTESIAN_POINT ( 'NONE',  ( 16.61094157069446098, -292.2194948284833345, -37.36188507619945653 ) ) ;
#7864 = DIRECTION ( 'NONE',  ( -0.000000000000000000, -0.7071067811865475727, -0.7071067811865475727 ) ) ;
#7865 = PLANE ( 'NONE',  #4995 ) ;
#7866 = DIRECTION ( 'NONE',  ( 0.000000000000000000, 0.000000000000000000, -1.000000000000000000 ) ) ;
#7867 = CIRCLE ( 'NONE', #845, 0.7499999999999729106 ) ;
#7868 = VERTEX_POINT ( 'NONE', #5401 ) ;
#7869 = CARTESIAN_POINT ( 'NONE',  ( 23.90588215633500369, -218.8820313402289912, -23.81798626738900282 ) ) ;
#7870 = ADVANCED_FACE ( 'NONE', ( #3604 ), #5997, .T. ) ;
#7871 = DIRECTION ( 'NONE',  ( 0.6785983445458477759, -0.6785983445458477759, 0.2810846377148168984 ) ) ;
#7872 = DIRECTION ( 'NONE',  ( 1.000000000000000000, 0.000000000000000000, 0.000000000000000000 ) ) ;
#7873 = ADVANCED_FACE ( 'NONE', ( #386 ), #8947, .F. ) ;
#7874 = EDGE_CURVE ( 'NONE', #11080, #299, #4382, .T. ) ;
#7875 = AXIS2_PLACEMENT_3D ( 'NONE', #7679, #11101, #3388 ) ;
#7876 = CARTESIAN_POINT ( 'NONE',  ( 18.54928690381846579, -282.8810864692734981, -38.11798626738899998 ) ) ;
#7877 = FACE_OUTER_BOUND ( 'NONE', #1318, .T. ) ;
#7878 = CARTESIAN_POINT ( 'NONE',  ( 53.52088215633504831, -290.3541052776548668, -24.25798626738903607 ) ) ;
#7879 = CARTESIAN_POINT ( 'NONE',  ( 56.78088215633500369, -315.3820313402289912, -38.11798626738899998 ) ) ;
#7880 = DIRECTION ( 'NONE',  ( 0.000000000000000000, 1.000000000000000000, 0.000000000000000000 ) ) ;
#7881 = DIRECTION ( 'NONE',  ( 0.000000000000000000, 0.000000000000000000, 1.000000000000000000 ) ) ;
#7882 = VECTOR ( 'NONE', #8803, 1000.000000000000000 ) ;
#7883 = ORIENTED_EDGE ( 'NONE', *, *, #228, .T. ) ;
#7884 = VERTEX_POINT ( 'NONE', #7947 ) ;
#7885 = ORIENTED_EDGE ( 'NONE', *, *, #8206, .F. ) ;
#7886 = SPHERICAL_SURFACE ( 'NONE', #8620, 3.000000000000000000 ) ;
#7887 = ORIENTED_EDGE ( 'NONE', *, *, #4831, .F. ) ;
#7888 = LINE ( 'NONE', #7779, #3954 ) ;
#7889 = EDGE_CURVE ( 'NONE', #9758, #7747, #7041, .T. ) ;
#7890 = CARTESIAN_POINT ( 'NONE',  ( 29.90588215633500369, -312.3820313402289912, 220.0996348679430525 ) ) ;
#7891 = CIRCLE ( 'NONE', #8060, 1.299999999999999156 ) ;
#7892 = CARTESIAN_POINT ( 'NONE',  ( 25.40588215633500369, -297.1475313402289657, 223.6996348679430184 ) ) ;
#7893 = CARTESIAN_POINT ( 'NONE',  ( 61.43775901582466759, -288.5832368230450129, -39.63094095126296423 ) ) ;
#7894 = CARTESIAN_POINT ( 'NONE',  ( 20.18088215633500226, -289.9034704378889273, -38.11798626738899998 ) ) ;
#7895 = ORIENTED_EDGE ( 'NONE', *, *, #7665, .F. ) ;
#7896 = VERTEX_POINT ( 'NONE', #6361 ) ;
#7897 = EDGE_LOOP ( 'NONE', ( #2831, #9314 ) ) ;
#7898 = CIRCLE ( 'NONE', #1985, 2.999999999999996003 ) ;
#7899 = ORIENTED_EDGE ( 'NONE', *, *, #5794, .T. ) ;
#7900 = VECTOR ( 'NONE', #3837, 1000.000000000000000 ) ;
#7901 = CARTESIAN_POINT ( 'NONE',  ( 18.93671885364502572, -233.0645379890267748, -37.92695809225457282 ) ) ;
#7902 = CARTESIAN_POINT ( 'NONE',  ( 21.98789719912264573, -285.4939982801615770, -25.03113222348316214 ) ) ;
#7903 = CARTESIAN_POINT ( 'NONE',  ( 29.65588215633500369, -263.0070313402289912, -23.81798626738900282 ) ) ;
#7904 = AXIS2_PLACEMENT_3D ( 'NONE', #5673, #1389, #4823 ) ;
#7905 = DIRECTION ( 'NONE',  ( 0.000000000000000000, 0.000000000000000000, -1.000000000000000000 ) ) ;
#7906 = AXIS2_PLACEMENT_3D ( 'NONE', #10814, #10082, #10922 ) ;
#7907 = CARTESIAN_POINT ( 'NONE',  ( 43.23504882300166230, -219.1478646735622817, -26.01381960072240318 ) ) ;
#7908 = LINE ( 'NONE', #1826, #415 ) ;
#7909 = CARTESIAN_POINT ( 'NONE',  ( 58.78088215633499658, -266.1320313402289912, -38.11798626738899998 ) ) ;
#7910 = ORIENTED_EDGE ( 'NONE', *, *, #8855, .F. ) ;
#7911 = ORIENTED_EDGE ( 'NONE', *, *, #1925, .T. ) ;
#7912 = VERTEX_POINT ( 'NONE', #3821 ) ;
#7913 = AXIS2_PLACEMENT_3D ( 'NONE', #874, #6054, #7959 ) ;
#7914 = CARTESIAN_POINT ( 'NONE',  ( 20.18088215633500226, -289.9034704378889273, -27.21798626738900140 ) ) ;
#7915 = CARTESIAN_POINT ( 'NONE',  ( 54.19588215633498862, -237.2108035506304873, -27.21798626738900140 ) ) ;
#7916 = DIRECTION ( 'NONE',  ( 0.000000000000000000, 0.000000000000000000, 1.000000000000000000 ) ) ;
#7917 = CARTESIAN_POINT ( 'NONE',  ( 20.63277870805914915, -232.9784506520333025, -45.13880154756031970 ) ) ;
#7918 = DIRECTION ( 'NONE',  ( -0.000000000000000000, -0.000000000000000000, 1.000000000000000000 ) ) ;
#7919 = B_SPLINE_CURVE_WITH_KNOTS ( 'NONE', 3,
 ( #3144, #9234, #1402, #9966, #3315, #8279, #6755, #3994, #3938, #6583, #10017, #9180, #501, #2297, #7545, #7485, #1514, #10182, #3198, #6641, #4945, #7378, #1350, #9072 ),
 .UNSPECIFIED., .F., .F.,
 ( 4, 2, 2, 2, 2, 2, 2, 2, 2, 2, 2, 4 ),
 ( 0.000000000000000000, 0.0004966388408194896470, 0.0009932776816389792939, 0.001986555363277958588, 0.002979833044916937665, 0.003973110726555917176, 0.004966388408194896686, 0.005959666089833875330, 0.006952943771472854841, 0.007449582612292371050, 0.007697902032702104436, 0.007946221453111837821 ),
 .UNSPECIFIED. ) ;
#7920 = DIRECTION ( 'NONE',  ( -0.000000000000000000, -0.000000000000000000, 1.000000000000000000 ) ) ;
#7921 = VECTOR ( 'NONE', #1458, 1000.000000000000000 ) ;
#7922 = CIRCLE ( 'NONE', #6842, 3.250000000000002665 ) ;
#7923 = EDGE_CURVE ( 'NONE', #10732, #7777, #10528, .T. ) ;
#7924 =( BOUNDED_CURVE ( )  B_SPLINE_CURVE ( 3, ( #2930, #6372, #9804, #7610 ),
 .UNSPECIFIED., .F., .F. ) 
 B_SPLINE_CURVE_WITH_KNOTS ( ( 4, 4 ),
 ( 5.358687460329695007, 6.283185307179586232 ),
 .UNSPECIFIED. ) 
 CURVE ( )  GEOMETRIC_REPRESENTATION_ITEM ( )  RATIONAL_B_SPLINE_CURVE ( ( 1.000000000000000000, 0.9300345514053082185, 0.9300345514053082185, 1.000000000000000000 ) ) 
 REPRESENTATION_ITEM ( '' )  );
#7925 = ORIENTED_EDGE ( 'NONE', *, *, #5951, .T. ) ;
#7926 = DIRECTION ( 'NONE',  ( 0.000000000000000000, 1.000000000000000000, 0.000000000000000000 ) ) ;
#7927 = FACE_BOUND ( 'NONE', #4454, .T. ) ;
#7928 = LINE ( 'NONE', #3642, #10967 ) ;
#7929 = CIRCLE ( 'NONE', #7205, 3.000000000000002665 ) ;
#7930 = CARTESIAN_POINT ( 'NONE',  ( 18.51114448637251186, -285.8937796366385555, -37.89280708705319967 ) ) ;
#7931 = DIRECTION ( 'NONE',  ( -1.000000000000000000, 0.000000000000000000, 0.000000000000000000 ) ) ;
#7932 = DIRECTION ( 'NONE',  ( -0.000000000000000000, -0.000000000000000000, -1.000000000000000000 ) ) ;
#7933 = DIRECTION ( 'NONE',  ( 1.000000000000000000, 0.000000000000000000, 0.000000000000000000 ) ) ;
#7934 = FACE_OUTER_BOUND ( 'NONE', #8362, .T. ) ;
#7935 = CARTESIAN_POINT ( 'NONE',  ( 53.78088215633500369, -205.8820313402289912, -38.11798626738899998 ) ) ;
#7937 = EDGE_CURVE ( 'NONE', #5462, #6193, #2027, .T. ) ;
#7936 = CIRCLE ( 'NONE', #3430, 5.000000000000004441 ) ;
#7938 = ADVANCED_FACE ( 'NONE', ( #5562 ), #3765, .F. ) ;
#7939 = ORIENTED_EDGE ( 'NONE', *, *, #3308, .T. ) ;
#7940 = VERTEX_POINT ( 'NONE', #1124 ) ;
#7941 = ORIENTED_EDGE ( 'NONE', *, *, #1386, .T. ) ;
#7942 = PLANE ( 'NONE',  #11129 ) ;
#7943 = ORIENTED_EDGE ( 'NONE', *, *, #2977, .F. ) ;
#7944 = CARTESIAN_POINT ( 'NONE',  ( 57.44588215633498862, -237.2108035506304873, -33.11798626738899998 ) ) ;
#7945 = EDGE_CURVE ( 'NONE', #10357, #656, #10474, .T. ) ;
#7946 = CIRCLE ( 'NONE', #5417, 1.700000000000000178 ) ;
#7947 = CARTESIAN_POINT ( 'NONE',  ( 58.22846836323154918, -241.3881303069155422, -35.11798626738899998 ) ) ;
#7948 = CARTESIAN_POINT ( 'NONE',  ( 61.62964385657399902, -289.7806520616160810, -39.77533041203147235 ) ) ;
#7949 = ADVANCED_FACE ( 'NONE', ( #9843 ), #9793, .T. ) ;
#7950 = CARTESIAN_POINT ( 'NONE',  ( 21.28965425306440906, -232.9688232597148669, -24.63505830824742660 ) ) ;
#7951 = EDGE_CURVE ( 'NONE', #6051, #8906, #6304, .T. ) ;
#7952 = ORIENTED_EDGE ( 'NONE', *, *, #10486, .T. ) ;
#7953 = EDGE_CURVE ( 'NONE', #5707, #335, #9411, .T. ) ;
#7954 = ORIENTED_EDGE ( 'NONE', *, *, #293, .T. ) ;
#7955 = VERTEX_POINT ( 'NONE', #280 ) ;
#7956 = AXIS2_PLACEMENT_3D ( 'NONE', #4028, #8252, #4922 ) ;
#7957 = ORIENTED_EDGE ( 'NONE', *, *, #7808, .T. ) ;
#7958 = EDGE_LOOP ( 'NONE', ( #9484, #6983, #165, #8385 ) ) ;
#7959 = DIRECTION ( 'NONE',  ( 0.000000000000000000, -1.000000000000000000, 0.000000000000000000 ) ) ;
#7960 = AXIS2_PLACEMENT_3D ( 'NONE', #1681, #7708, #7880 ) ;
#7961 = CARTESIAN_POINT ( 'NONE',  ( 16.27199520571731739, -235.3840176216994848, -38.14464173871074593 ) ) ;
#7962 = DIRECTION ( 'NONE',  ( 0.000000000000000000, 0.000000000000000000, 1.000000000000000000 ) ) ;
#7963 = CARTESIAN_POINT ( 'NONE',  ( 20.60588215633500297, -285.6747738301858135, -45.13880154756031970 ) ) ;
#7964 = AXIS2_PLACEMENT_3D ( 'NONE', #2052, #411, #6221 ) ;
#7965 = CARTESIAN_POINT ( 'NONE',  ( 21.48088215633500653, -289.9034704378889273, -43.11798626738900708 ) ) ;
#7966 = DIRECTION ( 'NONE',  ( 0.000000000000000000, -1.000000000000000000, 0.000000000000000000 ) ) ;
#7967 = CARTESIAN_POINT ( 'NONE',  ( 32.40588215633500369, -268.2855313402289994, -26.81798626738900282 ) ) ;
#7968 = ADVANCED_FACE ( 'NONE', ( #7210 ), #8901, .F. ) ;
#7969 = ORIENTED_EDGE ( 'NONE', *, *, #2424, .T. ) ;
#7970 = VERTEX_POINT ( 'NONE', #7153 ) ;
#7971 = ORIENTED_EDGE ( 'NONE', *, *, #9532, .F. ) ;
#7972 = VECTOR ( 'NONE', #4066, 1000.000000000000114 ) ;
#7973 = AXIS2_PLACEMENT_3D ( 'NONE', #2592, #3496, #4448 ) ;
#7974 = CARTESIAN_POINT ( 'NONE',  ( 56.05312156185059536, -294.2003581408113178, -24.80308417999203385 ) ) ;
#7975 = CARTESIAN_POINT ( 'NONE',  ( 18.54866188514405323, -296.9256083888835178, -38.11798626738899998 ) ) ;
#7976 = CARTESIAN_POINT ( 'NONE',  ( 47.35588215633499942, -318.3820313402290481, -23.81798626738900282 ) ) ;
#7977 = DIRECTION ( 'NONE',  ( 0.1931034482758689774, 0.9811784028727746909, 0.000000000000000000 ) ) ;
#7978 = CARTESIAN_POINT ( 'NONE',  ( 17.64518569872903697, -243.5252160176416965, -38.32859043907614449 ) ) ;
#7979 = AXIS2_PLACEMENT_3D ( 'NONE', #5308, #8751, #1988 ) ;
#7980 = CARTESIAN_POINT ( 'NONE',  ( 57.44588215633498862, -237.2108035506304873, -43.11798626738900708 ) ) ;
#7981 = VECTOR ( 'NONE', #4723, 1000.000000000000114 ) ;
#7982 = ORIENTED_EDGE ( 'NONE', *, *, #2560, .F. ) ;
#7983 = ORIENTED_EDGE ( 'NONE', *, *, #4699, .F. ) ;
#7984 = DIRECTION ( 'NONE',  ( 0.000000000000000000, -1.000000000000000000, 0.000000000000000000 ) ) ;
#7985 = AXIS2_PLACEMENT_3D ( 'NONE', #9268, #8261, #2332 ) ;
#7986 = DIRECTION ( 'NONE',  ( 1.000000000000000000, 0.000000000000000000, 0.000000000000000000 ) ) ;
#7987 = AXIS2_PLACEMENT_3D ( 'NONE', #4436, #7029, #3647 ) ;
#7988 = PLANE ( 'NONE',  #10617 ) ;
#7989 = CARTESIAN_POINT ( 'NONE',  ( 19.23652864610452440, -285.7390209473640539, -38.01459791420475653 ) ) ;
#7990 = DIRECTION ( 'NONE',  ( 0.000000000000000000, -0.7071067811865230368, 0.7071067811865721087 ) ) ;
#7991 = CARTESIAN_POINT ( 'NONE',  ( 60.69485682906989155, -234.3561633336802288, -38.63098762790072982 ) ) ;
#7992 = CYLINDRICAL_SURFACE ( 'NONE', #786, 3.000000000000002665 ) ;
#7993 = CARTESIAN_POINT ( 'NONE',  ( 20.18088215633500226, -289.9034704378889273, -27.21798626738900140 ) ) ;
#7994 = LINE ( 'NONE', #271, #10063 ) ;
#7995 = AXIS2_PLACEMENT_3D ( 'NONE', #2949, #2104, #1258 ) ;
#7996 = EDGE_CURVE ( 'NONE', #3210, #10126, #9003, .T. ) ;
#7997 = ORIENTED_EDGE ( 'NONE', *, *, #8622, .T. ) ;
#7998 = ORIENTED_EDGE ( 'NONE', *, *, #6915, .T. ) ;
#7999 = EDGE_LOOP ( 'NONE', ( #8687, #7174, #3503, #6123 ) ) ;
#8000 = CARTESIAN_POINT ( 'NONE',  ( 59.36434835408648070, -286.1421497174969772, -35.45105804369104874 ) ) ;
#8001 = EDGE_LOOP ( 'NONE', ( #4401, #11041, #6845, #3118 ) ) ;
#8002 = DIRECTION ( 'NONE',  ( 0.000000000000000000, 0.000000000000000000, 1.000000000000000000 ) ) ;
#8003 = ADVANCED_FACE ( 'NONE', ( #2921 ), #4610, .F. ) ;
#8004 = DIRECTION ( 'NONE',  ( 0.000000000000000000, 0.000000000000000000, 1.000000000000000000 ) ) ;
#8005 = CARTESIAN_POINT ( 'NONE',  ( 61.66295361196789315, -291.0342011770267163, -40.28279687874508852 ) ) ;
#8006 = EDGE_LOOP ( 'NONE', ( #3990, #5655, #2246, #3156 ) ) ;
#8007 = ORIENTED_EDGE ( 'NONE', *, *, #7460, .T. ) ;
#8008 = ORIENTED_EDGE ( 'NONE', *, *, #4010, .T. ) ;
#8009 = ORIENTED_EDGE ( 'NONE', *, *, #303, .T. ) ;
#8010 = VERTEX_POINT ( 'NONE', #8162 ) ;
#8011 = CYLINDRICAL_SURFACE ( 'NONE', #8981, 1.500000000000001332 ) ;
#8012 = EDGE_CURVE ( 'NONE', #146, #3252, #9633, .T. ) ;
#8013 = CARTESIAN_POINT ( 'NONE',  ( 18.79150854508791113, -233.1632074917896489, -35.17300586094197712 ) ) ;
#8014 = ADVANCED_FACE ( 'NONE', ( #6630 ), #4776, .F. ) ;
#8015 = DIRECTION ( 'NONE',  ( 0.000000000000000000, 0.000000000000000000, 1.000000000000000000 ) ) ;
#8016 = EDGE_CURVE ( 'NONE', #10629, #7823, #8157, .T. ) ;
#8017 = CARTESIAN_POINT ( 'NONE',  ( 57.44588215633498862, -237.2108035506304873, -33.11798626738899998 ) ) ;
#8018 = CARTESIAN_POINT ( 'NONE',  ( 44.93088215633500226, -293.2570313402289912, -23.81798626738900282 ) ) ;
#8019 = DIRECTION ( 'NONE',  ( -0.7071067811865474617, 0.000000000000000000, 0.7071067811865474617 ) ) ;
#8020 = CARTESIAN_POINT ( 'NONE',  ( 51.03088215633499658, -315.6320313402289912, -33.11798626738899998 ) ) ;
#8021 = ORIENTED_EDGE ( 'NONE', *, *, #7951, .F. ) ;
#8022 = ORIENTED_EDGE ( 'NONE', *, *, #8288, .T. ) ;
#8023 = ORIENTED_EDGE ( 'NONE', *, *, #3217, .T. ) ;
#8024 = ADVANCED_FACE ( 'NONE', ( #7478 ), #1341, .T. ) ;
#8025 = CARTESIAN_POINT ( 'NONE',  ( 25.40588215633500369, -307.0147813402290353, -26.81798626738900282 ) ) ;
#8026 = ADVANCED_FACE ( 'NONE', ( #3875 ), #10854, .F. ) ;
#8027 = DIRECTION ( 'NONE',  ( 0.000000000000000000, 1.000000000000000000, 0.000000000000000000 ) ) ;
#8028 = CARTESIAN_POINT ( 'NONE',  ( 24.18650800147217694, -220.8994705579673905, -24.23731433282929615 ) ) ;
#8029 = DIRECTION ( 'NONE',  ( 0.000000000000000000, 1.000000000000000000, 0.000000000000000000 ) ) ;
#8030 = CARTESIAN_POINT ( 'NONE',  ( 15.92197071889777504, -238.9242152220203366, -40.19854272592724698 ) ) ;
#8031 = CARTESIAN_POINT ( 'NONE',  ( 57.38088215633500511, -289.9034704378889273, -35.11798626738899998 ) ) ;
#8032 = ORIENTED_EDGE ( 'NONE', *, *, #3040, .T. ) ;
#8033 = VERTEX_POINT ( 'NONE', #6521 ) ;
#8034 = CARTESIAN_POINT ( 'NONE',  ( 53.78088215633500369, -326.3820313402290481, -44.11798626738900708 ) ) ;
#8035 = CARTESIAN_POINT ( 'NONE',  ( 56.52696126282842215, -232.9834588062074943, -24.59217653985204066 ) ) ;
#8036 = CARTESIAN_POINT ( 'NONE',  ( 17.67097969212508346, -286.4715144757079202, -35.85166547323380115 ) ) ;
#8037 = CARTESIAN_POINT ( 'NONE',  ( 23.78088215633500369, -333.8820313402291049, -44.11798626738900708 ) ) ;
#8038 = CARTESIAN_POINT ( 'NONE',  ( 61.73181244409706636, -236.7594080546956263, -40.57738967060047486 ) ) ;
#8039 = CARTESIAN_POINT ( 'NONE',  ( 23.90588215633500369, -218.8820313402289912, -38.11798626738899998 ) ) ;
#8040 = AXIS2_PLACEMENT_3D ( 'NONE', #4299, #8412, #691 ) ;
#8041 = CARTESIAN_POINT ( 'NONE',  ( 15.78088215633499658, -205.8820313402289912, -41.11798626738899287 ) ) ;
#8042 = LINE ( 'NONE', #2807, #7199 ) ;
#8043 = ORIENTED_EDGE ( 'NONE', *, *, #10637, .T. ) ;
#8044 = EDGE_LOOP ( 'NONE', ( #179, #1841, #2637, #3410 ) ) ;
#8045 = ORIENTED_EDGE ( 'NONE', *, *, #4624, .F. ) ;
#8046 = CYLINDRICAL_SURFACE ( 'NONE', #3206, 3.000000000000002665 ) ;
#8047 = VECTOR ( 'NONE', #7179, 1000.000000000000000 ) ;
#8048 = EDGE_LOOP ( 'NONE', ( #6312, #7834, #4057, #1014 ) ) ;
#8049 = EDGE_CURVE ( 'NONE', #6944, #10002, #1445, .T. ) ;
#8050 = DIRECTION ( 'NONE',  ( 1.000000000000000000, 0.000000000000000000, 0.000000000000000000 ) ) ;
#8051 = VECTOR ( 'NONE', #1240, 1000.000000000000000 ) ;
#8052 = CARTESIAN_POINT ( 'NONE',  ( 61.42442657704351205, -288.5902184174100853, -38.71041298573185685 ) ) ;
#8053 = EDGE_LOOP ( 'NONE', ( #7982, #943, #4584, #2818 ) ) ;
#8054 = VERTEX_POINT ( 'NONE', #662 ) ;
#8055 = EDGE_LOOP ( 'NONE', ( #4241, #9175, #614, #1993 ) ) ;
#8056 = EDGE_CURVE ( 'NONE', #5695, #8473, #3925, .T. ) ;
#8057 = ORIENTED_EDGE ( 'NONE', *, *, #3174, .T. ) ;
#8058 = EDGE_LOOP ( 'NONE', ( #572, #10466, #7510, #4688 ) ) ;
#8059 = CARTESIAN_POINT ( 'NONE',  ( 23.78088215633500369, -205.8820313402289912, 105.9245421747346825 ) ) ;
#8060 = AXIS2_PLACEMENT_3D ( 'NONE', #9321, #7467, #9266 ) ;
#8061 = FACE_OUTER_BOUND ( 'NONE', #9528, .T. ) ;
#8062 = DIRECTION ( 'NONE',  ( -1.000000000000000000, 0.000000000000000000, 0.000000000000000000 ) ) ;
#8063 = CARTESIAN_POINT ( 'NONE',  ( 44.93088215633500226, -231.1330313402289960, -24.31798626738900282 ) ) ;
#8064 = DIRECTION ( 'NONE',  ( 0.000000000000000000, 1.000000000000000000, 0.000000000000000000 ) ) ;
#8065 = DIRECTION ( 'NONE',  ( 0.000000000000000000, 0.000000000000000000, 1.000000000000000000 ) ) ;
#8066 = DIRECTION ( 'NONE',  ( -0.000000000000000000, -0.000000000000000000, 1.000000000000000000 ) ) ;
#8067 = AXIS2_PLACEMENT_3D ( 'NONE', #867, #4296, #3449 ) ;
#8068 = EDGE_LOOP ( 'NONE', ( #8895, #4755, #3256, #8293 ) ) ;
#8069 = EDGE_LOOP ( 'NONE', ( #8613, #1400, #7417, #1207, #3868, #1116, #9770, #7969, #6472, #498, #2954, #8868 ) ) ;
#8070 = EDGE_CURVE ( 'NONE', #1250, #9628, #7534, .T. ) ;
#8072 = ADVANCED_FACE ( 'NONE', ( #4936 ), #5731, .F. ) ;
#8071 = ORIENTED_EDGE ( 'NONE', *, *, #7786, .F. ) ;
#8073 = CARTESIAN_POINT ( 'NONE',  ( 29.65588215633500369, -224.8820313402289912, -23.81798626738900282 ) ) ;
#8074 = ADVANCED_FACE ( 'NONE', ( #609 ), #4908, .F. ) ;
#8075 = VECTOR ( 'NONE', #6539, 1000.000000000000000 ) ;
#8076 = CARTESIAN_POINT ( 'NONE',  ( 18.88088215633499445, -289.9034704378889273, -33.11798626738899998 ) ) ;
#8077 = FACE_OUTER_BOUND ( 'NONE', #6528, .T. ) ;
#8078 = LINE ( 'NONE', #3738, #3113 ) ;
#8079 = LINE ( 'NONE', #2213, #7526 ) ;
#8080 = DIRECTION ( 'NONE',  ( 0.000000000000000000, 0.000000000000000000, 1.000000000000000000 ) ) ;
#8081 = VERTEX_POINT ( 'NONE', #4090 ) ;
#8082 = CIRCLE ( 'NONE', #3213, 7.500000000000055067 ) ;
#8084 = EDGE_CURVE ( 'NONE', #3718, #915, #10120, .T. ) ;
#8083 = VECTOR ( 'NONE', #3649, 1000.000000000000000 ) ;
#8085 = VERTEX_POINT ( 'NONE', #10798 ) ;
#8086 = LINE ( 'NONE', #3640, #5739 ) ;
#8087 = FACE_OUTER_BOUND ( 'NONE', #1551, .T. ) ;
#8088 = EDGE_CURVE ( 'NONE', #6334, #10127, #4993, .T. ) ;
#8089 = FACE_OUTER_BOUND ( 'NONE', #334, .T. ) ;
#8090 = DIRECTION ( 'NONE',  ( 1.000000000000000000, 0.000000000000000000, 0.000000000000000000 ) ) ;
#8091 = CARTESIAN_POINT ( 'NONE',  ( 61.56558860839326286, -234.9911480033128157, -39.99926693137759770 ) ) ;
#8092 = CIRCLE ( 'NONE', #6121, 4.250000000000010658 ) ;
#8093 = DIRECTION ( 'NONE',  ( 1.000000000000000000, 0.000000000000000000, 0.000000000000000000 ) ) ;
#8094 = AXIS2_PLACEMENT_3D ( 'NONE', #1167, #1906, #2749 ) ;
#8095 = LINE ( 'NONE', #374, #7171 ) ;
#8096 = DIRECTION ( 'NONE',  ( 0.000000000000000000, 1.000000000000000000, 0.000000000000000000 ) ) ;
#8097 = CARTESIAN_POINT ( 'NONE',  ( 50.53088215633499658, -326.3820313402290481, 105.9245421747346825 ) ) ;
#8098 = ORIENTED_EDGE ( 'NONE', *, *, #3780, .T. ) ;
#8099 = VERTEX_POINT ( 'NONE', #9114 ) ;
#8100 = AXIS2_PLACEMENT_3D ( 'NONE', #5500, #2813, #6360 ) ;
#8101 = ORIENTED_EDGE ( 'NONE', *, *, #1070, .F. ) ;
#8102 = CARTESIAN_POINT ( 'NONE',  ( 61.32068616841438313, -288.2966940032700336, -38.33176577565131282 ) ) ;
#8103 = DIRECTION ( 'NONE',  ( 0.000000000000000000, 0.000000000000000000, 1.000000000000000000 ) ) ;
#8104 = CARTESIAN_POINT ( 'NONE',  ( 44.93088215633500226, -289.5570313402290594, -26.81798626738900282 ) ) ;
#8105 = CARTESIAN_POINT ( 'NONE',  ( 53.08088215633500084, -266.1320313402289912, -23.81798626738900282 ) ) ;
#8106 = DIRECTION ( 'NONE',  ( -0.000000000000000000, -0.000000000000000000, -1.000000000000000000 ) ) ;
#8107 = VECTOR ( 'NONE', #6447, 1000.000000000000114 ) ;
#8108 = CARTESIAN_POINT ( 'NONE',  ( 61.58427819117881086, -289.2646249760634305, -39.46983582710227978 ) ) ;
#8109 = EDGE_LOOP ( 'NONE', ( #5335, #10130, #9587, #3774 ) ) ;
#8110 = ORIENTED_EDGE ( 'NONE', *, *, #7735, .F. ) ;
#8111 = VERTEX_POINT ( 'NONE', #6465 ) ;
#8112 = ORIENTED_EDGE ( 'NONE', *, *, #1587, .T. ) ;
#8113 = ORIENTED_EDGE ( 'NONE', *, *, #2479, .T. ) ;
#8114 = VECTOR ( 'NONE', #104, 1000.000000000000000 ) ;
#8115 = DIRECTION ( 'NONE',  ( -1.000000000000000000, 0.000000000000000000, 0.000000000000000000 ) ) ;
#8116 = SURFACE_STYLE_FILL_AREA ( #4787 ) ;
#8117 = LINE ( 'NONE', #3778, #408 ) ;
#8118 = DIRECTION ( 'NONE',  ( -0.000000000000000000, -0.000000000000000000, -1.000000000000000000 ) ) ;
#8119 = EDGE_CURVE ( 'NONE', #7049, #2600, #6717, .T. ) ;
#8120 = DIRECTION ( 'NONE',  ( 0.000000000000000000, 0.000000000000000000, 1.000000000000000000 ) ) ;
#8121 = LINE ( 'NONE', #9811, #9601 ) ;
#8122 = AXIS2_PLACEMENT_3D ( 'NONE', #6116, #8536, #34 ) ;
#8123 = CARTESIAN_POINT ( 'NONE',  ( 25.40588215633500369, -295.6475313402290226, 223.6996348679430184 ) ) ;
#8124 = EDGE_LOOP ( 'NONE', ( #7773, #9258, #8172, #6310 ) ) ;
#8125 = ORIENTED_EDGE ( 'NONE', *, *, #1957, .T. ) ;
#8126 = VERTEX_POINT ( 'NONE', #9899 ) ;
#8127 = AXIS2_PLACEMENT_3D ( 'NONE', #2455, #3483, #3360 ) ;
#8128 = LINE ( 'NONE', #576, #917 ) ;
#8129 = CIRCLE ( 'NONE', #10471, 4.249999999999996447 ) ;
#8130 = CARTESIAN_POINT ( 'NONE',  ( 28.90588215633500013, -249.3820313402290196, -38.11798626738899998 ) ) ;
#8131 = DIRECTION ( 'NONE',  ( 0.000000000000000000, 0.000000000000000000, -1.000000000000000000 ) ) ;
#8132 = EDGE_CURVE ( 'NONE', #6982, #10, #1855, .T. ) ;
#8133 = DIRECTION ( 'NONE',  ( 0.000000000000000000, 1.000000000000000000, 0.000000000000000000 ) ) ;
#8134 = CARTESIAN_POINT ( 'NONE',  ( 32.40588215633500369, -228.7425313402290215, 223.6996348679430184 ) ) ;
#8135 = DIRECTION ( 'NONE',  ( 0.000000000000000000, -1.000000000000000000, 0.000000000000000000 ) ) ;
#8136 = VECTOR ( 'NONE', #321, 1000.000000000000000 ) ;
#8137 = ORIENTED_EDGE ( 'NONE', *, *, #10533, .F. ) ;
#8138 = CIRCLE ( 'NONE', #4549, 2.300000000000024247 ) ;
#8139 = ADVANCED_FACE ( 'NONE', ( #9061 ), #8268, .T. ) ;
#8140 = ORIENTED_EDGE ( 'NONE', *, *, #2902, .T. ) ;
#8141 = CARTESIAN_POINT ( 'NONE',  ( 58.78088215633499658, -282.7899270170613590, -38.11798626738899998 ) ) ;
#8142 = CARTESIAN_POINT ( 'NONE',  ( 38.78088215633500369, -285.8570313402290139, -23.81798626738900282 ) ) ;
#8143 = AXIS2_PLACEMENT_3D ( 'NONE', #7239, #8080, #143 ) ;
#8144 = PLANE ( 'NONE',  #2192 ) ;
#8145 = EDGE_CURVE ( 'NONE', #4687, #10631, #7424, .T. ) ;
#8146 = CARTESIAN_POINT ( 'NONE',  ( 57.44588215633498862, -237.2108035506304873, -23.81798626738900282 ) ) ;
#8147 = CARTESIAN_POINT ( 'NONE',  ( 61.60755161014389358, -236.3409775295255599, -39.44716515938072376 ) ) ;
#8148 = VECTOR ( 'NONE', #8327, 1000.000000000000000 ) ;
#8149 = EDGE_CURVE ( 'NONE', #10355, #10312, #3282, .T. ) ;
#8150 = CARTESIAN_POINT ( 'NONE',  ( 58.68088215633500937, -289.9034704378889273, -43.11798626738900708 ) ) ;
#8151 = EDGE_CURVE ( 'NONE', #2434, #1146, #8498, .T. ) ;
#8152 = CARTESIAN_POINT ( 'NONE',  ( 53.78088215633500369, -266.1320313402289912, -24.51798626738900211 ) ) ;
#8153 = CARTESIAN_POINT ( 'NONE',  ( 25.40588215633500369, -283.4665313402289826, -26.81798626738900282 ) ) ;
#8154 = CARTESIAN_POINT ( 'NONE',  ( 60.12679214363789271, -231.1638646985281014, -38.42816019637984937 ) ) ;
#8155 = VECTOR ( 'NONE', #2148, 1000.000000000000000 ) ;
#8156 = VERTEX_POINT ( 'NONE', #2454 ) ;
#8157 = CIRCLE ( 'NONE', #5814, 1.699999999999996625 ) ;
#8158 = ORIENTED_EDGE ( 'NONE', *, *, #5381, .T. ) ;
#8159 = CARTESIAN_POINT ( 'NONE',  ( 29.65588215633500369, -224.8820313402289912, -26.81798626738900282 ) ) ;
#8160 = DIRECTION ( 'NONE',  ( 1.000000000000000000, 0.000000000000000000, 0.000000000000000000 ) ) ;
#8161 = DIRECTION ( 'NONE',  ( 0.000000000000000000, 0.000000000000000000, -1.000000000000000000 ) ) ;
#8162 = CARTESIAN_POINT ( 'NONE',  ( 53.78088215633500369, -315.3820313402289912, -35.11798626738899998 ) ) ;
#8163 = ADVANCED_FACE ( 'NONE', ( #835 ), #3536, .T. ) ;
#8164 = AXIS2_PLACEMENT_3D ( 'NONE', #1383, #10900, #3073 ) ;
#8165 = DIRECTION ( 'NONE',  ( 0.7071067811865474617, 0.000000000000000000, 0.7071067811865474617 ) ) ;
#8166 = AXIS2_PLACEMENT_3D ( 'NONE', #596, #7466, #4763 ) ;
#8167 = CARTESIAN_POINT ( 'NONE',  ( 59.47919498763656065, -293.7163437699113615, -37.96347383637574779 ) ) ;
#8168 = EDGE_LOOP ( 'NONE', ( #4453, #8338, #7261, #5348 ) ) ;
#8169 = EDGE_LOOP ( 'NONE', ( #98, #6558, #9298 ) ) ;
#8170 = EDGE_LOOP ( 'NONE', ( #5879, #2523, #8182, #4154 ) ) ;
#8171 = UNCERTAINTY_MEASURE_WITH_UNIT (LENGTH_MEASURE( 1.000000000000000082E-05 ), #653, 'distance_accuracy_value', 'NONE');
#8172 = ORIENTED_EDGE ( 'NONE', *, *, #227, .T. ) ;
#8173 = PRODUCT_DEFINITION_FORMATION_WITH_SPECIFIED_SOURCE ( 'ANY', '', #10605, .NOT_KNOWN. ) ;
#8175 = ORIENTED_EDGE ( 'NONE', *, *, #1896, .F. ) ;
#8174 = CIRCLE ( 'NONE', #10146, 2.999999999999979128 ) ;
#8176 = PLANE ( 'NONE',  #3767 ) ;
#8177 = LINE ( 'NONE', #10647, #5986 ) ;
#8178 = CARTESIAN_POINT ( 'NONE',  ( 50.78088215633499658, -216.8820313402289912, -38.11798626738899998 ) ) ;
#8179 = CARTESIAN_POINT ( 'NONE',  ( 54.96361404422233221, -242.0432895345994666, -25.70071815527633774 ) ) ;
#8180 = DIRECTION ( 'NONE',  ( 0.000000000000000000, 0.000000000000000000, 1.000000000000000000 ) ) ;
#8181 = CARTESIAN_POINT ( 'NONE',  ( 32.40588215633500369, -227.9925313402290215, 223.6996348679430184 ) ) ;
#8182 = ORIENTED_EDGE ( 'NONE', *, *, #6628, .F. ) ;
#8183 = ORIENTED_EDGE ( 'NONE', *, *, #1812, .F. ) ;
#8184 = VECTOR ( 'NONE', #8381, 1000.000000000000000 ) ;
#8185 = ORIENTED_EDGE ( 'NONE', *, *, #7665, .T. ) ;
#8186 = CARTESIAN_POINT ( 'NONE',  ( 56.24172149613871596, -294.1583151153849371, -24.70390574910284442 ) ) ;
#8187 = CARTESIAN_POINT ( 'NONE',  ( 16.12400529684494543, -291.2237040527328418, -39.63094095126051286 ) ) ;
#8188 = DIRECTION ( 'NONE',  ( -1.000000000000000000, 0.000000000000000000, 0.000000000000000000 ) ) ;
#8189 = EDGE_CURVE ( 'NONE', #2309, #6432, #10842, .T. ) ;
#8190 = DIRECTION ( 'NONE',  ( 0.000000000000000000, 0.000000000000000000, -1.000000000000000000 ) ) ;
#8191 = CARTESIAN_POINT ( 'NONE',  ( 23.90588215633500369, -230.0039734568930214, -35.11798626738899998 ) ) ;
#8192 = CARTESIAN_POINT ( 'NONE',  ( 16.63088215633494826, -289.9034704378889273, -23.81798626738900282 ) ) ;
#8193 = EDGE_LOOP ( 'NONE', ( #4971, #3799, #9106, #9406 ) ) ;
#8194 = EDGE_CURVE ( 'NONE', #8054, #4097, #11130, .T. ) ;
#8195 = ORIENTED_EDGE ( 'NONE', *, *, #8970, .F. ) ;
#8196 = CARTESIAN_POINT ( 'NONE',  ( 58.74588215633499289, -237.2108035506304873, -43.11798626738900708 ) ) ;
#8197 = CARTESIAN_POINT ( 'NONE',  ( 57.38088215633500511, -289.9034704378889273, -43.11798626738900708 ) ) ;
#8198 = CARTESIAN_POINT ( 'NONE',  ( 29.78088215633500369, -291.7770313402290299, -23.81798626738900282 ) ) ;
#8199 = DIRECTION ( 'NONE',  ( 0.000000000000000000, 0.000000000000000000, 1.000000000000000000 ) ) ;
#8200 = CARTESIAN_POINT ( 'NONE',  ( 61.69347116613435844, -237.0365650707099121, -40.35419645176796877 ) ) ;
#8201 = CYLINDRICAL_SURFACE ( 'NONE', #3297, 1.000000000000000888 ) ;
#8202 = DIRECTION ( 'NONE',  ( 0.000000000000000000, -1.000000000000000000, 0.000000000000000000 ) ) ;
#8203 = CARTESIAN_POINT ( 'NONE',  ( 52.28088215633500369, -266.1320313402289912, -33.11798626738899998 ) ) ;
#8204 = CARTESIAN_POINT ( 'NONE',  ( 38.84338215633500369, -225.3520313402290185, -23.81798626738900282 ) ) ;
#8205 = EDGE_LOOP ( 'NONE', ( #1867, #4467, #3473, #6152 ) ) ;
#8206 = EDGE_CURVE ( 'NONE', #10, #3655, #1620, .T. ) ;
#8207 = VERTEX_POINT ( 'NONE', #8669 ) ;
#8208 = EDGE_CURVE ( 'NONE', #10238, #9512, #781, .T. ) ;
#8209 = DIRECTION ( 'NONE',  ( 0.000000000000000000, 0.000000000000000000, -1.000000000000000000 ) ) ;
#8210 = CARTESIAN_POINT ( 'NONE',  ( 61.63088215633501932, -289.9849726820704632, -39.78475710478495131 ) ) ;
#8211 = LINE ( 'NONE', #10005, #4861 ) ;
#8212 = VECTOR ( 'NONE', #6683, 1000.000000000000000 ) ;
#8213 = CARTESIAN_POINT ( 'NONE',  ( 57.51088215633501477, -289.9034704378889273, -23.81798626738900282 ) ) ;
#8214 = EDGE_CURVE ( 'NONE', #7714, #5204, #4207, .T. ) ;
#8215 = DIRECTION ( 'NONE',  ( -0.000000000000000000, 1.000000000000000000, -0.000000000000000000 ) ) ;
#8216 = DIRECTION ( 'NONE',  ( -0.000000000000000000, -0.000000000000000000, 1.000000000000000000 ) ) ;
#8217 = VERTEX_POINT ( 'NONE', #10233 ) ;
#8218 = VECTOR ( 'NONE', #547, 1000.000000000000000 ) ;
#8219 = ORIENTED_EDGE ( 'NONE', *, *, #3370, .F. ) ;
#8220 = VERTEX_POINT ( 'NONE', #2632 ) ;
#8221 = ORIENTED_EDGE ( 'NONE', *, *, #3593, .T. ) ;
#8222 = ADVANCED_FACE ( 'NONE', ( #2516 ), #6076, .F. ) ;
#8223 = CARTESIAN_POINT ( 'NONE',  ( 23.78088215633500369, -200.8820313402289912, -41.11798626738899287 ) ) ;
#8224 = ORIENTED_EDGE ( 'NONE', *, *, #10196, .F. ) ;
#8225 = DIRECTION ( 'NONE',  ( 0.000000000000000000, 0.000000000000000000, -1.000000000000000000 ) ) ;
#8226 =( LENGTH_UNIT ( ) NAMED_UNIT ( * ) SI_UNIT ( .MILLI., .METRE. ) );
#8227 = CARTESIAN_POINT ( 'NONE',  ( 61.63088215633501932, -289.9034704378888136, -39.78475710479175120 ) ) ;
#8228 = AXIS2_PLACEMENT_3D ( 'NONE', #7976, #9656, #10607 ) ;
#8229 = DIRECTION ( 'NONE',  ( -0.000000000000000000, -0.000000000000000000, 1.000000000000000000 ) ) ;
#8230 = FACE_BOUND ( 'NONE', #10184, .T. ) ;
#8231 = DIRECTION ( 'NONE',  ( 0.000000000000000000, 1.000000000000000000, 0.000000000000000000 ) ) ;
#8232 = CARTESIAN_POINT ( 'NONE',  ( 20.24588215633502131, -237.2108035506304873, -27.21798626738900140 ) ) ;
#8233 = VERTEX_POINT ( 'NONE', #6804 ) ;
#8234 = ORIENTED_EDGE ( 'NONE', *, *, #7734, .T. ) ;
#8235 = ORIENTED_EDGE ( 'NONE', *, *, #7596, .F. ) ;
#8236 = AXIS2_PLACEMENT_3D ( 'NONE', #243, #3620, #2143 ) ;
#8237 = CARTESIAN_POINT ( 'NONE',  ( 17.60501301979982358, -240.6496029055377335, -35.87603205153694574 ) ) ;
#8238 = CARTESIAN_POINT ( 'NONE',  ( 15.86597291032548718, -290.4551902403997587, -40.40824533652591555 ) ) ;
#8239 = FACE_OUTER_BOUND ( 'NONE', #6389, .T. ) ;
#8240 = FACE_BOUND ( 'NONE', #8349, .T. ) ;
#8241 = AXIS2_PLACEMENT_3D ( 'NONE', #1380, #10788, #431 ) ;
#8242 = DIRECTION ( 'NONE',  ( -0.000000000000000000, -0.000000000000000000, -1.000000000000000000 ) ) ;
#8243 = CARTESIAN_POINT ( 'NONE',  ( 30.20588215633500440, -318.3820313402290481, -24.51798626738900211 ) ) ;
#8244 = ORIENTED_EDGE ( 'NONE', *, *, #5650, .T. ) ;
#8246 = EDGE_CURVE ( 'NONE', #2981, #299, #11071, .T. ) ;
#8245 = VECTOR ( 'NONE', #2698, 1000.000000000000114 ) ;
#8247 = ORIENTED_EDGE ( 'NONE', *, *, #10348, .T. ) ;
#8248 = CARTESIAN_POINT ( 'NONE',  ( 59.89829859650873090, -283.6059772196395556, -38.32161694067438873 ) ) ;
#8249 = VECTOR ( 'NONE', #11049, 1000.000000000000000 ) ;
#8250 = LINE ( 'NONE', #9940, #1632 ) ;
#8251 = CARTESIAN_POINT ( 'NONE',  ( 44.93088215633500226, -262.1950313402289794, -23.81798626738900282 ) ) ;
#8252 = DIRECTION ( 'NONE',  ( 0.000000000000000000, 0.000000000000000000, 1.000000000000000000 ) ) ;
#8253 = CARTESIAN_POINT ( 'NONE',  ( 15.78088215633499658, -205.8820313402289912, -43.61798626738902840 ) ) ;
#8254 = LINE ( 'NONE', #7519, #1498 ) ;
#8255 = DIRECTION ( 'NONE',  ( 0.000000000000000000, 1.000000000000000000, 0.000000000000000000 ) ) ;
#8256 = FACE_OUTER_BOUND ( 'NONE', #1563, .T. ) ;
#8257 = ADVANCED_FACE ( 'NONE', ( #953 ), #3359, .F. ) ;
#8258 = VECTOR ( 'NONE', #8617, 1000.000000000000114 ) ;
#8259 = CONICAL_SURFACE ( 'NONE', #3033, 7.500000000000062172, 0.7853981633974187471 ) ;
#8260 = DIRECTION ( 'NONE',  ( -1.000000000000000000, 0.000000000000000000, 0.000000000000000000 ) ) ;
#8261 = DIRECTION ( 'NONE',  ( 0.000000000000000000, 1.000000000000000000, 0.000000000000000000 ) ) ;
#8262 = ORIENTED_EDGE ( 'NONE', *, *, #3015, .T. ) ;
#8263 = VERTEX_POINT ( 'NONE', #2687 ) ;
#8264 = FACE_OUTER_BOUND ( 'NONE', #352, .T. ) ;
#8265 = CARTESIAN_POINT ( 'NONE',  ( 32.40588215633500369, -242.4235313402290046, -26.81798626738900282 ) ) ;
#8266 = CARTESIAN_POINT ( 'NONE',  ( 32.40588215633500369, -268.2855313402289994, 223.6996348679430184 ) ) ;
#8267 = VECTOR ( 'NONE', #10159, 1000.000000000000000 ) ;
#8268 = PLANE ( 'NONE',  #64 ) ;
#8269 = CARTESIAN_POINT ( 'NONE',  ( 29.65588215633500369, -264.5070313402289912, -26.81798626738900282 ) ) ;
#8270 = EDGE_CURVE ( 'NONE', #11080, #6084, #7768, .T. ) ;
#8271 = EDGE_CURVE ( 'NONE', #570, #10036, #3104, .T. ) ;
#8272 = CARTESIAN_POINT ( 'NONE',  ( 58.73355916975435065, -293.9415292286278145, -35.17084190111948772 ) ) ;
#8273 = CIRCLE ( 'NONE', #3415, 3.000000000000002665 ) ;
#8274 = ORIENTED_EDGE ( 'NONE', *, *, #4119, .F. ) ;
#8275 = ORIENTED_EDGE ( 'NONE', *, *, #314, .T. ) ;
#8276 = ORIENTED_EDGE ( 'NONE', *, *, #7996, .T. ) ;
#8277 = EDGE_CURVE ( 'NONE', #2809, #10467, #8878, .T. ) ;
#8278 = ORIENTED_EDGE ( 'NONE', *, *, #97, .T. ) ;
#8279 = CARTESIAN_POINT ( 'NONE',  ( 59.43718310964533913, -240.9781132030856554, -35.46125991380145592 ) ) ;
#8280 = ORIENTED_EDGE ( 'NONE', *, *, #2016, .T. ) ;
#8281 =( BOUNDED_SURFACE ( )  B_SPLINE_SURFACE ( 3, 2, ( 
 ( #5184, #10190, #968 ),
 ( #9466, #1018, #8625 ),
 ( #8515, #9524, #10309 ),
 ( #10423, #6819, #4340 ),
 ( #7669, #3552, #1808 ),
 ( #11087, #7, #1635 ),
 ( #2470, #65, #5915 ),
 ( #2530, #5130, #8566 ),
 ( #3498, #6877, #6938 ),
 ( #1914, #2868, #7155 ),
 ( #6201, #9006, #9634 ),
 ( #3824, #388, #7101 ),
 ( #5564, #7272, #1072 ),
 ( #2081, #4451, #5455 ),
 ( #5504, #229, #4669 ),
 ( #10694, #2975, #8052 ),
 ( #8905, #3711, #6364 ),
 ( #10582, #7893, #8949 ),
 ( #1228, #6307, #9794 ),
 ( #7046, #6413, #8108 ),
 ( #9845, #9742, #2028 ),
 ( #5344, #282, #1125 ),
 ( #7212, #8792, #1973 ),
 ( #1177, #4508, #7948 ),
 ( #3662, #2131, #174 ),
 ( #6249, #3607, #4611 ),
 ( #332, #2762, #10476 ),
 ( #9686, #10529, #2815 ),
 ( #3766, #5404, #8849 ),
 ( #10638, #2922, #4567 ),
 ( #8005, #3139, #7538 ),
 ( #3251, #6634, #612 ),
 ( #2187, #10802, #9961 ),
 ( #3083, #446, #2344 ),
 ( #2292, #4043, #10068 ),
 ( #1509, #9116, #664 ),
 ( #4886, #7371, #5735 ),
 ( #3193, #9065, #7426 ),
 ( #5788, #9227, #2404 ),
 ( #6523, #4938, #3878 ),
 ( #9172, #8330, #6690 ),
 ( #552, #8167, #2241 ),
 ( #1449, #10966, #5624 ),
 ( #1286, #1345, #4093 ),
 ( #8382, #1396, #4830 ),
 ( #10123, #5849, #5679 ),
 ( #6578, #4778, #3987 ),
 ( #4725, #7480, #8272 ),
 ( #7316, #10857, #10011 ),
 ( #10744, #3027, #10910 ) ),
 .UNSPECIFIED., .F., .F., .F. ) 
 B_SPLINE_SURFACE_WITH_KNOTS ( ( 4, 2, 2, 2, 2, 2, 2, 2, 2, 2, 2, 2, 2, 2, 2, 2, 2, 2, 2, 2, 2, 2, 2, 2, 4 ),
 ( 3, 3 ),
 ( 9.063930161978817068E-17, 0.001395158416793504082, 0.002092737625190210695, 0.002790316833586917525, 0.004185475250380330317, 0.005580633667173743977, 0.006975792083967157636, 0.008370950500760570429, 0.009068529709157276825, 0.009766108917553983221, 0.01046368812595068962, 0.01081247773014904281, 0.01116126733434739775, 0.01151005693854575268, 0.01185884654274410588, 0.01255642575114081227, 0.01325400495953751867, 0.01395158416793422507, 0.01534674258472763786, 0.01674190100152105065, 0.01813705941831446344, 0.01883463862671116984, 0.01953221783510787624, 0.02092737625190128903, 0.02232253466869470529 ),
 ( 0.000000000000000000, 1.000000000000000000 ),
 .UNSPECIFIED. ) 
 GEOMETRIC_REPRESENTATION_ITEM ( )  RATIONAL_B_SPLINE_SURFACE ( (
 ( 1.000000000000000000, 0.7071067811865475727, 1.000000000000000000),
 ( 1.000000000000000000, 0.7123957954981929852, 1.000000000000000000),
 ( 1.000000000000000000, 0.7226122310761412537, 1.000000000000000000),
 ( 1.000000000000000000, 0.7427521577071786174, 1.000000000000000000),
 ( 1.000000000000000000, 0.7503260289055230237, 1.000000000000000000),
 ( 1.000000000000000000, 0.7663281865717305186, 1.000000000000000000),
 ( 1.000000000000000000, 0.7747554504495325345, 1.000000000000000000),
 ( 1.000000000000000000, 0.8007138405245544099, 1.000000000000000000),
 ( 1.000000000000000000, 0.8190574523638056714, 1.000000000000000000),
 ( 1.000000000000000000, 0.8541726375605211974, 1.000000000000000000),
 ( 1.000000000000000000, 0.8710288184718457671, 1.000000000000000000),
 ( 1.000000000000000000, 0.9023343786675055433, 1.000000000000000000),
 ( 1.000000000000000000, 0.9168709247764684767, 1.000000000000000000),
 ( 1.000000000000000000, 0.9424177436695663213, 1.000000000000000000),
 ( 1.000000000000000000, 0.9534870254176471827, 1.000000000000000000),
 ( 1.000000000000000000, 0.9674039335142690099, 1.000000000000000000),
 ( 1.000000000000000000, 0.9715950034611254837, 1.000000000000000000),
 ( 1.000000000000000000, 0.9790411433882045822, 1.000000000000000000),
 ( 1.000000000000000000, 0.9822993422417408693, 1.000000000000000000),
 ( 1.000000000000000000, 0.9877217165968689150, 1.000000000000000000),
 ( 1.000000000000000000, 0.9899194850293530079, 1.000000000000000000),
 ( 1.000000000000000000, 0.9922022329690368680, 1.000000000000000000),
 ( 1.000000000000000000, 0.9927891609854285759, 1.000000000000000000),
 ( 1.000000000000000000, 0.9935702415010480015, 1.000000000000000000),
 ( 1.000000000000000000, 0.9937586644865035179, 1.000000000000000000),
 ( 1.000000000000000000, 0.9936948679504680193, 1.000000000000000000),
 ( 1.000000000000000000, 0.9934503466117823312, 1.000000000000000000),
 ( 1.000000000000000000, 0.9925580899918702293, 1.000000000000000000),
 ( 1.000000000000000000, 0.9919089259437233741, 1.000000000000000000),
 ( 1.000000000000000000, 0.9894923314071861764, 1.000000000000000000),
 ( 1.000000000000000000, 0.9872429977141652380, 1.000000000000000000),
 ( 1.000000000000000000, 0.9816694646204722208, 1.000000000000000000),
 ( 1.000000000000000000, 0.9783821117558778591, 1.000000000000000000),
 ( 1.000000000000000000, 0.9708865864744339325, 1.000000000000000000),
 ( 1.000000000000000000, 0.9666764983845136383, 1.000000000000000000),
 ( 1.000000000000000000, 0.9527103898791147163, 1.000000000000000000),
 ( 1.000000000000000000, 0.9416189391553858590, 1.000000000000000000),
 ( 1.000000000000000000, 0.9160118898323049708, 1.000000000000000000),
 ( 1.000000000000000000, 0.9015131126118517413, 1.000000000000000000),
 ( 1.000000000000000000, 0.8703979527128359317, 1.000000000000000000),
 ( 1.000000000000000000, 0.8536837813057888136, 1.000000000000000000),
 ( 1.000000000000000000, 0.8276313082154008738, 1.000000000000000000),
 ( 1.000000000000000000, 0.8187872222609853257, 1.000000000000000000),
 ( 1.000000000000000000, 0.8009817583140226294, 1.000000000000000000),
 ( 1.000000000000000000, 0.7920185850097672953, 1.000000000000000000),
 ( 1.000000000000000000, 0.7660722657189765750, 1.000000000000000000),
 ( 1.000000000000000000, 0.7497544870140067097, 1.000000000000000000),
 ( 1.000000000000000000, 0.7226032605046456281, 1.000000000000000000),
 ( 1.000000000000000000, 0.7123770976721288672, 1.000000000000000000),
 ( 1.000000000000000000, 0.7071067811865476838, 1.000000000000000000) ) ) 
 REPRESENTATION_ITEM ( '' )  SURFACE ( )  );
#8282 = CARTESIAN_POINT ( 'NONE',  ( 20.53088215633500013, -326.3820313402290481, 105.9245421747346825 ) ) ;
#8283 = APPLICATION_CONTEXT ( 'automotive_design' ) ;
#8284 = AXIS2_PLACEMENT_3D ( 'NONE', #4320, #45, #6921 ) ;
#8285 = DIRECTION ( 'NONE',  ( 1.000000000000000000, 0.000000000000000000, 0.000000000000000000 ) ) ;
#8286 = EDGE_CURVE ( 'NONE', #1248, #6040, #8550, .T. ) ;
#8287 = FACE_OUTER_BOUND ( 'NONE', #8334, .T. ) ;
#8288 = EDGE_CURVE ( 'NONE', #789, #6193, #7595, .T. ) ;
#8289 = EDGE_CURVE ( 'NONE', #5324, #5062, #1789, .T. ) ;
#8290 = CARTESIAN_POINT ( 'NONE',  ( 56.78088215633500369, -297.1286001945092607, -33.11798626738899998 ) ) ;
#8291 = CYLINDRICAL_SURFACE ( 'NONE', #4180, 3.000000000000002665 ) ;
#8292 = LINE ( 'NONE', #7495, #5028 ) ;
#8293 = ORIENTED_EDGE ( 'NONE', *, *, #5403, .T. ) ;
#8294 = ORIENTED_EDGE ( 'NONE', *, *, #10295, .F. ) ;
#8295 = AXIS2_PLACEMENT_3D ( 'NONE', #10781, #3908, #2224 ) ;
#8296 = VERTEX_POINT ( 'NONE', #1849 ) ;
#8297 = CARTESIAN_POINT ( 'NONE',  ( 19.33329594943845464, -241.3881303069155422, -35.11798626738899998 ) ) ;
#8298 = CARTESIAN_POINT ( 'NONE',  ( 15.93298629546147716, -290.0691283541929124, -40.11534191116992076 ) ) ;
#8299 = DIRECTION ( 'NONE',  ( 0.000000000000000000, 0.000000000000000000, -1.000000000000000000 ) ) ;
#8300 = STYLED_ITEM ( 'NONE', ( #5633 ), #6288 ) ;
#8301 = DIRECTION ( 'NONE',  ( -0.000000000000000000, -1.000000000000000000, 0.000000000000000000 ) ) ;
#8302 = ADVANCED_FACE ( 'NONE', ( #1110 ), #10517, .F. ) ;
#8303 = CARTESIAN_POINT ( 'NONE',  ( 23.90588215633500369, -244.4176336443679531, -35.11798626738899998 ) ) ;
#8304 = DIRECTION ( 'NONE',  ( 0.000000000000000000, 1.000000000000000000, 0.000000000000000000 ) ) ;
#8305 = VERTEX_POINT ( 'NONE', #7087 ) ;
#8306 = ORIENTED_EDGE ( 'NONE', *, *, #4772, .F. ) ;
#8307 = VECTOR ( 'NONE', #822, 1000.000000000000000 ) ;
#8308 = VERTEX_POINT ( 'NONE', #10623 ) ;
#8309 = CARTESIAN_POINT ( 'NONE',  ( 59.38782918580793080, -283.1342432081577840, -38.17641551499151120 ) ) ;
#8310 = CARTESIAN_POINT ( 'NONE',  ( 20.90588215633500369, -297.1171293569119030, -35.11798626738899998 ) ) ;
#8311 = FACE_OUTER_BOUND ( 'NONE', #8896, .T. ) ;
#8312 = CARTESIAN_POINT ( 'NONE',  ( 58.79648530334866763, -241.3227603389716478, -37.90197404243347989 ) ) ;
#8313 = CARTESIAN_POINT ( 'NONE',  ( 38.84338215633500369, -213.8820313402290196, -24.51798626738900211 ) ) ;
#8314 = LINE ( 'NONE', #3291, #9500 ) ;
#8315 = CIRCLE ( 'NONE', #8683, 1.500000000000001332 ) ;
#8316 = FILL_AREA_STYLE ('',( #10107 ) ) ;
#8317 = CIRCLE ( 'NONE', #8862, 2.999999999999999112 ) ;
#8318 = CARTESIAN_POINT ( 'NONE',  ( 61.73843955116809212, -236.8569172376350593, -40.61513999452220958 ) ) ;
#8319 = DIRECTION ( 'NONE',  ( 0.000000000000000000, 0.000000000000000000, 1.000000000000000000 ) ) ;
#8320 = EDGE_LOOP ( 'NONE', ( #5409, #2808 ) ) ;
#8321 = ORIENTED_EDGE ( 'NONE', *, *, #2799, .T. ) ;
#8322 = FACE_OUTER_BOUND ( 'NONE', #3142, .T. ) ;
#8323 = VECTOR ( 'NONE', #7345, 1000.000000000000000 ) ;
#8324 = DIRECTION ( 'NONE',  ( 1.000000000000000000, 0.000000000000000000, 0.000000000000000000 ) ) ;
#8325 = DIRECTION ( 'NONE',  ( 0.000000000000000000, 0.000000000000000000, 1.000000000000000000 ) ) ;
#8326 = CARTESIAN_POINT ( 'NONE',  ( 57.08295112185224696, -294.1318714394173526, -33.11798626738899998 ) ) ;
#8327 = DIRECTION ( 'NONE',  ( 1.000000000000000000, -0.000000000000000000, 0.000000000000000000 ) ) ;
#8328 = PLANE ( 'NONE',  #5654 ) ;
#8329 = EDGE_CURVE ( 'NONE', #8531, #1743, #7254, .T. ) ;
#8330 = CARTESIAN_POINT ( 'NONE',  ( 59.80075900833879388, -293.5239716958919871, -38.06355604351946198 ) ) ;
#8331 = CIRCLE ( 'NONE', #11020, 1.500000000000001332 ) ;
#8332 = AXIS2_PLACEMENT_3D ( 'NONE', #9741, #1226, #2867 ) ;
#8333 = EDGE_LOOP ( 'NONE', ( #8335, #818, #2521, #2534 ) ) ;
#8334 = EDGE_LOOP ( 'NONE', ( #10656, #8852, #9850, #10599, #5231 ) ) ;
#8335 = ORIENTED_EDGE ( 'NONE', *, *, #9313, .T. ) ;
#8336 = VERTEX_POINT ( 'NONE', #268 ) ;
#8337 = CARTESIAN_POINT ( 'NONE',  ( 53.78088215633501079, -283.6497492891259640, -24.51798626738900566 ) ) ;
#8338 = ORIENTED_EDGE ( 'NONE', *, *, #2145, .T. ) ;
#8339 = EDGE_CURVE ( 'NONE', #10267, #4400, #10461, .T. ) ;
#8340 = CARTESIAN_POINT ( 'NONE',  ( 20.18088215633500226, -289.9034704378889273, -35.11798626738899998 ) ) ;
#8341 = AXIS2_PLACEMENT_3D ( 'NONE', #4315, #10222, #767 ) ;
#8342 = AXIS2_PLACEMENT_3D ( 'NONE', #3863, #10726, #5608 ) ;
#8343 = CARTESIAN_POINT ( 'NONE',  ( 30.70588215633500440, -316.8820313402290481, -33.11798626738899998 ) ) ;
#8344 = DIRECTION ( 'NONE',  ( 0.000000000000000000, 0.000000000000000000, 1.000000000000000000 ) ) ;
#8345 = DIRECTION ( 'NONE',  ( -1.000000000000000000, 0.000000000000000000, 0.000000000000000000 ) ) ;
#8346 = CARTESIAN_POINT ( 'NONE',  ( 16.63088215633494826, -289.9034704378889273, -23.81798626738900282 ) ) ;
#8347 = CARTESIAN_POINT ( 'NONE',  ( 53.78088215633500369, -266.1320313402289912, -24.51798626738900921 ) ) ;
#8348 = VECTOR ( 'NONE', #8699, 1000.000000000000000 ) ;
#8349 = EDGE_LOOP ( 'NONE', ( #2654, #9009 ) ) ;
#8350 = ORIENTED_EDGE ( 'NONE', *, *, #3803, .F. ) ;
#8351 = VECTOR ( 'NONE', #200, 1000.000000000000000 ) ;
#8352 = VERTEX_POINT ( 'NONE', #4550 ) ;
#8353 = ADVANCED_FACE ( 'NONE', ( #6346 ), #3661, .T. ) ;
#8354 = EDGE_CURVE ( 'NONE', #285, #8573, #3751, .T. ) ;
#8355 = ADVANCED_FACE ( 'NONE', ( #1165 ), #7992, .F. ) ;
#8356 = CARTESIAN_POINT ( 'NONE',  ( 18.76240323621048134, -241.3220956979566552, -37.90169447599585340 ) ) ;
#8357 = CARTESIAN_POINT ( 'NONE',  ( 16.49165184302005116, -294.0234564788878515, -39.17131813986893718 ) ) ;
#8358 = DIRECTION ( 'NONE',  ( -1.000000000000000000, 0.000000000000000000, 0.000000000000000000 ) ) ;
#8359 = CARTESIAN_POINT ( 'NONE',  ( 44.93088215633500226, -265.8950313402290249, -26.81798626738900282 ) ) ;
#8360 = DIRECTION ( 'NONE',  ( 0.000000000000000000, 0.000000000000000000, 1.000000000000000000 ) ) ;
#8361 = CARTESIAN_POINT ( 'NONE',  ( 20.57898560461087456, -232.9861100474050772, -43.11798626738900708 ) ) ;
#8362 = EDGE_LOOP ( 'NONE', ( #9682, #2585, #6039, #10848 ) ) ;
#8363 = ORIENTED_EDGE ( 'NONE', *, *, #7515, .F. ) ;
#8364 = EDGE_LOOP ( 'NONE', ( #3438, #2446, #1911, #7887 ) ) ;
#8365 = LINE ( 'NONE', #3063, #5925 ) ;
#8366 = EDGE_CURVE ( 'NONE', #2765, #6432, #8834, .T. ) ;
#8367 = DIRECTION ( 'NONE',  ( -0.000000000000000000, -0.000000000000000000, 1.000000000000000000 ) ) ;
#8368 = VECTOR ( 'NONE', #7905, 1000.000000000000000 ) ;
#8369 = FACE_OUTER_BOUND ( 'NONE', #6954, .T. ) ;
#8370 = CARTESIAN_POINT ( 'NONE',  ( 60.72712473769730934, -242.2515704827964100, -38.82702247325486411 ) ) ;
#8371 = DIRECTION ( 'NONE',  ( 0.000000000000000000, 0.000000000000000000, 1.000000000000000000 ) ) ;
#8372 = DIRECTION ( 'NONE',  ( 0.000000000000000000, 0.000000000000000000, 1.000000000000000000 ) ) ;
#8373 = DIRECTION ( 'NONE',  ( 0.000000000000000000, 1.000000000000000000, 0.000000000000000000 ) ) ;
#8374 = ORIENTED_EDGE ( 'NONE', *, *, #1745, .T. ) ;
#8375 = ORIENTED_EDGE ( 'NONE', *, *, #10185, .F. ) ;
#8376 = DIRECTION ( 'NONE',  ( 1.000000000000000000, 0.000000000000000000, 0.000000000000000000 ) ) ;
#8377 = CARTESIAN_POINT ( 'NONE',  ( 44.93088215633500226, -285.3570313402290139, -23.81798626738900282 ) ) ;
#8378 = FACE_OUTER_BOUND ( 'NONE', #4917, .T. ) ;
#8379 = DIRECTION ( 'NONE',  ( 0.000000000000000000, -1.000000000000000000, 0.000000000000000000 ) ) ;
#8380 = DIRECTION ( 'NONE',  ( -0.5773502691896258421, 0.8164965809277260345, 0.000000000000000000 ) ) ;
#8381 = DIRECTION ( 'NONE',  ( 0.000000000000000000, 0.000000000000000000, 1.000000000000000000 ) ) ;
#8382 = CARTESIAN_POINT ( 'NONE',  ( 60.13319649592081362, -295.8835911813695816, -38.43817098010018185 ) ) ;
#8383 = ORIENTED_EDGE ( 'NONE', *, *, #410, .F. ) ;
#8384 = ORIENTED_EDGE ( 'NONE', *, *, #916, .T. ) ;
#8385 = ORIENTED_EDGE ( 'NONE', *, *, #9853, .F. ) ;
#8386 = ORIENTED_EDGE ( 'NONE', *, *, #1232, .F. ) ;
#8387 = CARTESIAN_POINT ( 'NONE',  ( 44.93088215633500226, -258.4950313402289908, -24.31798626738900282 ) ) ;
#8388 = AXIS2_PLACEMENT_3D ( 'NONE', #1173, #6359, #963 ) ;
#8389 = ORIENTED_EDGE ( 'NONE', *, *, #5794, .F. ) ;
#8390 = DIRECTION ( 'NONE',  ( 1.000000000000000000, 0.000000000000000000, 0.000000000000000000 ) ) ;
#8391 = DIRECTION ( 'NONE',  ( 0.000000000000000000, -1.000000000000000000, 0.000000000000000000 ) ) ;
#8392 = CARTESIAN_POINT ( 'NONE',  ( 29.65588215633500369, -278.2770313402290299, -23.81798626738900282 ) ) ;
#8393 = AXIS2_PLACEMENT_3D ( 'NONE', #10853, #3137, #4089 ) ;
#8394 = CARTESIAN_POINT ( 'NONE',  ( 46.85588215633499942, -317.4749245590425062, -24.31798626738900282 ) ) ;
#8395 = DIRECTION ( 'NONE',  ( 1.000000000000000000, 0.000000000000000000, 0.000000000000000000 ) ) ;
#8396 = EDGE_CURVE ( 'NONE', #570, #586, #1873, .T. ) ;
#8397 = FACE_OUTER_BOUND ( 'NONE', #4332, .T. ) ;
#8398 = ORIENTED_EDGE ( 'NONE', *, *, #9051, .F. ) ;
#8399 = VERTEX_POINT ( 'NONE', #6396 ) ;
#8400 = ORIENTED_EDGE ( 'NONE', *, *, #10544, .F. ) ;
#8401 = AXIS2_PLACEMENT_3D ( 'NONE', #10150, #685, #4912 ) ;
#8402 = CARTESIAN_POINT ( 'NONE',  ( 15.94557398598862008, -238.0734365420640302, -40.07117664587008932 ) ) ;
#8403 = CARTESIAN_POINT ( 'NONE',  ( 15.93174132764267625, -291.3928020767573344, -40.17662474406146345 ) ) ;
#8404 = CARTESIAN_POINT ( 'NONE',  ( 18.48088215633500297, -289.9034704378889273, -23.81798626738900282 ) ) ;
#8405 = DIRECTION ( 'NONE',  ( 0.000000000000000000, 1.000000000000000000, 0.000000000000000000 ) ) ;
#8406 = DIRECTION ( 'NONE',  ( 0.7071067811865474617, 0.000000000000000000, 0.7071067811865474617 ) ) ;
#8407 = ADVANCED_FACE ( 'NONE', ( #3699 ), #9624, .T. ) ;
#8408 = CARTESIAN_POINT ( 'NONE',  ( 29.87463215633500724, -279.8834965417816534, -34.71798626738900140 ) ) ;
#8409 = EDGE_CURVE ( 'NONE', #3885, #9179, #2065, .T. ) ;
#8410 = EDGE_CURVE ( 'NONE', #4906, #3252, #4490, .T. ) ;
#8411 = AXIS2_PLACEMENT_3D ( 'NONE', #10593, #2987, #2936 ) ;
#8412 = DIRECTION ( 'NONE',  ( 0.000000000000000000, 0.000000000000000000, -1.000000000000000000 ) ) ;
#8413 = ORIENTED_EDGE ( 'NONE', *, *, #2168, .T. ) ;
#8414 = ORIENTED_EDGE ( 'NONE', *, *, #2785, .T. ) ;
#8416 = EDGE_CURVE ( 'NONE', #2476, #974, #6292, .T. ) ;
#8415 = ORIENTED_EDGE ( 'NONE', *, *, #7945, .T. ) ;
#8417 = CARTESIAN_POINT ( 'NONE',  ( 53.48838215633499971, -237.2108035506304873, -24.22548626738899813 ) ) ;
#8418 = DIRECTION ( 'NONE',  ( 0.7071067811865745512, -0.000000000000000000, 0.7071067811865205943 ) ) ;
#8419 = VECTOR ( 'NONE', #1017, 1000.000000000000000 ) ;
#8420 = DIRECTION ( 'NONE',  ( 0.000000000000000000, 0.000000000000000000, 1.000000000000000000 ) ) ;
#8421 = CARTESIAN_POINT ( 'NONE',  ( 61.10371636192450495, -241.3278491377896557, -39.21115538505724629 ) ) ;
#8422 = DIRECTION ( 'NONE',  ( 0.000000000000000000, 0.000000000000000000, -1.000000000000000000 ) ) ;
#8423 = LINE ( 'NONE', #5040, #9317 ) ;
#8424 = ADVANCED_FACE ( 'NONE', ( #3589 ), #2013, .F. ) ;
#8425 = DIRECTION ( 'NONE',  ( -0.000000000000000000, -0.000000000000000000, 1.000000000000000000 ) ) ;
#8426 = EDGE_CURVE ( 'NONE', #804, #1980, #5440, .T. ) ;
#8427 = CARTESIAN_POINT ( 'NONE',  ( 20.24588215633502131, -237.2108035506304873, -33.11798626738899998 ) ) ;
#8428 = AXIS2_PLACEMENT_3D ( 'NONE', #5000, #6701, #7434 ) ;
#8429 = CIRCLE ( 'NONE', #5198, 3.000000000000002665 ) ;
#8430 = ORIENTED_EDGE ( 'NONE', *, *, #3519, .T. ) ;
#8431 = ORIENTED_EDGE ( 'NONE', *, *, #4160, .T. ) ;
#8432 = CARTESIAN_POINT ( 'NONE',  ( 57.44588215633498862, -237.2108035506304873, -43.11798626738900708 ) ) ;
#8433 = CARTESIAN_POINT ( 'NONE',  ( 38.84338215633500369, -214.5820313402290083, -23.81798626738900282 ) ) ;
#8434 = CARTESIAN_POINT ( 'NONE',  ( 30.20588215633500440, -318.3820313402290481, -24.51798626738900211 ) ) ;
#8435 = DIRECTION ( 'NONE',  ( 1.000000000000000000, 0.000000000000000000, 0.000000000000000000 ) ) ;
#8436 = CARTESIAN_POINT ( 'NONE',  ( 30.70588215633500440, -316.8820313402290481, -23.81798626738900282 ) ) ;
#8437 = DIRECTION ( 'NONE',  ( 0.000000000000000000, 1.000000000000000000, 0.000000000000000000 ) ) ;
#8438 = CONICAL_SURFACE ( 'NONE', #8973, 3.550000000000053113, 0.7853981633974477239 ) ;
#8439 = DIRECTION ( 'NONE',  ( 1.000000000000000000, 0.000000000000000000, 0.000000000000000000 ) ) ;
#8440 = VECTOR ( 'NONE', #2252, 1000.000000000000000 ) ;
#8441 = CARTESIAN_POINT ( 'NONE',  ( 54.97505738546489340, -285.0859361456485317, -25.71216149651889182 ) ) ;
#8442 = CARTESIAN_POINT ( 'NONE',  ( 57.38088215633500511, -289.9034704378889273, -35.11798626738899998 ) ) ;
#8443 = ORIENTED_EDGE ( 'NONE', *, *, #1130, .T. ) ;
#8444 = ORIENTED_EDGE ( 'NONE', *, *, #2231, .F. ) ;
#8445 = VERTEX_POINT ( 'NONE', #8726 ) ;
#8446 = VECTOR ( 'NONE', #4072, 1000.000000000000000 ) ;
#8447 = EDGE_LOOP ( 'NONE', ( #7287, #502, #5631, #3489 ) ) ;
#8448 = AXIS2_PLACEMENT_3D ( 'NONE', #3624, #6952, #9543 ) ;
#8449 = CARTESIAN_POINT ( 'NONE',  ( 54.97505738546489340, -285.0859361456485317, -25.71216149651889182 ) ) ;
#8450 = EDGE_LOOP ( 'NONE', ( #2883, #9680, #8842, #1814 ) ) ;
#8451 = CARTESIAN_POINT ( 'NONE',  ( 20.63277870805914915, -241.4431564492276721, -24.51798626738901632 ) ) ;
#8452 = LINE ( 'NONE', #734, #5803 ) ;
#8453 = LINE ( 'NONE', #2416, #8603 ) ;
#8454 = VECTOR ( 'NONE', #10590, 1000.000000000000114 ) ;
#8455 = DIRECTION ( 'NONE',  ( 1.000000000000000000, 0.000000000000000000, 0.000000000000000000 ) ) ;
#8456 = CARTESIAN_POINT ( 'NONE',  ( 29.90588215633500369, -313.3820313402289912, 220.0996348679430525 ) ) ;
#8457 = DIRECTION ( 'NONE',  ( 0.000000000000000000, 0.000000000000000000, 1.000000000000000000 ) ) ;
#8458 = ORIENTED_EDGE ( 'NONE', *, *, #9245, .F. ) ;
#8459 = EDGE_LOOP ( 'NONE', ( #2667, #112, #8542, #2679, #10168, #1724, #8458 ) ) ;
#8460 = ORIENTED_EDGE ( 'NONE', *, *, #5940, .T. ) ;
#8461 = CARTESIAN_POINT ( 'NONE',  ( 16.47850767369405744, -239.4203880159688254, -37.59715130703585118 ) ) ;
#8462 = ADVANCED_FACE ( 'NONE', ( #212 ), #1006, .T. ) ;
#8463 = PLANE ( 'NONE',  #577 ) ;
#8464 = CARTESIAN_POINT ( 'NONE',  ( 15.93995701274833543, -289.6178682264535382, -39.71832724624744770 ) ) ;
#8465 = CARTESIAN_POINT ( 'NONE',  ( 28.90588215633500013, -299.6320313402289912, 220.0996348679430525 ) ) ;
#8466 = DIRECTION ( 'NONE',  ( 0.000000000000000000, 1.000000000000000000, 0.000000000000000000 ) ) ;
#8467 = DIRECTION ( 'NONE',  ( 0.000000000000000000, -1.000000000000000000, 0.000000000000000000 ) ) ;
#8468 = DIRECTION ( 'NONE',  ( 1.000000000000000000, 0.000000000000000000, 0.000000000000000000 ) ) ;
#8469 = AXIS2_PLACEMENT_3D ( 'NONE', #5699, #4013, #2311 ) ;
#8470 = DIRECTION ( 'NONE',  ( -2.478176394252580155E-16, 1.000000000000000000, 0.000000000000000000 ) ) ;
#8471 = ORIENTED_EDGE ( 'NONE', *, *, #2953, .F. ) ;
#8472 = ORIENTED_EDGE ( 'NONE', *, *, #3732, .T. ) ;
#8473 = VERTEX_POINT ( 'NONE', #6235 ) ;
#8474 = PLANE ( 'NONE',  #7366 ) ;
#8475 = CARTESIAN_POINT ( 'NONE',  ( 19.16855079737078427, -233.0643403803618412, -35.11798626738900708 ) ) ;
#8477 = EDGE_CURVE ( 'NONE', #4496, #4729, #9673, .T. ) ;
#8476 = AXIS2_PLACEMENT_3D ( 'NONE', #6186, #4487, #7931 ) ;
#8478 = CARTESIAN_POINT ( 'NONE',  ( 45.43088215633500937, -225.3520313402290185, -23.81798626738900282 ) ) ;
#8479 = DIRECTION ( 'NONE',  ( 0.000000000000000000, 0.000000000000000000, 1.000000000000000000 ) ) ;
#8480 = CARTESIAN_POINT ( 'NONE',  ( 17.45495314561612687, -283.8736432041755506, -38.41855878532008717 ) ) ;
#8481 = FACE_OUTER_BOUND ( 'NONE', #541, .T. ) ;
#8482 = CARTESIAN_POINT ( 'NONE',  ( 23.90588215633500369, -297.3820313402289912, -24.51798626738900211 ) ) ;
#8483 = EDGE_CURVE ( 'NONE', #7379, #2754, #7082, .T. ) ;
#8484 = VECTOR ( 'NONE', #8027, 1000.000000000000000 ) ;
#8485 = ORIENTED_EDGE ( 'NONE', *, *, #3174, .F. ) ;
#8486 = ORIENTED_EDGE ( 'NONE', *, *, #6159, .T. ) ;
#8487 = DIRECTION ( 'NONE',  ( 1.000000000000000000, 0.000000000000000000, 0.000000000000000000 ) ) ;
#8488 = ADVANCED_FACE ( 'NONE', ( #1378 ), #6451, .T. ) ;
#8489 = DIRECTION ( 'NONE',  ( -1.000000000000000000, 0.000000000000000000, 0.000000000000000000 ) ) ;
#8490 = DIRECTION ( 'NONE',  ( 0.000000000000000000, 0.000000000000000000, 1.000000000000000000 ) ) ;
#8491 = EDGE_CURVE ( 'NONE', #4271, #4729, #6614, .T. ) ;
#8492 = EDGE_CURVE ( 'NONE', #4702, #3003, #3145, .T. ) ;
#8493 = VECTOR ( 'NONE', #7200, 1000.000000000000000 ) ;
#8494 = CARTESIAN_POINT ( 'NONE',  ( 57.51088215633501477, -289.9034704378889273, -23.81798626738900282 ) ) ;
#8495 = DIRECTION ( 'NONE',  ( 0.000000000000000000, 1.000000000000000000, 0.000000000000000000 ) ) ;
#8496 = DIRECTION ( 'NONE',  ( 0.000000000000000000, 0.000000000000000000, -1.000000000000000000 ) ) ;
#8497 = AXIS2_PLACEMENT_3D ( 'NONE', #6889, #10318, #6209 ) ;
#8498 = LINE ( 'NONE', #6022, #1490 ) ;
#8499 = CARTESIAN_POINT ( 'NONE',  ( 53.78088215633500369, -216.8820313402289912, -35.11798626738899998 ) ) ;
#8500 = EDGE_CURVE ( 'NONE', #6714, #4930, #3972, .T. ) ;
#8501 = CARTESIAN_POINT ( 'NONE',  ( 57.03088215633500369, -326.3820313402290481, 105.9245421747346825 ) ) ;
#8502 = ORIENTED_EDGE ( 'NONE', *, *, #3786, .F. ) ;
#8503 = VECTOR ( 'NONE', #4424, 1000.000000000000000 ) ;
#8504 = EDGE_LOOP ( 'NONE', ( #3314, #2727, #4413, #54, #10342 ) ) ;
#8505 = ORIENTED_EDGE ( 'NONE', *, *, #226, .F. ) ;
#8506 = EDGE_LOOP ( 'NONE', ( #4169, #1592, #8183, #10804 ) ) ;
#8507 = CARTESIAN_POINT ( 'NONE',  ( 30.70588215633500440, -317.8820313402290481, -33.11798626738899998 ) ) ;
#8508 = ORIENTED_EDGE ( 'NONE', *, *, #10884, .T. ) ;
#8509 = FACE_OUTER_BOUND ( 'NONE', #6098, .T. ) ;
#8510 = EDGE_CURVE ( 'NONE', #1012, #9586, #2228, .T. ) ;
#8511 = CARTESIAN_POINT ( 'NONE',  ( 21.94588215633502060, -237.2108035506304873, -27.21798626738900140 ) ) ;
#8512 = CIRCLE ( 'NONE', #6524, 1.700000000000000178 ) ;
#8513 = CARTESIAN_POINT ( 'NONE',  ( 23.90588215633500369, -220.8820313402289912, -33.11798626738899998 ) ) ;
#8514 = VECTOR ( 'NONE', #721, 1000.000000000000000 ) ;
#8515 = CARTESIAN_POINT ( 'NONE',  ( 59.23435621373041471, -283.0151151770870683, -38.14451905154512446 ) ) ;
#8516 = PLANE ( 'NONE',  #6897 ) ;
#8517 = DIRECTION ( 'NONE',  ( -1.000000000000000000, 0.000000000000000000, 0.000000000000000000 ) ) ;
#8518 = ORIENTED_EDGE ( 'NONE', *, *, #5512, .T. ) ;
#8519 = ORIENTED_EDGE ( 'NONE', *, *, #4290, .F. ) ;
#8520 = ORIENTED_EDGE ( 'NONE', *, *, #8838, .F. ) ;
#8521 = CARTESIAN_POINT ( 'NONE',  ( 15.96869235066657211, -235.1443822446959757, -40.06154754626643211 ) ) ;
#8522 = CARTESIAN_POINT ( 'NONE',  ( 21.03817036203826518, -285.6939342952796324, -24.55961486537819383 ) ) ;
#8523 = CARTESIAN_POINT ( 'NONE',  ( 18.08256932503346093, -286.0905971058665500, -37.96347383637574069 ) ) ;
#8524 = DIRECTION ( 'NONE',  ( 1.000000000000000000, 0.000000000000000000, 0.000000000000000000 ) ) ;
#8525 = DIRECTION ( 'NONE',  ( 0.000000000000000000, 0.000000000000000000, 1.000000000000000000 ) ) ;
#8526 = DIRECTION ( 'NONE',  ( 0.000000000000000000, 1.000000000000000000, 0.000000000000000000 ) ) ;
#8527 = DIRECTION ( 'NONE',  ( 1.000000000000000000, 0.000000000000000000, 0.000000000000000000 ) ) ;
#8528 = CIRCLE ( 'NONE', #11034, 1.700000000000000178 ) ;
#8529 = DIRECTION ( 'NONE',  ( -2.478176394252580155E-16, 1.000000000000000000, 0.000000000000000000 ) ) ;
#8530 = VERTEX_POINT ( 'NONE', #8150 ) ;
#8531 = VERTEX_POINT ( 'NONE', #3011 ) ;
#8532 = ORIENTED_EDGE ( 'NONE', *, *, #10821, .F. ) ;
#8533 = PLANE ( 'NONE',  #11137 ) ;
#8534 = CARTESIAN_POINT ( 'NONE',  ( 15.87981180561818029, -237.5606149085736263, -39.97946432767196967 ) ) ;
#8535 = ADVANCED_FACE ( 'NONE', ( #4076 ), #8201, .F. ) ;
#8536 = DIRECTION ( 'NONE',  ( 0.000000000000000000, 0.000000000000000000, 1.000000000000000000 ) ) ;
#8537 = CARTESIAN_POINT ( 'NONE',  ( 15.94412459117254599, -290.2455774202118732, -39.68851741969453428 ) ) ;
#8538 = CARTESIAN_POINT ( 'NONE',  ( 15.85572883364544694, -290.2488138525808949, -40.45204443538637662 ) ) ;
#8539 = CARTESIAN_POINT ( 'NONE',  ( 60.69588215633499573, -237.2108035506304873, -23.81798626738900282 ) ) ;
#8540 = DIRECTION ( 'NONE',  ( 1.000000000000000000, 0.000000000000000000, 0.000000000000000000 ) ) ;
#8541 = EDGE_CURVE ( 'NONE', #2034, #10546, #9887, .T. ) ;
#8542 = ORIENTED_EDGE ( 'NONE', *, *, #6855, .T. ) ;
#8543 = ORIENTED_EDGE ( 'NONE', *, *, #4714, .T. ) ;
#8544 = DIRECTION ( 'NONE',  ( -0.000000000000000000, -0.000000000000000000, -1.000000000000000000 ) ) ;
#8545 = DIRECTION ( 'NONE',  ( 0.000000000000000000, 0.000000000000000000, 1.000000000000000000 ) ) ;
#8546 = DIRECTION ( 'NONE',  ( 0.000000000000000000, -1.000000000000000000, 0.000000000000000000 ) ) ;
#8547 = DIRECTION ( 'NONE',  ( 0.000000000000000000, 0.000000000000000000, -1.000000000000000000 ) ) ;
#8548 = DIRECTION ( 'NONE',  ( 0.000000000000000000, 0.000000000000000000, -1.000000000000000000 ) ) ;
#8549 = CARTESIAN_POINT ( 'NONE',  ( 59.15249095690441550, -233.3161071280731278, -35.32447867993565893 ) ) ;
#8550 = LINE ( 'NONE', #4263, #9056 ) ;
#8551 = CARTESIAN_POINT ( 'NONE',  ( 23.90545308786753154, -220.9327681779809893, -23.81798626738900282 ) ) ;
#8552 = DIRECTION ( 'NONE',  ( 1.000000000000000000, 0.000000000000000000, 0.000000000000000000 ) ) ;
#8553 = EDGE_CURVE ( 'NONE', #2980, #8558, #2217, .T. ) ;
#8554 = EDGE_CURVE ( 'NONE', #4240, #7527, #8254, .T. ) ;
#8555 = ORIENTED_EDGE ( 'NONE', *, *, #3055, .F. ) ;
#8556 = EDGE_CURVE ( 'NONE', #2206, #53, #2393, .T. ) ;
#8557 = ORIENTED_EDGE ( 'NONE', *, *, #791, .F. ) ;
#8558 = VERTEX_POINT ( 'NONE', #1272 ) ;
#8559 = EDGE_LOOP ( 'NONE', ( #4044, #5103, #5398, #11134 ) ) ;
#8560 = DIRECTION ( 'NONE',  ( -0.000000000000000000, -0.000000000000000000, 1.000000000000000000 ) ) ;
#8561 = ORIENTED_EDGE ( 'NONE', *, *, #7432, .T. ) ;
#8562 = DIRECTION ( 'NONE',  ( 1.000000000000000000, 0.000000000000000000, 0.000000000000000000 ) ) ;
#8563 = ADVANCED_FACE ( 'NONE', ( #2174 ), #4710, .T. ) ;
#8564 = DIRECTION ( 'NONE',  ( 0.000000000000000000, 1.000000000000000000, 0.000000000000000000 ) ) ;
#8565 = DIRECTION ( 'NONE',  ( 1.000000000000000000, 0.000000000000000000, 0.000000000000000000 ) ) ;
#8566 = CARTESIAN_POINT ( 'NONE',  ( 59.89482990698709131, -286.4672433204426056, -35.84358531577816365 ) ) ;
#8567 = FACE_OUTER_BOUND ( 'NONE', #1639, .T. ) ;
#8568 = DIRECTION ( 'NONE',  ( -1.000000000000000000, 0.000000000000000000, 0.000000000000000000 ) ) ;
#8569 = VERTEX_POINT ( 'NONE', #534 ) ;
#8570 = ADVANCED_FACE ( 'NONE', ( #7354 ), #9049, .T. ) ;
#8571 = AXIS2_PLACEMENT_3D ( 'NONE', #487, #9956, #8160 ) ;
#8572 = EDGE_LOOP ( 'NONE', ( #7189, #3995, #1468, #4717 ) ) ;
#8573 = VERTEX_POINT ( 'NONE', #3069 ) ;
#8574 = ORIENTED_EDGE ( 'NONE', *, *, #7185, .F. ) ;
#8575 = CARTESIAN_POINT ( 'NONE',  ( 16.26623608837654800, -239.0254610356353169, -38.16193338091961351 ) ) ;
#8576 = CARTESIAN_POINT ( 'NONE',  ( 53.78088215633500369, -297.1166250875550645, -23.81798626738900282 ) ) ;
#8577 = AXIS2_PLACEMENT_3D ( 'NONE', #2489, #5935, #4239 ) ;
#8578 = CARTESIAN_POINT ( 'NONE',  ( 15.93456113723737388, -289.6992839685092918, -40.11024704748891878 ) ) ;
#8579 = FACE_OUTER_BOUND ( 'NONE', #10242, .T. ) ;
#8580 = PLANE ( 'NONE',  #4744 ) ;
#8581 = FACE_OUTER_BOUND ( 'NONE', #8205, .T. ) ;
#8582 = DIRECTION ( 'NONE',  ( 1.000000000000000000, 0.000000000000000000, 0.000000000000000000 ) ) ;
#8583 = CARTESIAN_POINT ( 'NONE',  ( 37.52305113157046890, -313.6091393732486949, -33.65081729215353334 ) ) ;
#8584 = CARTESIAN_POINT ( 'NONE',  ( 18.81588215633501804, -237.2108035506304873, -33.11798626738899998 ) ) ;
#8585 = ORIENTED_EDGE ( 'NONE', *, *, #722, .F. ) ;
#8586 = EDGE_LOOP ( 'NONE', ( #5347, #9687, #10820, #2665 ) ) ;
#8587 = VECTOR ( 'NONE', #1822, 1000.000000000000000 ) ;
#8588 = ORIENTED_EDGE ( 'NONE', *, *, #9358, .F. ) ;
#8589 = DIRECTION ( 'NONE',  ( 1.000000000000000000, 0.000000000000000000, 0.000000000000000000 ) ) ;
#8590 = CARTESIAN_POINT ( 'NONE',  ( 17.76581297467172860, -240.7544403946584737, -35.74264044680165853 ) ) ;
#8591 = FACE_OUTER_BOUND ( 'NONE', #6401, .T. ) ;
#8592 = PLANE ( 'NONE',  #5698 ) ;
#8593 = B_SPLINE_CURVE_WITH_KNOTS ( 'NONE', 3,
 ( #5213, #10394, #7814, #3523, #359, #7978, #2893, #3794, #1259, #7344, #5427, #4590, #1098, #8030, #3740, #5481, #10774, #8926, #1203, #2001, #7238, #2162, #6331, #9032, #6387, #1155, #10664, #10556, #4752, #2950, #8875, #1314, #5595, #9766, #9821, #9875 ),
 .UNSPECIFIED., .F., .F.,
 ( 4, 2, 2, 2, 2, 2, 2, 2, 2, 2, 2, 2, 2, 2, 2, 2, 2, 4 ),
 ( 3.469446951953614189E-18, 0.0005301599110313267573, 0.001060319822062650045, 0.002120639644125344760, 0.003180959466188039257, 0.004241279288250733755, 0.006361918932376052493, 0.007422238754438669796, 0.008482558576501287098, 0.009012718487532553682, 0.009542878398563820266, 0.01060319822062635690, 0.01272383786475134865, 0.01378415768681381069, 0.01484447750887627621, 0.01590479733093873999, 0.01643495724196999616, 0.01696511715300124887 ),
 .UNSPECIFIED. ) ;
#8594 = DIRECTION ( 'NONE',  ( 0.000000000000000000, 0.000000000000000000, 1.000000000000000000 ) ) ;
#8595 = AXIS2_PLACEMENT_3D ( 'NONE', #6762, #4223, #5859 ) ;
#8596 = DIRECTION ( 'NONE',  ( 1.000000000000000000, 0.000000000000000000, 0.000000000000000000 ) ) ;
#8597 = FACE_OUTER_BOUND ( 'NONE', #828, .T. ) ;
#8598 = SHAPE_REPRESENTATION_RELATIONSHIP ( 'NONE' , 'NONE' ,  #581, #4477 ) ;
#8599 = EDGE_CURVE ( 'NONE', #10304, #8530, #3289, .T. ) ;
#8600 = VERTEX_POINT ( 'NONE', #7409 ) ;
#8601 = EDGE_LOOP ( 'NONE', ( #1403, #8007, #7952, #6382 ) ) ;
#8602 = DIRECTION ( 'NONE',  ( 0.000000000000000000, 0.000000000000000000, 1.000000000000000000 ) ) ;
#8603 = VECTOR ( 'NONE', #8624, 1000.000000000000000 ) ;
#8604 = DIRECTION ( 'NONE',  ( -0.000000000000000000, -0.000000000000000000, 1.000000000000000000 ) ) ;
#8605 = LINE ( 'NONE', #7648, #10443 ) ;
#8606 = CYLINDRICAL_SURFACE ( 'NONE', #6723, 3.249999999999999556 ) ;
#8607 = LINE ( 'NONE', #10230, #2343 ) ;
#8608 = CARTESIAN_POINT ( 'NONE',  ( 24.60588215633500297, -266.1320313402289912, -23.81798626738900282 ) ) ;
#8609 = ADVANCED_FACE ( 'NONE', ( #10843 ), #3125, .T. ) ;
#8610 = DIRECTION ( 'NONE',  ( 0.000000000000000000, 0.000000000000000000, 1.000000000000000000 ) ) ;
#8611 = CARTESIAN_POINT ( 'NONE',  ( 27.90588215633500369, -306.7570313402290481, -26.81798626738900282 ) ) ;
#8612 = DIRECTION ( 'NONE',  ( 0.000000000000000000, 0.000000000000000000, 1.000000000000000000 ) ) ;
#8613 = ORIENTED_EDGE ( 'NONE', *, *, #1787, .F. ) ;
#8614 = EDGE_LOOP ( 'NONE', ( #9788, #8983, #5680, #133, #1944, #1946, #9649, #6966 ) ) ;
#8615 = EDGE_LOOP ( 'NONE', ( #2599, #5496 ) ) ;
#8616 = ORIENTED_EDGE ( 'NONE', *, *, #145, .F. ) ;
#8617 = DIRECTION ( 'NONE',  ( -0.7071067811865460184, 0.000000000000000000, 0.7071067811865489050 ) ) ;
#8618 = ORIENTED_EDGE ( 'NONE', *, *, #6280, .F. ) ;
#8619 = DIRECTION ( 'NONE',  ( 0.000000000000000000, 0.000000000000000000, 1.000000000000000000 ) ) ;
#8620 = AXIS2_PLACEMENT_3D ( 'NONE', #11078, #3600, #5175 ) ;
#8621 = CONICAL_SURFACE ( 'NONE', #6620, 3.700000000000009059, 0.7853981633974490562 ) ;
#8622 = EDGE_CURVE ( 'NONE', #2406, #2121, #7437, .T. ) ;
#8623 = DIRECTION ( 'NONE',  ( 0.000000000000000000, 0.000000000000000000, -1.000000000000000000 ) ) ;
#8624 = DIRECTION ( 'NONE',  ( 0.000000000000000000, -1.000000000000000000, 0.000000000000000000 ) ) ;
#8625 = CARTESIAN_POINT ( 'NONE',  ( 58.47377379281761023, -285.7870336669838593, -35.11798627249044813 ) ) ;
#8626 = DIRECTION ( 'NONE',  ( -0.000000000000000000, -0.000000000000000000, 1.000000000000000000 ) ) ;
#8627 = AXIS2_PLACEMENT_3D ( 'NONE', #7751, #3285, #10536 ) ;
#8628 = FACE_OUTER_BOUND ( 'NONE', #3731, .T. ) ;
#8629 = ORIENTED_EDGE ( 'NONE', *, *, #8016, .F. ) ;
#8630 = EDGE_CURVE ( 'NONE', #1221, #5288, #7693, .T. ) ;
#8631 = VECTOR ( 'NONE', #8345, 1000.000000000000000 ) ;
#8632 = EDGE_LOOP ( 'NONE', ( #7539, #4334, #1537, #8398 ) ) ;
#8633 = EDGE_LOOP ( 'NONE', ( #1768, #10683, #2380, #9347 ) ) ;
#8634 = ORIENTED_EDGE ( 'NONE', *, *, #7874, .F. ) ;
#8635 = EDGE_CURVE ( 'NONE', #10357, #7379, #5290, .T. ) ;
#8636 = CARTESIAN_POINT ( 'NONE',  ( 15.82373842282084198, -236.9497708825336133, -40.61270903013119238 ) ) ;
#8638 = ADVANCED_FACE ( 'NONE', ( #9439 ), #3464, .T. ) ;
#8637 = VECTOR ( 'NONE', #9236, 1000.000000000000000 ) ;
#8639 = CARTESIAN_POINT ( 'NONE',  ( 52.28088215633500369, -316.8820313402290481, 223.6996348679430184 ) ) ;
#8641 = EDGE_CURVE ( 'NONE', #2754, #10954, #7813, .T. ) ;
#8640 = CIRCLE ( 'NONE', #4314, 1.500000000000001332 ) ;
#8642 = CARTESIAN_POINT ( 'NONE',  ( 16.20909486597645710, -286.7587593611681314, -39.56482689880894554 ) ) ;
#8643 = CARTESIAN_POINT ( 'NONE',  ( 23.90588215633500369, -220.9327681779809893, -33.11798626738899998 ) ) ;
#8644 = DIRECTION ( 'NONE',  ( 0.000000000000000000, -0.000000000000000000, 1.000000000000000000 ) ) ;
#8645 = CARTESIAN_POINT ( 'NONE',  ( 54.56059055275894565, -241.3473449794774979, -25.29769466381295118 ) ) ;
#8646 = CYLINDRICAL_SURFACE ( 'NONE', #6176, 1.500000000000001332 ) ;
#8647 = CARTESIAN_POINT ( 'NONE',  ( 44.93088215633500226, -285.8570313402290139, -23.81798626738900282 ) ) ;
#8648 = CARTESIAN_POINT ( 'NONE',  ( 44.93088215633500226, -272.1760313402289739, -24.31798626738900282 ) ) ;
#8649 = ORIENTED_EDGE ( 'NONE', *, *, #5571, .F. ) ;
#8650 = AXIS2_PLACEMENT_3D ( 'NONE', #8986, #9668, #6392 ) ;
#8651 = ORIENTED_EDGE ( 'NONE', *, *, #3225, .T. ) ;
#8652 = EDGE_LOOP ( 'NONE', ( #7749, #10329, #5188, #1180 ) ) ;
#8653 = CARTESIAN_POINT ( 'NONE',  ( 25.40588215633500369, -316.8820313402290481, 223.6996348679430184 ) ) ;
#8654 = EDGE_CURVE ( 'NONE', #8473, #1415, #6183, .T. ) ;
#8655 = CARTESIAN_POINT ( 'NONE',  ( 47.78088215633500369, -221.6820313402290026, 220.0996348679430525 ) ) ;
#8656 = CARTESIAN_POINT ( 'NONE',  ( 15.93876672745635581, -290.1733117215267725, -39.72681158137929458 ) ) ;
#8657 = AXIS2_PLACEMENT_3D ( 'NONE', #1486, #10891, #10042 ) ;
#8658 = CARTESIAN_POINT ( 'NONE',  ( 17.08830277229320060, -284.4373360214523245, -38.63199119476085031 ) ) ;
#8659 = CARTESIAN_POINT ( 'NONE',  ( 53.08088215633500084, -297.3820313402289912, -23.81798626738900282 ) ) ;
#8660 = FACE_BOUND ( 'NONE', #1830, .T. ) ;
#8661 = VERTEX_POINT ( 'NONE', #4310 ) ;
#8662 = ORIENTED_EDGE ( 'NONE', *, *, #4011, .T. ) ;
#8663 = DIRECTION ( 'NONE',  ( 0.000000000000000000, 1.000000000000000000, 0.000000000000000000 ) ) ;
#8664 = PLANE ( 'NONE',  #7687 ) ;
#8665 = PLANE ( 'NONE',  #4507 ) ;
#8666 = DIRECTION ( 'NONE',  ( 0.000000000000000000, -1.000000000000000000, 0.000000000000000000 ) ) ;
#8667 = DIRECTION ( 'NONE',  ( 1.000000000000000000, 0.000000000000000000, 0.000000000000000000 ) ) ;
#8668 = CARTESIAN_POINT ( 'NONE',  ( 42.88088215633500511, -277.5260313402289967, -26.36798626738900353 ) ) ;
#8669 = CARTESIAN_POINT ( 'NONE',  ( 47.78088215633500369, -256.0820313402289798, -38.11798626738899287 ) ) ;
#8670 = DIRECTION ( 'NONE',  ( -0.000000000000000000, -0.000000000000000000, -1.000000000000000000 ) ) ;
#8671 = CARTESIAN_POINT ( 'NONE',  ( 55.21357299823490905, -232.5579496036934302, -24.71565196997135061 ) ) ;
#8672 = VERTEX_POINT ( 'NONE', #3522 ) ;
#8673 = ORIENTED_EDGE ( 'NONE', *, *, #3786, .T. ) ;
#8674 = ORIENTED_EDGE ( 'NONE', *, *, #866, .F. ) ;
#8675 = DIRECTION ( 'NONE',  ( 0.000000000000000000, 1.000000000000000000, 0.000000000000000000 ) ) ;
#8676 = ORIENTED_EDGE ( 'NONE', *, *, #8758, .F. ) ;
#8677 = VECTOR ( 'NONE', #3861, 1000.000000000000000 ) ;
#8678 = LINE ( 'NONE', #964, #6840 ) ;
#8679 = ADVANCED_FACE ( 'NONE', ( #879 ), #9265, .F. ) ;
#8680 = FACE_OUTER_BOUND ( 'NONE', #10313, .T. ) ;
#8681 = CARTESIAN_POINT ( 'NONE',  ( 61.69588215633498862, -237.2108035506305157, -40.11161903819276375 ) ) ;
#8682 = CARTESIAN_POINT ( 'NONE',  ( 29.65588215633500369, -223.3820313402289912, -23.81798626738900282 ) ) ;
#8683 = AXIS2_PLACEMENT_3D ( 'NONE', #8994, #3865, #8891 ) ;
#8684 = DIRECTION ( 'NONE',  ( 0.000000000000000000, 0.000000000000000000, -1.000000000000000000 ) ) ;
#8685 = VECTOR ( 'NONE', #2113, 1000.000000000000000 ) ;
#8686 = EDGE_LOOP ( 'NONE', ( #4944, #6729, #6086, #7791 ) ) ;
#8687 = ORIENTED_EDGE ( 'NONE', *, *, #5964, .T. ) ;
#8688 = ORIENTED_EDGE ( 'NONE', *, *, #4113, .T. ) ;
#8689 = EDGE_CURVE ( 'NONE', #10179, #2928, #5946, .T. ) ;
#8690 = ORIENTED_EDGE ( 'NONE', *, *, #2362, .F. ) ;
#8691 = AXIS2_PLACEMENT_3D ( 'NONE', #6603, #4697, #8135 ) ;
#8692 = DIRECTION ( 'NONE',  ( 0.000000000000000000, 1.000000000000000000, 0.000000000000000000 ) ) ;
#8693 = VECTOR ( 'NONE', #965, 999.9999999999998863 ) ;
#8694 = DIRECTION ( 'NONE',  ( 0.000000000000000000, 0.000000000000000000, -1.000000000000000000 ) ) ;
#8695 = DIRECTION ( 'NONE',  ( 0.000000000000000000, 0.000000000000000000, 1.000000000000000000 ) ) ;
#8696 = LINE ( 'NONE', #9644, #9248 ) ;
#8697 = PLANE ( 'NONE',  #3201 ) ;
#8698 = DIRECTION ( 'NONE',  ( -1.000000000000000000, 0.000000000000000000, 0.000000000000000000 ) ) ;
#8699 = DIRECTION ( 'NONE',  ( -0.000000000000000000, -0.000000000000000000, 1.000000000000000000 ) ) ;
#8700 = AXIS2_PLACEMENT_3D ( 'NONE', #10869, #5520, #10760 ) ;
#8701 = EDGE_CURVE ( 'NONE', #1743, #9757, #4421, .T. ) ;
#8702 = ORIENTED_EDGE ( 'NONE', *, *, #24, .T. ) ;
#8703 = VERTEX_POINT ( 'NONE', #7016 ) ;
#8704 = EDGE_CURVE ( 'NONE', #5996, #4316, #9713, .T. ) ;
#8706 = EDGE_CURVE ( 'NONE', #859, #3951, #8078, .T. ) ;
#8705 = EDGE_LOOP ( 'NONE', ( #3742, #6226 ) ) ;
#8707 = CARTESIAN_POINT ( 'NONE',  ( 16.77876145130397489, -239.8514749112344191, -36.98037487040571136 ) ) ;
#8708 = EDGE_CURVE ( 'NONE', #7686, #3454, #10392, .T. ) ;
#8709 = VECTOR ( 'NONE', #2763, 1000.000000000000114 ) ;
#8710 = FACE_OUTER_BOUND ( 'NONE', #5171, .T. ) ;
#8711 = CARTESIAN_POINT ( 'NONE',  ( 19.19951454399307877, -294.0418559936063616, -35.11798626738900708 ) ) ;
#8712 = AXIS2_PLACEMENT_3D ( 'NONE', #1330, #3913, #10786 ) ;
#8713 = DIRECTION ( 'NONE',  ( 1.000000000000000000, 0.000000000000000000, 0.000000000000000000 ) ) ;
#8714 = DIRECTION ( 'NONE',  ( -0.000000000000000000, -0.000000000000000000, 1.000000000000000000 ) ) ;
#8715 = DIRECTION ( 'NONE',  ( 0.000000000000000000, 1.000000000000000000, 0.000000000000000000 ) ) ;
#8716 =( NAMED_UNIT ( * ) SI_UNIT ( $, .STERADIAN. ) SOLID_ANGLE_UNIT ( ) );
#8717 = EDGE_CURVE ( 'NONE', #6487, #274, #7812, .T. ) ;
#8718 = AXIS2_PLACEMENT_3D ( 'NONE', #1041, #8874, #6174 ) ;
#8719 = EDGE_LOOP ( 'NONE', ( #4343, #10482, #9651, #6531 ) ) ;
#8720 = DIRECTION ( 'NONE',  ( 0.000000000000000000, 0.000000000000000000, 1.000000000000000000 ) ) ;
#8721 = DIRECTION ( 'NONE',  ( 1.000000000000000000, 0.000000000000000000, -0.000000000000000000 ) ) ;
#8722 = CARTESIAN_POINT ( 'NONE',  ( 22.14734090534728850, -294.3808680135618374, -25.15711271041827501 ) ) ;
#8723 = CARTESIAN_POINT ( 'NONE',  ( 50.78088215633499658, -315.3820313402289912, -35.11798626738899998 ) ) ;
#8724 = LINE ( 'NONE', #9563, #6143 ) ;
#8725 = CYLINDRICAL_SURFACE ( 'NONE', #1026, 4.250000000000003553 ) ;
#8726 = CARTESIAN_POINT ( 'NONE',  ( 44.93088215633500226, -224.8520313402290185, -24.31798626738900282 ) ) ;
#8727 = CARTESIAN_POINT ( 'NONE',  ( 50.78088215633499658, -315.3820313402289912, -38.11798626738899998 ) ) ;
#8728 = LINE ( 'NONE', #1009, #3769 ) ;
#8729 = ORIENTED_EDGE ( 'NONE', *, *, #9282, .F. ) ;
#8730 = ORIENTED_EDGE ( 'NONE', *, *, #4273, .T. ) ;
#8731 = ORIENTED_EDGE ( 'NONE', *, *, #4960, .F. ) ;
#8732 = DIRECTION ( 'NONE',  ( 0.000000000000000000, 0.000000000000000000, -1.000000000000000000 ) ) ;
#8733 = ORIENTED_EDGE ( 'NONE', *, *, #2035, .T. ) ;
#8734 = CARTESIAN_POINT ( 'NONE',  ( 23.90588215633500369, -230.0039734568930214, -33.11798626738899998 ) ) ;
#8735 = PLANE ( 'NONE',  #9403 ) ;
#8736 = CARTESIAN_POINT ( 'NONE',  ( 28.90588215633500013, -268.2855313402289994, -26.81798626738900282 ) ) ;
#8737 = CARTESIAN_POINT ( 'NONE',  ( 27.03088215633500724, -326.3820313402290481, -44.11798626738900708 ) ) ;
#8738 = DIRECTION ( 'NONE',  ( 0.000000000000000000, 0.000000000000000000, 1.000000000000000000 ) ) ;
#8739 = ORIENTED_EDGE ( 'NONE', *, *, #788, .T. ) ;
#8740 = ORIENTED_EDGE ( 'NONE', *, *, #3130, .T. ) ;
#8741 = ORIENTED_EDGE ( 'NONE', *, *, #3849, .F. ) ;
#8742 = ADVANCED_FACE ( 'NONE', ( #1154 ), #10449, .F. ) ;
#8743 = ORIENTED_EDGE ( 'NONE', *, *, #8270, .T. ) ;
#8744 = CARTESIAN_POINT ( 'NONE',  ( 18.46996610661258842, -233.1878514399531923, -37.90158437873823516 ) ) ;
#8745 = DIRECTION ( 'NONE',  ( 2.478176394252580155E-16, -1.000000000000000000, 0.000000000000000000 ) ) ;
#8746 = CARTESIAN_POINT ( 'NONE',  ( 38.78088215633501079, -252.2140313402290133, -23.81798626738900282 ) ) ;
#8747 = ADVANCED_FACE ( 'NONE', ( #6330 ), #257, .F. ) ;
#8748 = CARTESIAN_POINT ( 'NONE',  ( 46.85588215633499942, -316.8820313402290481, -23.81798626738900282 ) ) ;
#8749 = AXIS2_PLACEMENT_3D ( 'NONE', #2776, #387, #7270 ) ;
#8750 = DIRECTION ( 'NONE',  ( 0.000000000000000000, 0.000000000000000000, 1.000000000000000000 ) ) ;
#8751 = DIRECTION ( 'NONE',  ( -0.000000000000000000, -0.000000000000000000, 1.000000000000000000 ) ) ;
#8752 = DIRECTION ( 'NONE',  ( 0.000000000000000000, 1.000000000000000000, 0.000000000000000000 ) ) ;
#8753 = ORIENTED_EDGE ( 'NONE', *, *, #772, .F. ) ;
#8754 = ORIENTED_EDGE ( 'NONE', *, *, #4678, .F. ) ;
#8755 = ORIENTED_EDGE ( 'NONE', *, *, #5804, .T. ) ;
#8756 = VECTOR ( 'NONE', #222, 1000.000000000000000 ) ;
#8757 = DIRECTION ( 'NONE',  ( -1.000000000000000000, -0.000000000000000000, -0.000000000000000000 ) ) ;
#8758 = EDGE_CURVE ( 'NONE', #7868, #1196, #3633, .T. ) ;
#8759 = DIRECTION ( 'NONE',  ( 1.000000000000000000, 0.000000000000000000, 0.000000000000000000 ) ) ;
#8760 = CARTESIAN_POINT ( 'NONE',  ( 16.11314319154211816, -288.6558192476060185, -38.79583352954758624 ) ) ;
#8761 = EDGE_CURVE ( 'NONE', #3454, #3757, #6275, .T. ) ;
#8762 = CARTESIAN_POINT ( 'NONE',  ( 25.40588215633500369, -254.6045313402289878, -26.81798626738900282 ) ) ;
#8763 = ADVANCED_FACE ( 'NONE', ( #6118 ), #5426, .F. ) ;
#8764 = DIRECTION ( 'NONE',  ( 0.000000000000000000, 0.000000000000000000, 1.000000000000000000 ) ) ;
#8765 = CARTESIAN_POINT ( 'NONE',  ( 20.63277870805914915, -241.4431564492276721, -33.11798626738899998 ) ) ;
#8766 = VECTOR ( 'NONE', #6864, 1000.000000000000114 ) ;
#8767 = EDGE_CURVE ( 'NONE', #7777, #4985, #10609, .T. ) ;
#8768 = VERTEX_POINT ( 'NONE', #1836 ) ;
#8769 = CARTESIAN_POINT ( 'NONE',  ( 45.43088215633500937, -279.5760313402290080, -23.81798626738900282 ) ) ;
#8770 = CARTESIAN_POINT ( 'NONE',  ( 59.21088215633501051, -289.9034704378889273, -27.21798626738900140 ) ) ;
#8771 = DIRECTION ( 'NONE',  ( 0.000000000000000000, 1.000000000000000000, 0.000000000000000000 ) ) ;
#8772 = VECTOR ( 'NONE', #2605, 1000.000000000000000 ) ;
#8773 = CARTESIAN_POINT ( 'NONE',  ( 28.90588215633500013, -227.2425313402290215, 223.6996348679430184 ) ) ;
#8774 = ADVANCED_FACE ( 'NONE', ( #2892 ), #4639, .F. ) ;
#8775 = LINE ( 'NONE', #3587, #4524 ) ;
#8776 = CARTESIAN_POINT ( 'NONE',  ( 59.87840162634253716, -230.8741217146928193, -38.32387968285172519 ) ) ;
#8777 = EDGE_CURVE ( 'NONE', #553, #10132, #1323, .T. ) ;
#8778 = DIRECTION ( 'NONE',  ( 1.000000000000000000, 0.000000000000000000, 0.000000000000000000 ) ) ;
#8779 = EDGE_CURVE ( 'NONE', #3003, #9825, #6370, .T. ) ;
#8780 = CARTESIAN_POINT ( 'NONE',  ( 28.90588215633500013, -249.3820313402290196, -34.71798626738900140 ) ) ;
#8781 = DIRECTION ( 'NONE',  ( -0.000000000000000000, -0.000000000000000000, -1.000000000000000000 ) ) ;
#8782 = CIRCLE ( 'NONE', #9307, 1.500000000000001332 ) ;
#8783 = ORIENTED_EDGE ( 'NONE', *, *, #2286, .F. ) ;
#8784 = VERTEX_POINT ( 'NONE', #1938 ) ;
#8785 = VERTEX_POINT ( 'NONE', #5370 ) ;
#8786 = CARTESIAN_POINT ( 'NONE',  ( 38.78088215633500369, -258.4950313402289908, -26.81798626738900282 ) ) ;
#8787 = CARTESIAN_POINT ( 'NONE',  ( 38.78088215633501079, -252.2140313402290133, -26.81798626738900282 ) ) ;
#8788 = CARTESIAN_POINT ( 'NONE',  ( 25.40588215633500369, -221.3122813402290205, 223.6996348679430184 ) ) ;
#8789 = DIRECTION ( 'NONE',  ( 0.000000000000000000, 0.000000000000000000, 1.000000000000000000 ) ) ;
#8791 = ADVANCED_FACE ( 'NONE', ( #308 ), #993, .F. ) ;
#8790 = AXIS2_PLACEMENT_3D ( 'NONE', #5319, #8764, #3406 ) ;
#8792 = CARTESIAN_POINT ( 'NONE',  ( 61.61852206395104758, -289.5560300987479536, -40.08291645341575560 ) ) ;
#8793 = DIRECTION ( 'NONE',  ( 0.000000000000000000, 0.000000000000000000, 1.000000000000000000 ) ) ;
#8794 = ORIENTED_EDGE ( 'NONE', *, *, #6219, .F. ) ;
#8795 = VERTEX_POINT ( 'NONE', #8762 ) ;
#8796 = ORIENTED_EDGE ( 'NONE', *, *, #9358, .T. ) ;
#8797 = CIRCLE ( 'NONE', #3924, 3.000000000000002665 ) ;
#8798 = ORIENTED_EDGE ( 'NONE', *, *, #2345, .T. ) ;
#8799 = VECTOR ( 'NONE', #5307, 1000.000000000000114 ) ;
#8800 = PLANE ( 'NONE',  #7913 ) ;
#8801 = CARTESIAN_POINT ( 'NONE',  ( 16.35160538430290345, -233.4228981722320100, -39.34973815532868713 ) ) ;
#8802 = CARTESIAN_POINT ( 'NONE',  ( 54.96361404422233221, -242.0432895345994666, -25.70071815527633774 ) ) ;
#8803 = DIRECTION ( 'NONE',  ( 0.000000000000000000, 0.000000000000000000, -1.000000000000000000 ) ) ;
#8804 = AXIS2_PLACEMENT_3D ( 'NONE', #276, #327, #7094 ) ;
#8805 = DIRECTION ( 'NONE',  ( 0.000000000000000000, 0.000000000000000000, 1.000000000000000000 ) ) ;
#8806 = AXIS2_PLACEMENT_3D ( 'NONE', #11073, #3485, #724 ) ;
#8807 = LINE ( 'NONE', #8018, #7349 ) ;
#8808 = FACE_OUTER_BOUND ( 'NONE', #6622, .T. ) ;
#8809 = DIRECTION ( 'NONE',  ( -1.000000000000000000, 0.000000000000000000, 0.000000000000000000 ) ) ;
#8810 = ORIENTED_EDGE ( 'NONE', *, *, #204, .T. ) ;
#8811 = ORIENTED_EDGE ( 'NONE', *, *, #3, .F. ) ;
#8812 = ORIENTED_EDGE ( 'NONE', *, *, #9150, .F. ) ;
#8813 = AXIS2_PLACEMENT_3D ( 'NONE', #6283, #9618, #1000 ) ;
#8814 = VECTOR ( 'NONE', #4525, 1000.000000000000000 ) ;
#8815 = B_SPLINE_CURVE_WITH_KNOTS ( 'NONE', 3,
 ( #2728, #5364, #7069, #6220, #8816, #7974, #8186, #4691, #5589, #7501 ),
 .UNSPECIFIED., .F., .F.,
 ( 4, 2, 2, 2, 4 ),
 ( 4.443059973708341306E-17, 0.0006443929899346468758, 0.001288785979869249299, 0.001933178969803851831, 0.002577571959738453929 ),
 .UNSPECIFIED. ) ;
#8816 = CARTESIAN_POINT ( 'NONE',  ( 55.70020754532783513, -294.3119164088009825, -25.03157122201459828 ) ) ;
#8817 = CARTESIAN_POINT ( 'NONE',  ( 21.41588215633501591, -237.2108035506304873, -33.11798626738899998 ) ) ;
#8818 = CARTESIAN_POINT ( 'NONE',  ( 54.97505738546489340, -285.0859361456485317, -25.71216149651889182 ) ) ;
#8819 = CARTESIAN_POINT ( 'NONE',  ( 38.84338215633500369, -213.8820313402290196, -24.51798626738900211 ) ) ;
#8820 = CARTESIAN_POINT ( 'NONE',  ( 57.38088215633500511, -289.9034704378889273, -33.11798626738899998 ) ) ;
#8821 = CYLINDRICAL_SURFACE ( 'NONE', #1480, 1.299999999999995604 ) ;
#8822 = CIRCLE ( 'NONE', #3222, 2.300000000000024247 ) ;
#8823 = VECTOR ( 'NONE', #1750, 1000.000000000000000 ) ;
#8824 = ORIENTED_EDGE ( 'NONE', *, *, #8689, .T. ) ;
#8825 = EDGE_CURVE ( 'NONE', #1977, #1424, #4475, .T. ) ;
#8826 = ORIENTED_EDGE ( 'NONE', *, *, #12, .T. ) ;
#8827 = CARTESIAN_POINT ( 'NONE',  ( 53.78088215633500369, -266.1320313402289912, -33.11798626738899998 ) ) ;
#8828 = CARTESIAN_POINT ( 'NONE',  ( 47.78088215633500369, -221.6820313402290026, -34.71798626738900140 ) ) ;
#8829 = LINE ( 'NONE', #5380, #9005 ) ;
#8830 = VECTOR ( 'NONE', #10287, 1000.000000000000000 ) ;
#8831 = CARTESIAN_POINT ( 'NONE',  ( 17.77472051678689624, -286.3978824160304839, -35.75835569224897625 ) ) ;
#8832 = DIRECTION ( 'NONE',  ( 1.000000000000000000, 0.000000000000000000, 0.000000000000000000 ) ) ;
#8833 = CARTESIAN_POINT ( 'NONE',  ( 61.50473863688172571, -235.8970117184796322, -39.77610258279403155 ) ) ;
#8834 = LINE ( 'NONE', #5331, #73 ) ;
#8835 = FACE_OUTER_BOUND ( 'NONE', #9627, .T. ) ;
#8836 = CARTESIAN_POINT ( 'NONE',  ( 32.13088215633499800, -257.9950313402289908, -23.81798626738900282 ) ) ;
#8837 = AXIS2_PLACEMENT_3D ( 'NONE', #3747, #4705, #10722 ) ;
#8838 = EDGE_CURVE ( 'NONE', #10809, #10470, #1421, .T. ) ;
#8839 = ORIENTED_EDGE ( 'NONE', *, *, #7060, .F. ) ;
#8840 = ORIENTED_EDGE ( 'NONE', *, *, #3625, .F. ) ;
#8841 = ADVANCED_FACE ( 'NONE', ( #4858 ), #9140, .T. ) ;
#8842 = ORIENTED_EDGE ( 'NONE', *, *, #4774, .F. ) ;
#8843 = EDGE_CURVE ( 'NONE', #1196, #7120, #1880, .T. ) ;
#8844 = DIRECTION ( 'NONE',  ( -0.000000000000000000, -0.000000000000000000, -1.000000000000000000 ) ) ;
#8845 = ORIENTED_EDGE ( 'NONE', *, *, #244, .T. ) ;
#8846 = CARTESIAN_POINT ( 'NONE',  ( 26.90588215633500369, -315.3820313402289912, -33.11798626738899998 ) ) ;
#8847 = CIRCLE ( 'NONE', #3791, 3.550000000000053113 ) ;
#8848 = CARTESIAN_POINT ( 'NONE',  ( 15.78088215633500013, -326.3820313402290481, 105.9245421747346825 ) ) ;
#8849 = CARTESIAN_POINT ( 'NONE',  ( 61.61677859963614878, -290.2552782632012054, -39.68261654449445075 ) ) ;
#8850 = ORIENTED_EDGE ( 'NONE', *, *, #681, .T. ) ;
#8851 = ORIENTED_EDGE ( 'NONE', *, *, #6355, .T. ) ;
#8852 = ORIENTED_EDGE ( 'NONE', *, *, #3674, .T. ) ;
#8853 = CIRCLE ( 'NONE', #1646, 3.000000000000002665 ) ;
#8854 = VERTEX_POINT ( 'NONE', #3850 ) ;
#8855 = EDGE_CURVE ( 'NONE', #8010, #974, #2403, .T. ) ;
#8856 = ORIENTED_EDGE ( 'NONE', *, *, #2639, .T. ) ;
#8857 = DIRECTION ( 'NONE',  ( -0.08275862068965536555, -0.9965696216027988275, 0.000000000000000000 ) ) ;
#8858 = CARTESIAN_POINT ( 'NONE',  ( 17.58989513677163075, -230.9822396888168328, -38.36261490025228227 ) ) ;
#8859 = DIRECTION ( 'NONE',  ( 0.000000000000000000, 0.000000000000000000, 1.000000000000000000 ) ) ;
#8860 = CIRCLE ( 'NONE', #754, 1.700000000000000178 ) ;
#8861 = DIRECTION ( 'NONE',  ( -0.000000000000000000, -0.000000000000000000, -1.000000000000000000 ) ) ;
#8862 = AXIS2_PLACEMENT_3D ( 'NONE', #3910, #1269, #3331 ) ;
#8863 = DIRECTION ( 'NONE',  ( 1.000000000000000000, 1.457750820148579853E-16, 0.000000000000000000 ) ) ;
#8864 = DIRECTION ( 'NONE',  ( 0.000000000000000000, 0.000000000000000000, -1.000000000000000000 ) ) ;
#8865 = LINE ( 'NONE', #2939, #9345 ) ;
#8866 = APPLICATION_CONTEXT ( 'automotive_design' ) ;
#8867 = EDGE_LOOP ( 'NONE', ( #2459, #3365, #6713, #4402 ) ) ;
#8868 = ORIENTED_EDGE ( 'NONE', *, *, #2655, .F. ) ;
#8869 = ORIENTED_EDGE ( 'NONE', *, *, #3257, .T. ) ;
#8870 = AXIS2_PLACEMENT_3D ( 'NONE', #10262, #9367, #8527 ) ;
#8871 = CARTESIAN_POINT ( 'NONE',  ( 20.24588215633502131, -237.2108035506304873, -24.51798626738901632 ) ) ;
#8872 = DIRECTION ( 'NONE',  ( 0.000000000000000000, 0.000000000000000000, -1.000000000000000000 ) ) ;
#8873 = LINE ( 'NONE', #2947, #4450 ) ;
#8874 = DIRECTION ( 'NONE',  ( 0.000000000000000000, 0.000000000000000000, 1.000000000000000000 ) ) ;
#8875 = CARTESIAN_POINT ( 'NONE',  ( 17.64435655921827717, -230.8974927814729199, -38.32900784511693359 ) ) ;
#8876 = CIRCLE ( 'NONE', #4009, 3.000000000000002665 ) ;
#8877 = DIRECTION ( 'NONE',  ( 1.000000000000000000, 0.000000000000000000, 0.000000000000000000 ) ) ;
#8878 = CIRCLE ( 'NONE', #5285, 1.000000000000000888 ) ;
#8879 = VERTEX_POINT ( 'NONE', #465 ) ;
#8880 = SHAPE_REPRESENTATION ( 'limit_breakout_case_item', ( #7820, #2046, #8341 ), #3845 ) ;
#8881 = EDGE_CURVE ( 'NONE', #4446, #1100, #1800, .T. ) ;
#8882 = ORIENTED_EDGE ( 'NONE', *, *, #2785, .F. ) ;
#8883 = DIRECTION ( 'NONE',  ( 2.478176394252580155E-16, -1.000000000000000000, 0.000000000000000000 ) ) ;
#8884 = AXIS2_PLACEMENT_3D ( 'NONE', #10118, #6019, #10229 ) ;
#8885 = AXIS2_PLACEMENT_3D ( 'NONE', #373, #2746, #8778 ) ;
#8886 = LINE ( 'NONE', #698, #6136 ) ;
#8887 = CARTESIAN_POINT ( 'NONE',  ( 25.40588215633500369, -248.5140313402289962, 223.6996348679430184 ) ) ;
#8888 = DIRECTION ( 'NONE',  ( 0.000000000000000000, 0.000000000000000000, 1.000000000000000000 ) ) ;
#8889 = CARTESIAN_POINT ( 'NONE',  ( 61.72778396476921614, -236.6462468202229843, -40.55546242882681440 ) ) ;
#8890 = CARTESIAN_POINT ( 'NONE',  ( 61.78088215633500369, -326.3820313402290481, -41.11798626738899287 ) ) ;
#8891 = DIRECTION ( 'NONE',  ( 0.000000000000000000, -1.000000000000000000, 0.000000000000000000 ) ) ;
#8892 = EDGE_CURVE ( 'NONE', #2754, #3004, #8174, .T. ) ;
#8893 = CARTESIAN_POINT ( 'NONE',  ( 33.86421548966835360, -287.0903646735623056, -25.55131960072230157 ) ) ;
#8894 = VECTOR ( 'NONE', #2055, 1000.000000000000000 ) ;
#8895 = ORIENTED_EDGE ( 'NONE', *, *, #10730, .F. ) ;
#8896 = EDGE_LOOP ( 'NONE', ( #2392, #7483, #2525, #3366 ) ) ;
#8897 = ORIENTED_EDGE ( 'NONE', *, *, #9796, .F. ) ;
#8898 = DIRECTION ( 'NONE',  ( 0.000000000000000000, 0.000000000000000000, 1.000000000000000000 ) ) ;
#8899 = EDGE_LOOP ( 'NONE', ( #6636, #3853, #7472, #9286 ) ) ;
#8900 = LINE ( 'NONE', #7097, #5576 ) ;
#8901 = CYLINDRICAL_SURFACE ( 'NONE', #2040, 2.999999999999999112 ) ;
#8902 = EDGE_CURVE ( 'NONE', #8054, #8854, #7453, .T. ) ;
#8903 = ADVANCED_FACE ( 'NONE', ( #5703, #2212, #5651, #8240, #9087 ), #1366, .T. ) ;
#8904 = EDGE_CURVE ( 'NONE', #10267, #8085, #186, .T. ) ;
#8905 = CARTESIAN_POINT ( 'NONE',  ( 61.55814257509444332, -287.8455899646078819, -39.98143458355242785 ) ) ;
#8906 = VERTEX_POINT ( 'NONE', #4913 ) ;
#8907 = EDGE_LOOP ( 'NONE', ( #5629, #3815, #1685, #2031 ) ) ;
#8908 = VERTEX_POINT ( 'NONE', #8359 ) ;
#8909 = EDGE_CURVE ( 'NONE', #10, #6982, #435, .T. ) ;
#8910 = ORIENTED_EDGE ( 'NONE', *, *, #8654, .F. ) ;
#8911 = ORIENTED_EDGE ( 'NONE', *, *, #8706, .T. ) ;
#8912 = CARTESIAN_POINT ( 'NONE',  ( 32.40588215633500369, -269.0355313402289994, 223.6996348679430184 ) ) ;
#8913 = CARTESIAN_POINT ( 'NONE',  ( 38.84338215633500369, -271.6760313402289739, -23.81798626738900282 ) ) ;
#8914 = CARTESIAN_POINT ( 'NONE',  ( 32.40588215633500369, -269.0355313402289994, -33.11798626738899998 ) ) ;
#8915 = ADVANCED_FACE ( 'NONE', ( #10715 ), #9031, .F. ) ;
#8916 = CARTESIAN_POINT ( 'NONE',  ( 21.48088215633500653, -289.9034704378889273, -33.11798626738899998 ) ) ;
#8917 = CYLINDRICAL_SURFACE ( 'NONE', #9228, 3.000000000000002665 ) ;
#8918 = FACE_OUTER_BOUND ( 'NONE', #4229, .T. ) ;
#8919 = VERTEX_POINT ( 'NONE', #2999 ) ;
#8920 = VERTEX_POINT ( 'NONE', #6438 ) ;
#8921 = VERTEX_POINT ( 'NONE', #9874 ) ;
#8922 = CARTESIAN_POINT ( 'NONE',  ( 23.90588215633500369, -216.8820313402289912, -24.51798626738900211 ) ) ;
#8923 = CARTESIAN_POINT ( 'NONE',  ( 38.84338215633499658, -252.7140313402290133, -23.81798626738900282 ) ) ;
#8924 = CARTESIAN_POINT ( 'NONE',  ( 54.26088215633500766, -289.9034704378889273, -27.21798626738900140 ) ) ;
#8925 = DIRECTION ( 'NONE',  ( 1.000000000000000000, 2.906342996400940115E-16, 0.000000000000000000 ) ) ;
#8926 = CARTESIAN_POINT ( 'NONE',  ( 15.82341113791981968, -237.0303445274003877, -40.61463231170643695 ) ) ;
#8927 = LINE ( 'NONE', #6332, #8503 ) ;
#8928 = ORIENTED_EDGE ( 'NONE', *, *, #27, .F. ) ;
#8929 = ORIENTED_EDGE ( 'NONE', *, *, #6219, .T. ) ;
#8930 = DIRECTION ( 'NONE',  ( -1.000000000000000000, 0.000000000000000000, 0.000000000000000000 ) ) ;
#8931 = FACE_OUTER_BOUND ( 'NONE', #5299, .T. ) ;
#8932 = CARTESIAN_POINT ( 'NONE',  ( 18.82820514291109504, -285.8654116471519160, -35.17084190111948772 ) ) ;
#8933 = CARTESIAN_POINT ( 'NONE',  ( 20.24588215633502131, -237.2108035506304873, -23.81798626738900282 ) ) ;
#8934 = CARTESIAN_POINT ( 'NONE',  ( 61.01997855162615991, -239.6111570530070765, -38.97162285969255890 ) ) ;
#8935 = DIRECTION ( 'NONE',  ( -0.000000000000000000, -1.000000000000000000, 0.000000000000000000 ) ) ;
#8936 = DIRECTION ( 'NONE',  ( -0.000000000000000000, -0.000000000000000000, 1.000000000000000000 ) ) ;
#8937 = CARTESIAN_POINT ( 'NONE',  ( 32.63088215633499800, -289.5570313402290594, -26.81798626738900282 ) ) ;
#8938 = LINE ( 'NONE', #322, #4657 ) ;
#8939 = EDGE_LOOP ( 'NONE', ( #7392, #3516, #4280, #3683 ) ) ;
#8940 = ORIENTED_EDGE ( 'NONE', *, *, #7296, .F. ) ;
#8941 = ORIENTED_EDGE ( 'NONE', *, *, #5333, .F. ) ;
#8942 = CARTESIAN_POINT ( 'NONE',  ( 15.99588215633501420, -237.2108035506304873, -24.51798626738901632 ) ) ;
#8943 = VECTOR ( 'NONE', #864, 1000.000000000000000 ) ;
#8944 = CARTESIAN_POINT ( 'NONE',  ( 18.78088215633499303, -230.0847755546147653, -35.11798626738899998 ) ) ;
#8945 = ADVANCED_FACE ( 'NONE', ( #2161 ), #5594, .T. ) ;
#8946 = LINE ( 'NONE', #9110, #7756 ) ;
#8947 = CYLINDRICAL_SURFACE ( 'NONE', #2934, 1.500000000000001332 ) ;
#8948 = AXIS2_PLACEMENT_3D ( 'NONE', #4103, #5690, #623 ) ;
#8949 = CARTESIAN_POINT ( 'NONE',  ( 61.51641756130069894, -288.9171575471181654, -39.10710297087982212 ) ) ;
#8950 = EDGE_LOOP ( 'NONE', ( #3426, #3396, #2267, #9162 ) ) ;
#8951 = ORIENTED_EDGE ( 'NONE', *, *, #6774, .T. ) ;
#8952 = EDGE_LOOP ( 'NONE', ( #872, #4616 ) ) ;
#8953 = ORIENTED_EDGE ( 'NONE', *, *, #4068, .T. ) ;
#8954 = ORIENTED_EDGE ( 'NONE', *, *, #608, .F. ) ;
#8955 = EDGE_CURVE ( 'NONE', #6944, #8573, #6731, .T. ) ;
#8956 = LINE ( 'NONE', #9013, #7542 ) ;
#8957 = AXIS2_PLACEMENT_3D ( 'NONE', #5548, #3012, #4449 ) ;
#8958 = DIRECTION ( 'NONE',  ( 1.000000000000000000, 0.000000000000000000, 0.000000000000000000 ) ) ;
#8959 = DIRECTION ( 'NONE',  ( 2.478176394252580155E-16, -1.000000000000000000, 0.000000000000000000 ) ) ;
#8960 = DIRECTION ( 'NONE',  ( -0.000000000000000000, -0.000000000000000000, -1.000000000000000000 ) ) ;
#8961 = ADVANCED_FACE ( 'NONE', ( #813 ), #9479, .F. ) ;
#8962 = DIRECTION ( 'NONE',  ( 0.000000000000000000, 0.000000000000000000, -1.000000000000000000 ) ) ;
#8963 = PLANE ( 'NONE',  #10497 ) ;
#8964 = LINE ( 'NONE', #10598, #3955 ) ;
#8965 = AXIS2_PLACEMENT_3D ( 'NONE', #7130, #3000, #4695 ) ;
#8966 = EDGE_LOOP ( 'NONE', ( #5176, #2897, #448, #5047 ) ) ;
#8967 = EDGE_LOOP ( 'NONE', ( #2099, #6025 ) ) ;
#8968 = ORIENTED_EDGE ( 'NONE', *, *, #9384, .F. ) ;
#8969 = ADVANCED_FACE ( 'NONE', ( #6778 ), #8580, .T. ) ;
#8970 = EDGE_CURVE ( 'NONE', #7457, #7845, #8528, .T. ) ;
#8971 = EDGE_CURVE ( 'NONE', #4316, #1250, #3669, .T. ) ;
#8972 = DIRECTION ( 'NONE',  ( -2.478176394252585085E-16, 1.000000000000000000, 0.000000000000000000 ) ) ;
#8973 = AXIS2_PLACEMENT_3D ( 'NONE', #10468, #5556, #9838 ) ;
#8974 = VECTOR ( 'NONE', #1086, 1000.000000000000000 ) ;
#8975 = DIRECTION ( 'NONE',  ( 0.000000000000000000, 0.000000000000000000, 1.000000000000000000 ) ) ;
#8976 = CARTESIAN_POINT ( 'NONE',  ( 24.60588215633500297, -297.3820313402289912, -23.81798626738900282 ) ) ;
#8977 = CARTESIAN_POINT ( 'NONE',  ( 55.18113974496308316, -232.9902328628807879, -25.05189646452828001 ) ) ;
#8978 = CARTESIAN_POINT ( 'NONE',  ( 32.40588215633500369, -240.9235313402290046, -26.81798626738900282 ) ) ;
#8979 = DIRECTION ( 'NONE',  ( 0.000000000000000000, 0.000000000000000000, 1.000000000000000000 ) ) ;
#8980 = VERTEX_POINT ( 'NONE', #4235 ) ;
#8981 = AXIS2_PLACEMENT_3D ( 'NONE', #2875, #2140, #2984 ) ;
#8982 = AXIS2_PLACEMENT_3D ( 'NONE', #10383, #7802, #6049 ) ;
#8983 = ORIENTED_EDGE ( 'NONE', *, *, #2157, .T. ) ;
#8984 = CARTESIAN_POINT ( 'NONE',  ( 61.30508599299198380, -293.2356522436022601, -39.49023456852680880 ) ) ;
#8985 = EDGE_CURVE ( 'NONE', #10302, #10467, #4294, .T. ) ;
#8986 = CARTESIAN_POINT ( 'NONE',  ( 38.84338215633500369, -266.1320313402289912, -33.11798626738899998 ) ) ;
#8987 = DIRECTION ( 'NONE',  ( 0.000000000000000000, 0.000000000000000000, -1.000000000000000000 ) ) ;
#8988 = CARTESIAN_POINT ( 'NONE',  ( 23.43088215633500226, -289.9034704378889273, -23.81798626738900282 ) ) ;
#8989 = CARTESIAN_POINT ( 'NONE',  ( 61.29552822429310055, -235.3961460656250040, -38.16193338091635212 ) ) ;
#8990 = AXIS2_PLACEMENT_3D ( 'NONE', #10634, #4505, #1282 ) ;
#8991 = CARTESIAN_POINT ( 'NONE',  ( 23.34799405014384988, -232.4364693848615389, -24.06895446798505134 ) ) ;
#8992 = CIRCLE ( 'NONE', #10761, 3.249999999999999556 ) ;
#8993 = PLANE ( 'NONE',  #8957 ) ;
#8994 = CARTESIAN_POINT ( 'NONE',  ( 29.65588215633500369, -237.1320313402289912, -23.81798626738900282 ) ) ;
#8995 = CARTESIAN_POINT ( 'NONE',  ( 23.43088215633500226, -289.9034704378889273, -27.21798626738900140 ) ) ;
#8996 = VERTEX_POINT ( 'NONE', #2371 ) ;
#8997 = ORIENTED_EDGE ( 'NONE', *, *, #1123, .F. ) ;
#8998 = VECTOR ( 'NONE', #7246, 1000.000000000000114 ) ;
#8999 = ORIENTED_EDGE ( 'NONE', *, *, #2420, .T. ) ;
#9000 = DIRECTION ( 'NONE',  ( 0.000000000000000000, -1.000000000000000000, 0.000000000000000000 ) ) ;
#9001 = CARTESIAN_POINT ( 'NONE',  ( 61.59318660898698994, -290.4833488064368794, -39.52591161433120703 ) ) ;
#9002 = LINE ( 'NONE', #3707, #2695 ) ;
#9003 = LINE ( 'NONE', #8105, #1138 ) ;
#9004 = CARTESIAN_POINT ( 'NONE',  ( 61.78088215633500369, -205.8820313402289912, 105.9245421747346825 ) ) ;
#9005 = VECTOR ( 'NONE', #1106, 1000.000000000000000 ) ;
#9006 = CARTESIAN_POINT ( 'NONE',  ( 60.02376870238168038, -286.4480483269596220, -38.16473647477113218 ) ) ;
#9007 = ORIENTED_EDGE ( 'NONE', *, *, #6132, .F. ) ;
#9008 = EDGE_LOOP ( 'NONE', ( #10970, #86 ) ) ;
#9009 = ORIENTED_EDGE ( 'NONE', *, *, #7396, .F. ) ;
#9010 = ORIENTED_EDGE ( 'NONE', *, *, #3709, .T. ) ;
#9011 = ORIENTED_EDGE ( 'NONE', *, *, #7116, .T. ) ;
#9012 = AXIS2_PLACEMENT_3D ( 'NONE', #7705, #8548, #1678 ) ;
#9013 = CARTESIAN_POINT ( 'NONE',  ( 50.78088215633499658, -318.3820313402290481, -33.11798626738899998 ) ) ;
#9014 = EDGE_CURVE ( 'NONE', #4942, #9312, #7630, .T. ) ;
#9015 = DIRECTION ( 'NONE',  ( 0.000000000000000000, 1.000000000000000000, -0.000000000000000000 ) ) ;
#9016 = CYLINDRICAL_SURFACE ( 'NONE', #6699, 0.7499999999999729106 ) ;
#9017 = CYLINDRICAL_SURFACE ( 'NONE', #5895, 3.000000000000002665 ) ;
#9018 = CARTESIAN_POINT ( 'NONE',  ( 32.63088215633499800, -258.4950313402289908, -24.31798626738900282 ) ) ;
#9019 = PLANE ( 'NONE',  #774 ) ;
#9021 = EDGE_CURVE ( 'NONE', #9575, #3840, #2770, .T. ) ;
#9020 = AXIS2_PLACEMENT_3D ( 'NONE', #9489, #7754, #7014 ) ;
#9022 = CARTESIAN_POINT ( 'NONE',  ( 53.78088215633500369, -331.3820313402290481, -41.11798626738899287 ) ) ;
#9023 = ORIENTED_EDGE ( 'NONE', *, *, #3484, .T. ) ;
#9024 = EDGE_LOOP ( 'NONE', ( #8023, #10143, #4585, #2265 ) ) ;
#9025 = VERTEX_POINT ( 'NONE', #4177 ) ;
#9026 = CIRCLE ( 'NONE', #6696, 4.250000000000003553 ) ;
#9027 = FACE_OUTER_BOUND ( 'NONE', #2365, .T. ) ;
#9028 = VECTOR ( 'NONE', #9361, 1000.000000000000000 ) ;
#9029 = CARTESIAN_POINT ( 'NONE',  ( 16.33844099788819193, -291.7332984732456680, -38.03019626963852318 ) ) ;
#9030 = CYLINDRICAL_SURFACE ( 'NONE', #4804, 1.000000000000000888 ) ;
#9031 = PLANE ( 'NONE',  #4200 ) ;
#9032 = CARTESIAN_POINT ( 'NONE',  ( 16.06594037172177281, -234.5161284929050396, -39.81255568265562772 ) ) ;
#9033 = EDGE_CURVE ( 'NONE', #7747, #4941, #6893, .T. ) ;
#9034 = CARTESIAN_POINT ( 'NONE',  ( 38.78088215633501079, -224.8520313402290185, -23.81798626738900282 ) ) ;
#9035 = EDGE_CURVE ( 'NONE', #9849, #2445, #3334, .T. ) ;
#9036 = EDGE_CURVE ( 'NONE', #7940, #6051, #4964, .T. ) ;
#9037 = VECTOR ( 'NONE', #7920, 1000.000000000000000 ) ;
#9038 = ORIENTED_EDGE ( 'NONE', *, *, #1199, .T. ) ;
#9039 = AXIS2_PLACEMENT_3D ( 'NONE', #8913, #6316, #9289 ) ;
#9041 = EDGE_CURVE ( 'NONE', #9588, #3951, #4118, .T. ) ;
#9040 = ORIENTED_EDGE ( 'NONE', *, *, #642, .F. ) ;
#9042 = CARTESIAN_POINT ( 'NONE',  ( 46.85588215633499942, -317.8820313402290481, -33.11798626738899998 ) ) ;
#9043 = CARTESIAN_POINT ( 'NONE',  ( 32.40588215633500369, -296.3975313402290226, 223.6996348679430184 ) ) ;
#9044 = AXIS2_PLACEMENT_3D ( 'NONE', #7507, #1316, #9089 ) ;
#9045 = CARTESIAN_POINT ( 'NONE',  ( 23.98664670830570955, -288.1468616307240609, -24.43722171541829979 ) ) ;
#9046 = CARTESIAN_POINT ( 'NONE',  ( 59.02421548966829334, -238.9453646735623238, -10.22465293405570108 ) ) ;
#9047 = CARTESIAN_POINT ( 'NONE',  ( 61.68278440253860140, -236.8535978642593420, -40.30954989171087988 ) ) ;
#9048 = VECTOR ( 'NONE', #10406, 1000.000000000000000 ) ;
#9049 = PLANE ( 'NONE',  #8712 ) ;
#9050 = LINE ( 'NONE', #8736, #6265 ) ;
#9051 = EDGE_CURVE ( 'NONE', #4661, #1349, #5873, .T. ) ;
#9052 = CARTESIAN_POINT ( 'NONE',  ( 61.04729044192649212, -241.4853105987230037, -39.14538144282263943 ) ) ;
#9053 = DIRECTION ( 'NONE',  ( 0.000000000000000000, 0.000000000000000000, 1.000000000000000000 ) ) ;
#9054 = VECTOR ( 'NONE', #1465, 1000.000000000000114 ) ;
#9055 = VERTEX_POINT ( 'NONE', #3448 ) ;
#9056 = VECTOR ( 'NONE', #7707, 1000.000000000000114 ) ;
#9057 = ORIENTED_EDGE ( 'NONE', *, *, #7052, .F. ) ;
#9058 = CARTESIAN_POINT ( 'NONE',  ( 50.78088215633499658, -315.3820313402289912, -35.11798626738899998 ) ) ;
#9059 = CARTESIAN_POINT ( 'NONE',  ( 58.36239203193798630, -294.0418279951034037, -35.11798626738899287 ) ) ;
#9060 = CARTESIAN_POINT ( 'NONE',  ( 47.35588215633499942, -318.3820313402290481, -33.11798626738899998 ) ) ;
#9061 = FACE_OUTER_BOUND ( 'NONE', #9217, .T. ) ;
#9062 = CIRCLE ( 'NONE', #7985, 3.000000000000002665 ) ;
#9063 = DIRECTION ( 'NONE',  ( -0.000000000000000000, -0.7071067811865475727, -0.7071067811865475727 ) ) ;
#9064 = AXIS2_PLACEMENT_3D ( 'NONE', #7680, #635, #19 ) ;
#9065 = CARTESIAN_POINT ( 'NONE',  ( 60.60861815597183266, -292.7822892276242897, -38.55492382106854166 ) ) ;
#9066 = ORIENTED_EDGE ( 'NONE', *, *, #8654, .T. ) ;
#9067 = VECTOR ( 'NONE', #6978, 1000.000000000000000 ) ;
#9068 = VERTEX_POINT ( 'NONE', #7505 ) ;
#9069 = ORIENTED_EDGE ( 'NONE', *, *, #3116, .F. ) ;
#9070 = UNCERTAINTY_MEASURE_WITH_UNIT (LENGTH_MEASURE( 1.000000000000000082E-05 ), #3127, 'distance_accuracy_value', 'NONE');
#9071 = ORIENTED_EDGE ( 'NONE', *, *, #4699, .T. ) ;
#9072 = CARTESIAN_POINT ( 'NONE',  ( 61.69588215633498862, -237.2108035506305157, -40.11161903819276375 ) ) ;
#9073 = ORIENTED_EDGE ( 'NONE', *, *, #9739, .F. ) ;
#9074 = CARTESIAN_POINT ( 'NONE',  ( 58.68088215633500937, -289.9034704378889273, -33.11798626738899998 ) ) ;
#9075 = CARTESIAN_POINT ( 'NONE',  ( 58.78088215633499658, -205.8820313402289912, -41.11798626738899998 ) ) ;
#9076 = CARTESIAN_POINT ( 'NONE',  ( 20.90588215633500369, -282.6898115188659517, -43.11798626738900708 ) ) ;
#9077 = DIRECTION ( 'NONE',  ( 0.000000000000000000, -1.000000000000000000, 0.000000000000000000 ) ) ;
#9078 = CARTESIAN_POINT ( 'NONE',  ( 44.93088215633500226, -221.1520313402290014, -23.81798626738900282 ) ) ;
#9079 = CARTESIAN_POINT ( 'NONE',  ( 38.78088215633501079, -293.2570313402289912, -24.31798626738900282 ) ) ;
#9080 = ORIENTED_EDGE ( 'NONE', *, *, #6253, .T. ) ;
#9081 = ORIENTED_EDGE ( 'NONE', *, *, #5561, .F. ) ;
#9082 = ORIENTED_EDGE ( 'NONE', *, *, #1622, .T. ) ;
#9083 = DIRECTION ( 'NONE',  ( 0.000000000000000000, -1.000000000000000000, 0.000000000000000000 ) ) ;
#9084 = EDGE_CURVE ( 'NONE', #2809, #1415, #2430, .T. ) ;
#9085 = CARTESIAN_POINT ( 'NONE',  ( 17.98877871435242426, -293.5467457532568574, -35.58919249990641731 ) ) ;
#9086 = DIRECTION ( 'NONE',  ( -0.7071067811865474617, 0.000000000000000000, 0.7071067811865474617 ) ) ;
#9087 = FACE_BOUND ( 'NONE', #7319, .T. ) ;
#9088 = CARTESIAN_POINT ( 'NONE',  ( 25.40588215633500369, -281.9665313402289826, 223.6996348679430184 ) ) ;
#9089 = DIRECTION ( 'NONE',  ( 0.000000000000000000, 0.000000000000000000, 1.000000000000000000 ) ) ;
#9090 = VERTEX_POINT ( 'NONE', #10260 ) ;
#9091 = ORIENTED_EDGE ( 'NONE', *, *, #5650, .F. ) ;
#9092 = DIRECTION ( 'NONE',  ( -0.7071067811865475727, 0.000000000000000000, 0.7071067811865475727 ) ) ;
#9093 = DIRECTION ( 'NONE',  ( 1.000000000000000000, 0.000000000000000000, 0.000000000000000000 ) ) ;
#9094 = ADVANCED_FACE ( 'NONE', ( #10933 ), #3276, .F. ) ;
#9095 = EDGE_CURVE ( 'NONE', #5863, #4394, #6545, .T. ) ;
#9096 = DIRECTION ( 'NONE',  ( 1.000000000000000000, 0.000000000000000000, 0.000000000000000000 ) ) ;
#9097 = CARTESIAN_POINT ( 'NONE',  ( 23.90588215633500369, -282.6898115188659517, -33.11798626738899998 ) ) ;
#9098 = CARTESIAN_POINT ( 'NONE',  ( 60.49778264880705336, -242.6756361424627642, -38.65600606400909811 ) ) ;
#9099 = DIRECTION ( 'NONE',  ( -0.000000000000000000, -0.000000000000000000, -1.000000000000000000 ) ) ;
#9100 = CARTESIAN_POINT ( 'NONE',  ( 32.13088215633499800, -266.1320313402289912, -23.81798626738900282 ) ) ;
#9101 = CARTESIAN_POINT ( 'NONE',  ( 53.89588215633499857, -237.2108035506304873, -23.81798626738900282 ) ) ;
#9102 = EDGE_CURVE ( 'NONE', #8308, #630, #1584, .T. ) ;
#9103 = FACE_BOUND ( 'NONE', #4603, .T. ) ;
#9104 = CIRCLE ( 'NONE', #9824, 2.999999999999999112 ) ;
#9105 = ORIENTED_EDGE ( 'NONE', *, *, #6286, .F. ) ;
#9106 = ORIENTED_EDGE ( 'NONE', *, *, #6199, .F. ) ;
#9107 = FACE_OUTER_BOUND ( 'NONE', #2242, .T. ) ;
#9108 = EDGE_CURVE ( 'NONE', #6353, #10167, #3120, .T. ) ;
#9109 = DIRECTION ( 'NONE',  ( 0.000000000000000000, -1.000000000000000000, 0.000000000000000000 ) ) ;
#9110 = CARTESIAN_POINT ( 'NONE',  ( 23.90588215633500369, -315.3820313402289912, -38.11798626738899998 ) ) ;
#9111 = EDGE_CURVE ( 'NONE', #6218, #6767, #4353, .T. ) ;
#9112 = EDGE_CURVE ( 'NONE', #4446, #1700, #6211, .T. ) ;
#9113 = AXIS2_PLACEMENT_3D ( 'NONE', #7475, #10904, #3186 ) ;
#9114 = CARTESIAN_POINT ( 'NONE',  ( 29.87463215633500724, -279.8834965417816534, -38.11798626738899998 ) ) ;
#9115 = DIRECTION ( 'NONE',  ( -1.000000000000000000, 0.000000000000000000, 0.000000000000000000 ) ) ;
#9116 = CARTESIAN_POINT ( 'NONE',  ( 61.09080914284673014, -292.0714305335552581, -39.06139065678416955 ) ) ;
#9117 = ORIENTED_EDGE ( 'NONE', *, *, #443, .T. ) ;
#9118 = AXIS2_PLACEMENT_3D ( 'NONE', #6970, #10512, #263 ) ;
#9119 = VERTEX_POINT ( 'NONE', #3877 ) ;
#9120 = ORIENTED_EDGE ( 'NONE', *, *, #3114, .F. ) ;
#9121 = ORIENTED_EDGE ( 'NONE', *, *, #4819, .F. ) ;
#9122 = CARTESIAN_POINT ( 'NONE',  ( 48.78088215633500369, -312.3820313402289912, -38.11798626738899998 ) ) ;
#9123 = VERTEX_POINT ( 'NONE', #7006 ) ;
#9124 = DIRECTION ( 'NONE',  ( -0.000000000000000000, -0.000000000000000000, 1.000000000000000000 ) ) ;
#9125 = EDGE_CURVE ( 'NONE', #5311, #180, #1507, .T. ) ;
#9126 = DIRECTION ( 'NONE',  ( -0.000000000000000000, -0.000000000000000000, 1.000000000000000000 ) ) ;
#9127 = CARTESIAN_POINT ( 'NONE',  ( 53.78088215633500369, -296.1571915866518339, -24.51798626738900566 ) ) ;
#9128 = VECTOR ( 'NONE', #8299, 1000.000000000000000 ) ;
#9129 = DIRECTION ( 'NONE',  ( -0.000000000000000000, -0.000000000000000000, 1.000000000000000000 ) ) ;
#9130 = CARTESIAN_POINT ( 'NONE',  ( 30.70588215633500440, -301.4000313402290203, -23.81798626738900282 ) ) ;
#9131 = DIRECTION ( 'NONE',  ( 2.478176394252580155E-16, -1.000000000000000000, 0.000000000000000000 ) ) ;
#9132 = DIRECTION ( 'NONE',  ( 0.7071067811865470176, 0.000000000000000000, -0.7071067811865480168 ) ) ;
#9133 = VERTEX_POINT ( 'NONE', #2974 ) ;
#9134 = ORIENTED_EDGE ( 'NONE', *, *, #3665, .T. ) ;
#9135 = ORIENTED_EDGE ( 'NONE', *, *, #6915, .F. ) ;
#9136 = AXIS2_PLACEMENT_3D ( 'NONE', #2090, #5518, #9643 ) ;
#9137 = CARTESIAN_POINT ( 'NONE',  ( 19.28565205017977746, -241.3792046379389546, -38.07546480163901492 ) ) ;
#9138 = CARTESIAN_POINT ( 'NONE',  ( 15.95351372334239848, -291.5860041925786845, -40.11254461927782700 ) ) ;
#9139 = DIRECTION ( 'NONE',  ( -0.000000000000000000, -0.000000000000000000, -1.000000000000000000 ) ) ;
#9140 = PLANE ( 'NONE',  #5644 ) ;
#9141 = CIRCLE ( 'NONE', #4465, 1.300000000000002487 ) ;
#9142 = DIRECTION ( 'NONE',  ( 1.000000000000000000, 1.457750820148579853E-16, 0.000000000000000000 ) ) ;
#9143 = DIRECTION ( 'NONE',  ( 0.000000000000000000, 1.000000000000000000, 0.000000000000000000 ) ) ;
#9144 = ORIENTED_EDGE ( 'NONE', *, *, #1939, .T. ) ;
#9145 = CIRCLE ( 'NONE', #3397, 3.000000000000002665 ) ;
#9146 = ORIENTED_EDGE ( 'NONE', *, *, #7307, .F. ) ;
#9147 = CARTESIAN_POINT ( 'NONE',  ( 61.22061901828998742, -286.2607244329395257, -39.36470229641721374 ) ) ;
#9148 = VECTOR ( 'NONE', #7293, 1000.000000000000000 ) ;
#9149 = CYLINDRICAL_SURFACE ( 'NONE', #8295, 3.000000000000002665 ) ;
#9150 = EDGE_CURVE ( 'NONE', #11076, #10766, #10379, .T. ) ;
#9151 = DIRECTION ( 'NONE',  ( 0.000000000000000000, 0.000000000000000000, -1.000000000000000000 ) ) ;
#9152 = DIRECTION ( 'NONE',  ( 0.000000000000000000, 0.000000000000000000, 1.000000000000000000 ) ) ;
#9153 = CARTESIAN_POINT ( 'NONE',  ( 59.27477375307068996, -241.0494741500712337, -35.38561977369180056 ) ) ;
#9154 = CARTESIAN_POINT ( 'NONE',  ( 23.68243158367450008, -232.4364693848615389, -23.81798626738900282 ) ) ;
#9155 = CARTESIAN_POINT ( 'NONE',  ( 25.40588215633500369, -307.0147813402290353, 223.6996348679430184 ) ) ;
#9156 = DIRECTION ( 'NONE',  ( -1.000000000000000000, 0.000000000000000000, 0.000000000000000000 ) ) ;
#9157 = VECTOR ( 'NONE', #11110, 1000.000000000000114 ) ;
#9158 = VECTOR ( 'NONE', #2093, 1000.000000000000000 ) ;
#9159 = CARTESIAN_POINT ( 'NONE',  ( 59.10526440453666908, -230.2306643615998496, -38.13189135058870249 ) ) ;
#9160 = CARTESIAN_POINT ( 'NONE',  ( 20.18088215633500226, -289.9034704378889273, -43.11798626738900708 ) ) ;
#9161 = EDGE_CURVE ( 'NONE', #6203, #9312, #6466, .T. ) ;
#9162 = ORIENTED_EDGE ( 'NONE', *, *, #3867, .F. ) ;
#9163 = ORIENTED_EDGE ( 'NONE', *, *, #970, .T. ) ;
#9164 = FACE_BOUND ( 'NONE', #6038, .T. ) ;
#9165 = CARTESIAN_POINT ( 'NONE',  ( 61.23982649277394330, -291.6958773918553334, -38.08076111202872482 ) ) ;
#9166 = DIRECTION ( 'NONE',  ( 0.000000000000000000, -1.000000000000000000, 0.000000000000000000 ) ) ;
#9167 = VECTOR ( 'NONE', #4395, 1000.000000000000000 ) ;
#9168 = AXIS2_PLACEMENT_3D ( 'NONE', #6569, #8373, #3866 ) ;
#9169 = FACE_OUTER_BOUND ( 'NONE', #8333, .T. ) ;
#9170 = DIRECTION ( 'NONE',  ( 1.000000000000000000, 0.000000000000000000, 0.000000000000000000 ) ) ;
#9171 = PLANE ( 'NONE',  #3133 ) ;
#9172 = CARTESIAN_POINT ( 'NONE',  ( 60.69234098213492956, -294.9482478297243802, -38.79839861522722799 ) ) ;
#9173 = EDGE_CURVE ( 'NONE', #5287, #8010, #8696, .T. ) ;
#9174 = EDGE_CURVE ( 'NONE', #5030, #7322, #7059, .T. ) ;
#9175 = ORIENTED_EDGE ( 'NONE', *, *, #7385, .F. ) ;
#9176 = EDGE_CURVE ( 'NONE', #1178, #6808, #2601, .T. ) ;
#9177 = ORIENTED_EDGE ( 'NONE', *, *, #6217, .F. ) ;
#9178 = VERTEX_POINT ( 'NONE', #923 ) ;
#9179 = VERTEX_POINT ( 'NONE', #980 ) ;
#9180 = CARTESIAN_POINT ( 'NONE',  ( 61.02551052748101057, -239.5119687235346646, -37.46527277297388281 ) ) ;
#9181 = VERTEX_POINT ( 'NONE', #7798 ) ;
#9182 = CARTESIAN_POINT ( 'NONE',  ( 22.00621352880442672, -241.6336829079415338, -25.02607851530412475 ) ) ;
#9183 = CIRCLE ( 'NONE', #4328, 1.000000000000000888 ) ;
#9184 = DIRECTION ( 'NONE',  ( 0.000000000000000000, 1.000000000000000000, 0.000000000000000000 ) ) ;
#9185 = FACE_OUTER_BOUND ( 'NONE', #8055, .T. ) ;
#9186 = DIRECTION ( 'NONE',  ( -0.000000000000000000, -0.000000000000000000, -1.000000000000000000 ) ) ;
#9187 = LINE ( 'NONE', #4848, #4907 ) ;
#9188 = DIRECTION ( 'NONE',  ( -0.000000000000000000, -0.000000000000000000, 1.000000000000000000 ) ) ;
#9189 = ADVANCED_FACE ( 'NONE', ( #9539 ), #79, .T. ) ;
#9190 = ORIENTED_EDGE ( 'NONE', *, *, #1541, .F. ) ;
#9191 = ORIENTED_EDGE ( 'NONE', *, *, #2168, .F. ) ;
#9192 = VECTOR ( 'NONE', #7175, 1000.000000000000000 ) ;
#9193 = EDGE_LOOP ( 'NONE', ( #4466, #1515, #4853, #1206 ) ) ;
#9194 = DIRECTION ( 'NONE',  ( 1.000000000000000000, 0.000000000000000000, 0.000000000000000000 ) ) ;
#9195 = CARTESIAN_POINT ( 'NONE',  ( 17.90571093924532775, -296.4370992586185025, -38.24654594319648737 ) ) ;
#9196 = LINE ( 'NONE', #4857, #9128 ) ;
#9197 = VECTOR ( 'NONE', #6745, 1000.000000000000000 ) ;
#9198 = CARTESIAN_POINT ( 'NONE',  ( 55.38929541105527932, -232.8591899718425111, -25.07489584729644960 ) ) ;
#9199 = CARTESIAN_POINT ( 'NONE',  ( 54.00413068505444159, -232.4366987929583388, -23.81798626738900282 ) ) ;
#9200 = DIRECTION ( 'NONE',  ( 0.000000000000000000, -1.000000000000000000, 0.000000000000000000 ) ) ;
#9201 = EDGE_LOOP ( 'NONE', ( #5421, #6082, #8731 ) ) ;
#9202 = ORIENTED_EDGE ( 'NONE', *, *, #5801, .F. ) ;
#9203 = VECTOR ( 'NONE', #6906, 1000.000000000000000 ) ;
#9204 = ORIENTED_EDGE ( 'NONE', *, *, #8985, .T. ) ;
#9205 = CARTESIAN_POINT ( 'NONE',  ( 60.47239599038797309, -284.4354813856189708, -38.63126995818794995 ) ) ;
#9206 = PLANE ( 'NONE',  #369 ) ;
#9207 = CARTESIAN_POINT ( 'NONE',  ( 29.65588215633500369, -278.2770313402290299, -23.81798626738900282 ) ) ;
#9208 = CARTESIAN_POINT ( 'NONE',  ( 19.36019250116259016, -285.7334622256796592, -35.11798626738899998 ) ) ;
#9209 = DIRECTION ( 'NONE',  ( 1.000000000000000000, 0.000000000000000000, 0.000000000000000000 ) ) ;
#9210 = DIRECTION ( 'NONE',  ( 0.000000000000000000, 0.000000000000000000, 1.000000000000000000 ) ) ;
#9211 = VECTOR ( 'NONE', #6913, 1000.000000000000000 ) ;
#9212 = CARTESIAN_POINT ( 'NONE',  ( 32.40588215633500369, -282.7165313402289826, 223.6996348679430184 ) ) ;
#9213 = AXIS2_PLACEMENT_3D ( 'NONE', #6272, #2889, #6327 ) ;
#9214 = CARTESIAN_POINT ( 'NONE',  ( 60.49747246213887308, -242.6920497130421381, -38.64822671364231610 ) ) ;
#9215 = DIRECTION ( 'NONE',  ( 1.000000000000000000, 0.000000000000000000, 0.000000000000000000 ) ) ;
#9216 = VERTEX_POINT ( 'NONE', #1085 ) ;
#9217 = EDGE_LOOP ( 'NONE', ( #9457, #4996, #5313, #1641 ) ) ;
#9218 = DIRECTION ( 'NONE',  ( 0.5773502691896257311, 0.5773502691896257311, -0.5773502691896257311 ) ) ;
#9219 = TOROIDAL_SURFACE ( 'NONE', #2562, 7.250000000000009770, 3.000000000000000000 ) ;
#9220 = PLANE ( 'NONE',  #6055 ) ;
#9221 = AXIS2_PLACEMENT_3D ( 'NONE', #9912, #8391, #10919 ) ;
#9222 = DIRECTION ( 'NONE',  ( 1.000000000000000000, 0.000000000000000000, 0.000000000000000000 ) ) ;
#9223 = CARTESIAN_POINT ( 'NONE',  ( 53.78088215633500369, -197.8820313402289912, -43.61798626738902840 ) ) ;
#9224 = ADVANCED_FACE ( 'NONE', ( #1824 ), #128, .F. ) ;
#9225 = DIRECTION ( 'NONE',  ( 1.000000000000000000, 0.000000000000000000, 0.000000000000000000 ) ) ;
#9226 = CARTESIAN_POINT ( 'NONE',  ( 55.24213009722339507, -285.2711317871606980, -25.42505001998663872 ) ) ;
#9227 = CARTESIAN_POINT ( 'NONE',  ( 60.41806029399209876, -292.9946432982856095, -38.40646143489469466 ) ) ;
#9228 = AXIS2_PLACEMENT_3D ( 'NONE', #3725, #4626, #8065 ) ;
#9229 = AXIS2_PLACEMENT_3D ( 'NONE', #225, #8789, #3660 ) ;
#9230 = VERTEX_POINT ( 'NONE', #4521 ) ;
#9231 = ORIENTED_EDGE ( 'NONE', *, *, #6761, .T. ) ;
#9232 = ORIENTED_EDGE ( 'NONE', *, *, #4136, .T. ) ;
#9233 = ORIENTED_EDGE ( 'NONE', *, *, #4565, .F. ) ;
#9234 = CARTESIAN_POINT ( 'NONE',  ( 58.39404854999676076, -241.3571102843370966, -35.11798626738899998 ) ) ;
#9235 = ORIENTED_EDGE ( 'NONE', *, *, #8955, .F. ) ;
#9236 = DIRECTION ( 'NONE',  ( 0.000000000000000000, 0.000000000000000000, -1.000000000000000000 ) ) ;
#9237 = EDGE_CURVE ( 'NONE', #6605, #4702, #3859, .T. ) ;
#9238 = EDGE_CURVE ( 'NONE', #2845, #2234, #10437, .T. ) ;
#9239 = CARTESIAN_POINT ( 'NONE',  ( 44.93088215633500226, -217.4520313402290128, -23.81798626738900282 ) ) ;
#9240 = EDGE_CURVE ( 'NONE', #7336, #5311, #2793, .T. ) ;
#9241 = DIRECTION ( 'NONE',  ( 1.000000000000000000, 0.000000000000000000, 0.000000000000000000 ) ) ;
#9242 = LINE ( 'NONE', #3265, #8075 ) ;
#9243 = CARTESIAN_POINT ( 'NONE',  ( 57.05605457012809723, -241.4428874880107685, -43.11798626738900708 ) ) ;
#9244 = DIRECTION ( 'NONE',  ( -0.000000000000000000, -0.000000000000000000, 1.000000000000000000 ) ) ;
#9245 = EDGE_CURVE ( 'NONE', #6267, #5461, #1877, .T. ) ;
#9246 = VERTEX_POINT ( 'NONE', #1028 ) ;
#9247 = ORIENTED_EDGE ( 'NONE', *, *, #8016, .T. ) ;
#9248 = VECTOR ( 'NONE', #6949, 1000.000000000000000 ) ;
#9249 = EDGE_LOOP ( 'NONE', ( #4110, #7509, #1638, #667 ) ) ;
#9250 = DIRECTION ( 'NONE',  ( -0.6785983445458477759, -0.2810846377148168984, 0.6785983445458477759 ) ) ;
#9251 = EDGE_CURVE ( 'NONE', #285, #2980, #10693, .T. ) ;
#9252 = CARTESIAN_POINT ( 'NONE',  ( 16.00362173757545037, -291.9613509111699727, -39.98143458355271918 ) ) ;
#9253 = CARTESIAN_POINT ( 'NONE',  ( 61.78088215633500369, -205.8820313402289912, -43.61798626738902840 ) ) ;
#9254 = CARTESIAN_POINT ( 'NONE',  ( 57.44588215633498862, -237.2108035506304873, -23.81798626738900282 ) ) ;
#9255 = CARTESIAN_POINT ( 'NONE',  ( 53.78088215633500369, -216.8820313402289912, -35.11798626738899998 ) ) ;
#9256 = FACE_OUTER_BOUND ( 'NONE', #5923, .T. ) ;
#9257 = FACE_OUTER_BOUND ( 'NONE', #3905, .T. ) ;
#9258 = ORIENTED_EDGE ( 'NONE', *, *, #1860, .T. ) ;
#9259 = ORIENTED_EDGE ( 'NONE', *, *, #5664, .T. ) ;
#9260 = ORIENTED_EDGE ( 'NONE', *, *, #5432, .T. ) ;
#9261 = DIRECTION ( 'NONE',  ( -1.000000000000000000, 0.000000000000000000, 0.000000000000000000 ) ) ;
#9262 = DIRECTION ( 'NONE',  ( -1.000000000000000000, 0.000000000000000000, 0.000000000000000000 ) ) ;
#9263 = CARTESIAN_POINT ( 'NONE',  ( 32.40588215633500369, -282.7165313402289826, -29.11798626738898577 ) ) ;
#9264 = CARTESIAN_POINT ( 'NONE',  ( 60.15728764093950787, -243.2025232769205729, -38.45039758216107373 ) ) ;
#9265 = CYLINDRICAL_SURFACE ( 'NONE', #1317, 3.000000000000002665 ) ;
#9266 = DIRECTION ( 'NONE',  ( 1.000000000000000000, 0.000000000000000000, 0.000000000000000000 ) ) ;
#9267 = CARTESIAN_POINT ( 'NONE',  ( 57.51088215633501477, -289.9034704378889273, -23.81798626738900282 ) ) ;
#9268 = CARTESIAN_POINT ( 'NONE',  ( 56.78088215633500369, -297.1286001945092607, -35.11798626738899998 ) ) ;
#9269 = ORIENTED_EDGE ( 'NONE', *, *, #638, .T. ) ;
#9270 = ORIENTED_EDGE ( 'NONE', *, *, #1608, .F. ) ;
#9271 = DIRECTION ( 'NONE',  ( 0.000000000000000000, -0.000000000000000000, 1.000000000000000000 ) ) ;
#9272 = LINE ( 'NONE', #4989, #4438 ) ;
#9273 = CARTESIAN_POINT ( 'NONE',  ( 20.90588215633500369, -244.4176336443679531, -35.11798626738899998 ) ) ;
#9274 = PLANE ( 'NONE',  #8884 ) ;
#9275 = DIRECTION ( 'NONE',  ( -1.000000000000000000, 0.000000000000000000, 0.000000000000000000 ) ) ;
#9276 = CARTESIAN_POINT ( 'NONE',  ( 44.78088215633500369, -219.8820313402289912, -38.11798626738899998 ) ) ;
#9277 = FACE_OUTER_BOUND ( 'NONE', #2221, .T. ) ;
#9278 = CARTESIAN_POINT ( 'NONE',  ( 32.40588215633500369, -297.1475313402289657, -26.81798626738900282 ) ) ;
#9279 = ORIENTED_EDGE ( 'NONE', *, *, #8277, .T. ) ;
#9280 = EDGE_LOOP ( 'NONE', ( #8274, #11025, #3311, #7632 ) ) ;
#9281 = ORIENTED_EDGE ( 'NONE', *, *, #24, .F. ) ;
#9282 = EDGE_CURVE ( 'NONE', #4316, #2083, #2248, .T. ) ;
#9283 = EDGE_LOOP ( 'NONE', ( #712, #9919, #8140, #8234 ) ) ;
#9284 = CARTESIAN_POINT ( 'NONE',  ( 23.90588215633500369, -299.5476721229997565, -24.51798626738899500 ) ) ;
#9285 = CIRCLE ( 'NONE', #5870, 1.000000000000000888 ) ;
#9286 = ORIENTED_EDGE ( 'NONE', *, *, #10054, .T. ) ;
#9287 = CARTESIAN_POINT ( 'NONE',  ( 21.65522840418832473, -241.5199416764693865, -24.79940345446610905 ) ) ;
#9288 = EDGE_CURVE ( 'NONE', #6417, #7049, #1343, .T. ) ;
#9289 = DIRECTION ( 'NONE',  ( -1.000000000000000000, 0.000000000000000000, 1.457750820148577881E-16 ) ) ;
#9290 = DIRECTION ( 'NONE',  ( 1.000000000000000000, 0.000000000000000000, 0.000000000000000000 ) ) ;
#9291 = AXIS2_PLACEMENT_3D ( 'NONE', #8608, #3418, #3481 ) ;
#9292 = DIRECTION ( 'NONE',  ( -1.000000000000000000, 0.000000000000000000, 0.000000000000000000 ) ) ;
#9293 = LINE ( 'NONE', #9243, #62 ) ;
#9294 = CARTESIAN_POINT ( 'NONE',  ( 54.68082469073760876, -232.4366987929583388, -24.30819535090085992 ) ) ;
#9295 = ORIENTED_EDGE ( 'NONE', *, *, #9458, .F. ) ;
#9296 = EDGE_LOOP ( 'NONE', ( #379, #6414, #742, #7275 ) ) ;
#9297 = EDGE_CURVE ( 'NONE', #6584, #988, #10373, .T. ) ;
#9298 = ORIENTED_EDGE ( 'NONE', *, *, #9921, .F. ) ;
#9299 = AXIS2_PLACEMENT_3D ( 'NONE', #8914, #5414, #1027 ) ;
#9300 = CARTESIAN_POINT ( 'NONE',  ( 16.53250850010450179, -239.5963183709556859, -38.98285229893969728 ) ) ;
#9301 = EDGE_CURVE ( 'NONE', #8010, #10167, #2402, .T. ) ;
#9302 = CARTESIAN_POINT ( 'NONE',  ( 15.88390278099495490, -288.9777081874540841, -40.33735501676999036 ) ) ;
#9303 = CARTESIAN_POINT ( 'NONE',  ( 32.63088215633499800, -224.8520313402290185, -23.81798626738900282 ) ) ;
#9304 = CARTESIAN_POINT ( 'NONE',  ( 53.78088215633500369, -266.1320313402289912, -23.81798626738900282 ) ) ;
#9305 = FACE_OUTER_BOUND ( 'NONE', #7103, .T. ) ;
#9306 = CARTESIAN_POINT ( 'NONE',  ( 23.90588215633500369, -218.8820313402289912, -33.11798626738899998 ) ) ;
#9307 = AXIS2_PLACEMENT_3D ( 'NONE', #8392, #8344, #5636 ) ;
#9308 = EDGE_CURVE ( 'NONE', #8399, #10819, #4404, .T. ) ;
#9309 = DIRECTION ( 'NONE',  ( 0.000000000000000000, 0.000000000000000000, -1.000000000000000000 ) ) ;
#9310 = ORIENTED_EDGE ( 'NONE', *, *, #6678, .F. ) ;
#9311 = EDGE_CURVE ( 'NONE', #8661, #603, #4885, .T. ) ;
#9313 = EDGE_CURVE ( 'NONE', #1628, #7940, #491, .T. ) ;
#9312 = VERTEX_POINT ( 'NONE', #7425 ) ;
#9314 = ORIENTED_EDGE ( 'NONE', *, *, #9608, .F. ) ;
#9315 = FACE_OUTER_BOUND ( 'NONE', #10441, .T. ) ;
#9316 = CARTESIAN_POINT ( 'NONE',  ( 15.87022106630315399, -237.0058443488369448, -40.06813231233564210 ) ) ;
#9317 = VECTOR ( 'NONE', #1662, 1000.000000000000000 ) ;
#9318 = FACE_OUTER_BOUND ( 'NONE', #7713, .T. ) ;
#9319 = DIRECTION ( 'NONE',  ( 0.000000000000000000, 1.000000000000000000, 0.000000000000000000 ) ) ;
#9320 = CARTESIAN_POINT ( 'NONE',  ( 15.91870461097593825, -288.5164335436386978, -40.21451850379870763 ) ) ;
#9321 = CARTESIAN_POINT ( 'NONE',  ( 29.78088215633500369, -282.8820313402289912, -38.11798626738899287 ) ) ;
#9322 = DIRECTION ( 'NONE',  ( 0.000000000000000000, 1.000000000000000000, 0.000000000000000000 ) ) ;
#9323 = SHAPE_DEFINITION_REPRESENTATION ( #88, #8880 ) ;
#9324 = AXIS2_PLACEMENT_3D ( 'NONE', #3500, #2532, #6940 ) ;
#9326 = ADVANCED_FACE ( 'NONE', ( #3306 ), #8328, .F. ) ;
#9325 = VECTOR ( 'NONE', #981, 1000.000000000000114 ) ;
#9327 = ORIENTED_EDGE ( 'NONE', *, *, #7642, .T. ) ;
#9328 = VERTEX_POINT ( 'NONE', #2240 ) ;
#9329 = DIRECTION ( 'NONE',  ( 0.000000000000000000, -1.000000000000000000, 0.000000000000000000 ) ) ;
#9330 = DIRECTION ( 'NONE',  ( 1.000000000000000000, 0.000000000000000000, 0.000000000000000000 ) ) ;
#9331 = DIRECTION ( 'NONE',  ( 0.000000000000000000, 0.000000000000000000, -1.000000000000000000 ) ) ;
#9332 = FACE_OUTER_BOUND ( 'NONE', #3493, .T. ) ;
#9333 = CARTESIAN_POINT ( 'NONE',  ( 38.84338215633500369, -266.1320313402289912, -38.11798626738899998 ) ) ;
#9334 = CARTESIAN_POINT ( 'NONE',  ( 47.78088215633500369, -258.6820313402290026, 220.0996348679430525 ) ) ;
#9335 = CIRCLE ( 'NONE', #3579, 3.250000000000002665 ) ;
#9336 = DIRECTION ( 'NONE',  ( 0.7071067811865523467, 8.659560562354992023E-17, -0.7071067811865426878 ) ) ;
#9337 = AXIS2_PLACEMENT_3D ( 'NONE', #10365, #1695, #1865 ) ;
#9338 = CARTESIAN_POINT ( 'NONE',  ( 53.78088215633500369, -334.3820313402290481, -41.11798626738899287 ) ) ;
#9339 = FACE_OUTER_BOUND ( 'NONE', #6166, .T. ) ;
#9340 = EDGE_LOOP ( 'NONE', ( #10973, #7445, #8486, #1369 ) ) ;
#9341 = ORIENTED_EDGE ( 'NONE', *, *, #5993, .F. ) ;
#9342 = VERTEX_POINT ( 'NONE', #3927 ) ;
#9343 = VECTOR ( 'NONE', #9373, 1000.000000000000000 ) ;
#9344 = ORIENTED_EDGE ( 'NONE', *, *, #791, .T. ) ;
#9345 = VECTOR ( 'NONE', #9917, 1000.000000000000000 ) ;
#9346 = PLANE ( 'NONE',  #694 ) ;
#9347 = ORIENTED_EDGE ( 'NONE', *, *, #1722, .F. ) ;
#9348 = CARTESIAN_POINT ( 'NONE',  ( 21.16479494688934437, -241.4401536594446043, -24.59495608298783154 ) ) ;
#9349 = CARTESIAN_POINT ( 'NONE',  ( 50.78088215633499658, -216.8820313402289912, -23.81798626738900282 ) ) ;
#9350 = CARTESIAN_POINT ( 'NONE',  ( 60.10803860219098027, -233.8955433571176741, -36.04278318613714305 ) ) ;
#9351 = AXIS2_PLACEMENT_3D ( 'NONE', #3317, #620, #4947 ) ;
#9352 = VECTOR ( 'NONE', #10311, 1000.000000000000000 ) ;
#9353 = FACE_OUTER_BOUND ( 'NONE', #930, .T. ) ;
#9354 = CARTESIAN_POINT ( 'NONE',  ( 23.78088215633500369, -197.8820313402289912, -43.61798626738902840 ) ) ;
#9355 = DIRECTION ( 'NONE',  ( 0.000000000000000000, -0.7071067811865230368, -0.7071067811865721087 ) ) ;
#9356 = ORIENTED_EDGE ( 'NONE', *, *, #8206, .T. ) ;
#9357 = ORIENTED_EDGE ( 'NONE', *, *, #10198, .F. ) ;
#9358 = EDGE_CURVE ( 'NONE', #6254, #3210, #7370, .T. ) ;
#9359 = EDGE_LOOP ( 'NONE', ( #9081, #4199, #8574, #3017, #3028 ) ) ;
#9360 = CARTESIAN_POINT ( 'NONE',  ( 15.87956370549292906, -236.8195132421048186, -40.30369281104508872 ) ) ;
#9361 = DIRECTION ( 'NONE',  ( 0.000000000000000000, 0.000000000000000000, -1.000000000000000000 ) ) ;
#9362 = CARTESIAN_POINT ( 'NONE',  ( 15.85611629556763269, -289.7606739526958677, -40.45034447947440270 ) ) ;
#9363 = CARTESIAN_POINT ( 'NONE',  ( 20.18088215633500226, -289.9034704378889273, -23.81798626738900282 ) ) ;
#9364 = ADVANCED_FACE ( 'NONE', ( #9277 ), #9959, .F. ) ;
#9365 = DIRECTION ( 'NONE',  ( 0.000000000000000000, 0.000000000000000000, -1.000000000000000000 ) ) ;
#9366 = DIRECTION ( 'NONE',  ( 0.000000000000000000, 0.000000000000000000, -1.000000000000000000 ) ) ;
#9367 = DIRECTION ( 'NONE',  ( 0.000000000000000000, 0.000000000000000000, 1.000000000000000000 ) ) ;
#9368 = CIRCLE ( 'NONE', #2335, 1.500000000000001332 ) ;
#9369 = CARTESIAN_POINT ( 'NONE',  ( 44.78088215633500369, -220.3820313402289912, -34.71798626738900140 ) ) ;
#9370 = EDGE_LOOP ( 'NONE', ( #5473, #5921, #6751, #10414 ) ) ;
#9371 = EDGE_LOOP ( 'NONE', ( #2713, #6985, #8502 ) ) ;
#9372 = ORIENTED_EDGE ( 'NONE', *, *, #7570, .T. ) ;
#9373 = DIRECTION ( 'NONE',  ( 2.478176394252580155E-16, -1.000000000000000000, 0.000000000000000000 ) ) ;
#9374 = CARTESIAN_POINT ( 'NONE',  ( 15.97431459518221608, -238.1895691561111619, -39.31947768515899355 ) ) ;
#9375 = PRODUCT_DEFINITION ( 'UNKNOWN', '', #1505, #10700 ) ;
#9376 = CARTESIAN_POINT ( 'NONE',  ( 53.78088215633500369, -282.6903157882228470, -33.11798626738899998 ) ) ;
#9377 = CARTESIAN_POINT ( 'NONE',  ( 38.84338215633500369, -213.8820313402290196, -38.11798626738899998 ) ) ;
#9378 = ADVANCED_FACE ( 'NONE', ( #10176 ), #9171, .F. ) ;
#9379 = CARTESIAN_POINT ( 'NONE',  ( 28.90588215633500013, -297.1475313402289657, -26.81798626738900282 ) ) ;
#9380 = EDGE_CURVE ( 'NONE', #8126, #8569, #6522, .T. ) ;
#9381 = DIRECTION ( 'NONE',  ( 0.000000000000000000, -1.000000000000000000, 0.000000000000000000 ) ) ;
#9382 = FACE_OUTER_BOUND ( 'NONE', #9024, .T. ) ;
#9383 = AXIS2_PLACEMENT_3D ( 'NONE', #9943, #593, #700 ) ;
#9384 = EDGE_CURVE ( 'NONE', #6918, #9444, #4829, .T. ) ;
#9385 = ORIENTED_EDGE ( 'NONE', *, *, #9771, .F. ) ;
#9386 = ORIENTED_EDGE ( 'NONE', *, *, #7605, .F. ) ;
#9387 = DIRECTION ( 'NONE',  ( 0.000000000000000000, 1.000000000000000000, 0.000000000000000000 ) ) ;
#9388 = CARTESIAN_POINT ( 'NONE',  ( 53.08088215633499374, -266.1320313402289912, -23.81798626738900282 ) ) ;
#9389 = DIRECTION ( 'NONE',  ( 0.000000000000000000, 0.000000000000000000, -1.000000000000000000 ) ) ;
#9390 = AXIS2_PLACEMENT_3D ( 'NONE', #7579, #6062, #11004 ) ;
#9391 = CARTESIAN_POINT ( 'NONE',  ( 38.84338215633500369, -293.7570313402289912, -23.81798626738900282 ) ) ;
#9392 = CARTESIAN_POINT ( 'NONE',  ( 53.89588215633499857, -237.2108035506304873, -23.81798626738900282 ) ) ;
#9393 = DIRECTION ( 'NONE',  ( 1.000000000000000000, 0.000000000000000000, 0.000000000000000000 ) ) ;
#9394 = AXIS2_PLACEMENT_3D ( 'NONE', #3846, #7178, #10504 ) ;
#9395 = DIRECTION ( 'NONE',  ( 0.000000000000000000, 0.000000000000000000, -1.000000000000000000 ) ) ;
#9396 = EDGE_CURVE ( 'NONE', #3718, #553, #10855, .T. ) ;
#9397 = LINE ( 'NONE', #8499, #4237 ) ;
#9398 = DIRECTION ( 'NONE',  ( 0.000000000000000000, 1.000000000000000000, 0.000000000000000000 ) ) ;
#9399 = ORIENTED_EDGE ( 'NONE', *, *, #9997, .T. ) ;
#9400 = AXIS2_PLACEMENT_3D ( 'NONE', #5992, #926, #8582 ) ;
#9401 = ORIENTED_EDGE ( 'NONE', *, *, #7317, .T. ) ;
#9402 = ORIENTED_EDGE ( 'NONE', *, *, #10066, .F. ) ;
#9403 = AXIS2_PLACEMENT_3D ( 'NONE', #61, #1016, #172 ) ;
#9404 = ORIENTED_EDGE ( 'NONE', *, *, #8088, .F. ) ;
#9405 = DIRECTION ( 'NONE',  ( -0.7071067811865475727, 0.000000000000000000, 0.7071067811865475727 ) ) ;
#9406 = ORIENTED_EDGE ( 'NONE', *, *, #632, .F. ) ;
#9407 = DIRECTION ( 'NONE',  ( -1.000000000000000000, 0.000000000000000000, -0.000000000000000000 ) ) ;
#9408 = DIRECTION ( 'NONE',  ( 0.000000000000000000, 0.000000000000000000, 1.000000000000000000 ) ) ;
#9409 = VECTOR ( 'NONE', #10191, 1000.000000000000000 ) ;
#9410 = FACE_OUTER_BOUND ( 'NONE', #3953, .T. ) ;
#9411 = CIRCLE ( 'NONE', #1308, 1.299999999999995604 ) ;
#9412 = DIRECTION ( 'NONE',  ( 0.000000000000000000, 0.000000000000000000, -1.000000000000000000 ) ) ;
#9413 = DIRECTION ( 'NONE',  ( -0.7071067811865475727, -1.752335333352428643E-16, -0.7071067811865475727 ) ) ;
#9414 = PLANE ( 'NONE',  #9324 ) ;
#9415 = ORIENTED_EDGE ( 'NONE', *, *, #9308, .T. ) ;
#9416 = ORIENTED_EDGE ( 'NONE', *, *, #1752, .F. ) ;
#9417 = VERTEX_POINT ( 'NONE', #3138 ) ;
#9418 = AXIS2_PLACEMENT_3D ( 'NONE', #4928, #481, #2675 ) ;
#9419 = AXIS2_PLACEMENT_3D ( 'NONE', #5281, #9728, #7933 ) ;
#9420 = CARTESIAN_POINT ( 'NONE',  ( 15.84911882130043992, -238.1001955617927024, -40.47969393830980778 ) ) ;
#9421 = CARTESIAN_POINT ( 'NONE',  ( 24.16838215633502784, -289.9034704378889273, -24.25548626738897795 ) ) ;
#9422 = CARTESIAN_POINT ( 'NONE',  ( 15.86362247432415984, -289.4162666654247005, -40.41815675668792807 ) ) ;
#9423 = DIRECTION ( 'NONE',  ( -0.000000000000000000, -0.000000000000000000, 1.000000000000000000 ) ) ;
#9424 = CARTESIAN_POINT ( 'NONE',  ( 20.24588215633502131, -237.2108035506304873, -27.21798626738900140 ) ) ;
#9425 = CARTESIAN_POINT ( 'NONE',  ( 32.13088215633499800, -293.7570313402289912, -23.81798626738900282 ) ) ;
#9426 = FACE_OUTER_BOUND ( 'NONE', #1397, .T. ) ;
#9427 = AXIS2_PLACEMENT_3D ( 'NONE', #6105, #8644, #4409 ) ;
#9428 = FACE_OUTER_BOUND ( 'NONE', #3270, .T. ) ;
#9429 = DIRECTION ( 'NONE',  ( 0.000000000000000000, -1.000000000000000000, 0.000000000000000000 ) ) ;
#9430 = ORIENTED_EDGE ( 'NONE', *, *, #8492, .F. ) ;
#9431 = ORIENTED_EDGE ( 'NONE', *, *, #866, .T. ) ;
#9432 = EDGE_CURVE ( 'NONE', #6267, #7215, #6577, .T. ) ;
#9433 = EDGE_LOOP ( 'NONE', ( #3759, #4716, #5709, #10237 ) ) ;
#9434 = DIRECTION ( 'NONE',  ( 0.000000000000000000, 0.000000000000000000, 1.000000000000000000 ) ) ;
#9435 = DIRECTION ( 'NONE',  ( 2.478176394252580155E-16, -1.000000000000000000, 0.000000000000000000 ) ) ;
#9436 = APPLICATION_CONTEXT ( 'automotive_design' ) ;
#9437 = LINE ( 'NONE', #8130, #8484 ) ;
#9438 = CARTESIAN_POINT ( 'NONE',  ( 17.94987439521264605, -293.5234777950938678, -35.61698980214453059 ) ) ;
#9439 = FACE_OUTER_BOUND ( 'NONE', #5791, .T. ) ;
#9440 = CARTESIAN_POINT ( 'NONE',  ( 30.70588215633500440, -309.9910313402289717, -33.11798626738899998 ) ) ;
#9441 = DIRECTION ( 'NONE',  ( 0.000000000000000000, 0.000000000000000000, 1.000000000000000000 ) ) ;
#9442 = ORIENTED_EDGE ( 'NONE', *, *, #9238, .F. ) ;
#9443 = EDGE_CURVE ( 'NONE', #3702, #2166, #7537, .T. ) ;
#9444 = VERTEX_POINT ( 'NONE', #8611 ) ;
#9445 = DIRECTION ( 'NONE',  ( 0.000000000000000000, 0.000000000000000000, 1.000000000000000000 ) ) ;
#9446 = CARTESIAN_POINT ( 'NONE',  ( 61.78088215633500369, -205.8820313402289912, -41.11798626738899287 ) ) ;
#9447 = DIRECTION ( 'NONE',  ( 0.000000000000000000, -1.000000000000000000, 0.000000000000000000 ) ) ;
#9448 = LINE ( 'NONE', #3357, #378 ) ;
#9449 = CARTESIAN_POINT ( 'NONE',  ( 59.87000735121233674, -233.5901709946098492, -38.09499293960647037 ) ) ;
#9450 = CARTESIAN_POINT ( 'NONE',  ( 60.99588215633497867, -237.2108035506304873, -23.81798626738900282 ) ) ;
#9451 = ADVANCED_FACE ( 'NONE', ( #7653 ), #895, .T. ) ;
#9452 = CARTESIAN_POINT ( 'NONE',  ( 56.78088215633500369, -229.9913662456876580, -35.11798626738899998 ) ) ;
#9453 = PLANE ( 'NONE',  #10049 ) ;
#9454 = EDGE_LOOP ( 'NONE', ( #8585, #6869 ) ) ;
#9455 = ADVANCED_FACE ( 'NONE', ( #7769 ), #2634, .F. ) ;
#9456 = ORIENTED_EDGE ( 'NONE', *, *, #10214, .F. ) ;
#9457 = ORIENTED_EDGE ( 'NONE', *, *, #1051, .F. ) ;
#9458 = EDGE_CURVE ( 'NONE', #7379, #3283, #10096, .T. ) ;
#9459 = ORIENTED_EDGE ( 'NONE', *, *, #1888, .F. ) ;
#9460 = ADVANCED_FACE ( 'NONE', ( #5282 ), #108, .F. ) ;
#9461 = LINE ( 'NONE', #2642, #8245 ) ;
#9462 = ORIENTED_EDGE ( 'NONE', *, *, #8246, .T. ) ;
#9463 = LINE ( 'NONE', #9578, #4670 ) ;
#9464 = CARTESIAN_POINT ( 'NONE',  ( 26.90588215633500369, -216.8820313402289912, -35.11798626738899998 ) ) ;
#9465 = DIRECTION ( 'NONE',  ( 0.000000000000000000, -1.000000000000000000, 0.000000000000000000 ) ) ;
#9466 = CARTESIAN_POINT ( 'NONE',  ( 59.01310242752492741, -282.8813324868939389, -38.11798626738899998 ) ) ;
#9467 = DIRECTION ( 'NONE',  ( 0.000000000000000000, 0.000000000000000000, -1.000000000000000000 ) ) ;
#9468 = LINE ( 'NONE', #6822, #8823 ) ;
#9469 = EDGE_LOOP ( 'NONE', ( #9134, #10181 ) ) ;
#9470 = ORIENTED_EDGE ( 'NONE', *, *, #6157, .F. ) ;
#9471 = ORIENTED_EDGE ( 'NONE', *, *, #6155, .T. ) ;
#9472 = ORIENTED_EDGE ( 'NONE', *, *, #5819, .F. ) ;
#9473 = EDGE_CURVE ( 'NONE', #974, #4394, #3263, .T. ) ;
#9474 = CARTESIAN_POINT ( 'NONE',  ( 15.87830762071264878, -237.5417505995612260, -39.99293858997801010 ) ) ;
#9475 = CARTESIAN_POINT ( 'NONE',  ( 60.76088215633501477, -289.9034704378889273, -23.81798626738900282 ) ) ;
#9476 = VECTOR ( 'NONE', #9667, 1000.000000000000000 ) ;
#9477 = CARTESIAN_POINT ( 'NONE',  ( 16.23115222063171004, -288.2715000936674414, -39.43003751760137732 ) ) ;
#9478 = CYLINDRICAL_SURFACE ( 'NONE', #1205, 4.250000000000007105 ) ;
#9479 = PLANE ( 'NONE',  #10325 ) ;
#9480 = LINE ( 'NONE', #1762, #5541 ) ;
#9481 = CYLINDRICAL_SURFACE ( 'NONE', #6341, 3.000000000000002665 ) ;
#9482 = CARTESIAN_POINT ( 'NONE',  ( 53.78088215633500369, -326.3820313402290481, -38.11798626738899998 ) ) ;
#9483 = CARTESIAN_POINT ( 'NONE',  ( 44.78088215633500369, -220.3820313402289912, 220.0996348679430525 ) ) ;
#9484 = ORIENTED_EDGE ( 'NONE', *, *, #4831, .T. ) ;
#9485 = EDGE_LOOP ( 'NONE', ( #5286, #2625, #6323, #3221 ) ) ;
#9486 = EDGE_LOOP ( 'NONE', ( #7217, #5407, #9498, #7216 ) ) ;
#9487 = CARTESIAN_POINT ( 'NONE',  ( 61.76088215633501477, -289.9034704378889273, -24.51798626738906606 ) ) ;
#9488 = CARTESIAN_POINT ( 'NONE',  ( 17.88094161263681414, -240.8285059470705392, -35.64866365959416328 ) ) ;
#9489 = CARTESIAN_POINT ( 'NONE',  ( 57.51088215633501477, -289.9034704378889273, -23.81798626738900282 ) ) ;
#9490 = CARTESIAN_POINT ( 'NONE',  ( 15.98156449194549822, -290.5677397244951408, -39.44590422900006388 ) ) ;
#9491 = CARTESIAN_POINT ( 'NONE',  ( 16.25667831967800581, -286.5712886321756514, -39.49023456852680170 ) ) ;
#9492 = AXIS2_PLACEMENT_3D ( 'NONE', #4682, #8118, #3836 ) ;
#9493 = DIRECTION ( 'NONE',  ( 0.000000000000000000, 0.000000000000000000, -1.000000000000000000 ) ) ;
#9494 = DIRECTION ( 'NONE',  ( 0.000000000000000000, 0.000000000000000000, -1.000000000000000000 ) ) ;
#9495 = DIRECTION ( 'NONE',  ( 1.000000000000000000, 0.000000000000000000, 0.000000000000000000 ) ) ;
#9496 = ORIENTED_EDGE ( 'NONE', *, *, #3884, .T. ) ;
#9497 = EDGE_CURVE ( 'NONE', #10384, #9547, #6805, .T. ) ;
#9498 = ORIENTED_EDGE ( 'NONE', *, *, #3803, .T. ) ;
#9499 = LINE ( 'NONE', #10285, #1068 ) ;
#9500 = VECTOR ( 'NONE', #1547, 1000.000000000000000 ) ;
#9501 = DIRECTION ( 'NONE',  ( 0.000000000000000000, 1.000000000000000000, 0.000000000000000000 ) ) ;
#9502 = DIRECTION ( 'NONE',  ( 0.000000000000000000, -1.000000000000000000, 0.000000000000000000 ) ) ;
#9503 = DIRECTION ( 'NONE',  ( 1.000000000000000000, 0.000000000000000000, 0.000000000000000000 ) ) ;
#9504 = CYLINDRICAL_SURFACE ( 'NONE', #10452, 1.300000000000002487 ) ;
#9505 = CARTESIAN_POINT ( 'NONE',  ( 58.27611226249768350, -233.0424024632968667, -38.07546480164109681 ) ) ;
#9506 = DIRECTION ( 'NONE',  ( -0.1841379310344862519, -0.9829004132435488206, 0.000000000000000000 ) ) ;
#9507 = DIRECTION ( 'NONE',  ( 0.000000000000000000, -1.000000000000000000, 0.000000000000000000 ) ) ;
#9508 = ADVANCED_FACE ( 'NONE', ( #3591 ), #10294, .T. ) ;
#9509 = AXIS2_PLACEMENT_3D ( 'NONE', #466, #7181, #9930 ) ;
#9510 = PLANE ( 'NONE',  #8806 ) ;
#9511 = EDGE_LOOP ( 'NONE', ( #1698, #6110, #4955, #5999 ) ) ;
#9512 = VERTEX_POINT ( 'NONE', #1732 ) ;
#9513 = ORIENTED_EDGE ( 'NONE', *, *, #6669, .F. ) ;
#9514 = CARTESIAN_POINT ( 'NONE',  ( 44.93088215633500226, -279.5760313402290080, -26.81798626738900282 ) ) ;
#9515 = VERTEX_POINT ( 'NONE', #4264 ) ;
#9516 = CARTESIAN_POINT ( 'NONE',  ( 50.78088215633499658, -216.8820313402289912, -23.81798626738900282 ) ) ;
#9517 = CIRCLE ( 'NONE', #4656, 1.300000000000023359 ) ;
#9518 = VECTOR ( 'NONE', #5638, 1000.000000000000000 ) ;
#9519 = LINE ( 'NONE', #5178, #7794 ) ;
#9520 = EDGE_CURVE ( 'NONE', #6051, #1012, #750, .T. ) ;
#9521 = CARTESIAN_POINT ( 'NONE',  ( 59.01492271332773498, -233.2580561065299491, -35.26461324114508500 ) ) ;
#9522 = EDGE_CURVE ( 'NONE', #693, #3879, #3639, .T. ) ;
#9523 = EDGE_CURVE ( 'NONE', #5777, #8126, #6077, .T. ) ;
#9524 = CARTESIAN_POINT ( 'NONE',  ( 58.32548112792537154, -285.7391300681752000, -38.01471956167011967 ) ) ;
#9525 = DIRECTION ( 'NONE',  ( 0.000000000000000000, -1.000000000000000000, 0.000000000000000000 ) ) ;
#9526 = CIRCLE ( 'NONE', #7737, 3.000000000000002665 ) ;
#9527 = CARTESIAN_POINT ( 'NONE',  ( 58.68088215633500937, -289.9034704378889273, -43.11798626738900708 ) ) ;
#9528 = EDGE_LOOP ( 'NONE', ( #7715, #6680, #1539, #10887 ) ) ;
#9529 = VECTOR ( 'NONE', #8260, 1000.000000000000000 ) ;
#9530 = ORIENTED_EDGE ( 'NONE', *, *, #8704, .T. ) ;
#9531 = ORIENTED_EDGE ( 'NONE', *, *, #918, .T. ) ;
#9532 = EDGE_CURVE ( 'NONE', #8156, #1415, #10330, .T. ) ;
#9533 = ORIENTED_EDGE ( 'NONE', *, *, #10009, .F. ) ;
#9534 = CARTESIAN_POINT ( 'NONE',  ( 18.14404629568905847, -233.3283966420148374, -37.95245476808739227 ) ) ;
#9535 = VECTOR ( 'NONE', #3371, 1000.000000000000114 ) ;
#9536 = CARTESIAN_POINT ( 'NONE',  ( 28.90588215633500013, -269.7855313402289994, -26.81798626738900282 ) ) ;
#9537 = CIRCLE ( 'NONE', #535, 1.500000000000001332 ) ;
#9538 = CARTESIAN_POINT ( 'NONE',  ( 53.78088215633500369, -282.6783406812686508, -33.11798626738899998 ) ) ;
#9539 = FACE_OUTER_BOUND ( 'NONE', #5892, .T. ) ;
#9540 = EDGE_CURVE ( 'NONE', #7970, #9573, #1791, .T. ) ;
#9541 = PLANE ( 'NONE',  #8067 ) ;
#9542 = DIRECTION ( 'NONE',  ( 0.000000000000000000, 0.000000000000000000, 1.000000000000000000 ) ) ;
#9543 = DIRECTION ( 'NONE',  ( 0.000000000000000000, 1.000000000000000000, 0.000000000000000000 ) ) ;
#9544 = VERTEX_POINT ( 'NONE', #9338 ) ;
#9545 = ORIENTED_EDGE ( 'NONE', *, *, #2346, .T. ) ;
#9546 = CIRCLE ( 'NONE', #1624, 0.7499999999999729106 ) ;
#9547 = VERTEX_POINT ( 'NONE', #5056 ) ;
#9548 = CARTESIAN_POINT ( 'NONE',  ( 16.79553125445564632, -234.5492224482827908, -36.95064701668029983 ) ) ;
#9549 = CARTESIAN_POINT ( 'NONE',  ( 58.78088215633499658, -326.3820313402290481, -38.11798626738899998 ) ) ;
#9550 = CARTESIAN_POINT ( 'NONE',  ( 56.08088215633500795, -289.9034704378889273, -33.11798626738899998 ) ) ;
#9551 = AXIS2_PLACEMENT_3D ( 'NONE', #9043, #1324, #3967 ) ;
#9552 = DIRECTION ( 'NONE',  ( -1.000000000000000000, 0.000000000000000000, 0.000000000000000000 ) ) ;
#9553 = DIRECTION ( 'NONE',  ( 0.000000000000000000, 0.000000000000000000, -1.000000000000000000 ) ) ;
#9554 = DIRECTION ( 'NONE',  ( 0.000000000000000000, 0.000000000000000000, 1.000000000000000000 ) ) ;
#9555 =( NAMED_UNIT ( * ) SI_UNIT ( $, .STERADIAN. ) SOLID_ANGLE_UNIT ( ) );
#9556 = ORIENTED_EDGE ( 'NONE', *, *, #2427, .T. ) ;
#9557 = VECTOR ( 'NONE', #152, 1000.000000000000000 ) ;
#9558 = ORIENTED_EDGE ( 'NONE', *, *, #443, .F. ) ;
#9559 = CARTESIAN_POINT ( 'NONE',  ( 44.93088215633500226, -285.8570313402290139, -24.31798626738900282 ) ) ;
#9560 = CARTESIAN_POINT ( 'NONE',  ( 20.18088215633500226, -289.9034704378889273, -23.81798626738900282 ) ) ;
#9561 = DIRECTION ( 'NONE',  ( 0.000000000000000000, 0.000000000000000000, -1.000000000000000000 ) ) ;
#9562 = PLANE ( 'NONE',  #10650 ) ;
#9563 = CARTESIAN_POINT ( 'NONE',  ( 47.78088215633500369, -256.0820313402289798, 220.0996348679430525 ) ) ;
#9564 = CARTESIAN_POINT ( 'NONE',  ( 58.78088215633499658, -230.0847755546147653, -38.11798626738899998 ) ) ;
#9565 = DIRECTION ( 'NONE',  ( 1.000000000000000000, 0.000000000000000000, 0.000000000000000000 ) ) ;
#9566 = CARTESIAN_POINT ( 'NONE',  ( 38.84338215633500369, -216.6320313402290196, -33.11798626738899998 ) ) ;
#9567 = AXIS2_PLACEMENT_3D ( 'NONE', #6959, #7810, #4246 ) ;
#9568 = EDGE_CURVE ( 'NONE', #7955, #2406, #9397, .T. ) ;
#9569 = DIRECTION ( 'NONE',  ( -0.5773502691896250649, 0.5773502691896260641, 0.5773502691896260641 ) ) ;
#9570 = AXIS2_PLACEMENT_3D ( 'NONE', #8727, #8670, #10407 ) ;
#9571 = ORIENTED_EDGE ( 'NONE', *, *, #10138, .F. ) ;
#9572 = ORIENTED_EDGE ( 'NONE', *, *, #10177, .T. ) ;
#9573 = VERTEX_POINT ( 'NONE', #4388 ) ;
#9574 = DIRECTION ( 'NONE',  ( -1.000000000000000000, 0.000000000000000000, 0.000000000000000000 ) ) ;
#9575 = VERTEX_POINT ( 'NONE', #5116 ) ;
#9577 = EDGE_CURVE ( 'NONE', #5301, #10484, #783, .T. ) ;
#9576 = VECTOR ( 'NONE', #5018, 1000.000000000000000 ) ;
#9578 = CARTESIAN_POINT ( 'NONE',  ( 23.90588215633500369, -218.8820313402289912, -33.11798626738899998 ) ) ;
#9579 = DIRECTION ( 'NONE',  ( 0.000000000000000000, 0.000000000000000000, -1.000000000000000000 ) ) ;
#9580 = CARTESIAN_POINT ( 'NONE',  ( 29.65588215633500369, -235.6320313402289912, -23.81798626738900282 ) ) ;
#9581 = DIRECTION ( 'NONE',  ( 1.000000000000000000, 2.478176394252580155E-16, 0.000000000000000000 ) ) ;
#9582 = CIRCLE ( 'NONE', #398, 3.000000000000002665 ) ;
#9583 = DIRECTION ( 'NONE',  ( 1.000000000000000000, -0.000000000000000000, 0.000000000000000000 ) ) ;
#9584 = CIRCLE ( 'NONE', #4721, 2.999999999999999112 ) ;
#9585 = ORIENTED_EDGE ( 'NONE', *, *, #3996, .F. ) ;
#9586 = VERTEX_POINT ( 'NONE', #837 ) ;
#9587 = ORIENTED_EDGE ( 'NONE', *, *, #270, .F. ) ;
#9588 = VERTEX_POINT ( 'NONE', #11132 ) ;
#9589 = EDGE_CURVE ( 'NONE', #2234, #588, #2932, .T. ) ;
#9590 = EDGE_CURVE ( 'NONE', #7955, #10312, #9582, .T. ) ;
#9591 = EDGE_CURVE ( 'NONE', #5462, #656, #6878, .T. ) ;
#9592 = VECTOR ( 'NONE', #1368, 1000.000000000000000 ) ;
#9593 = CARTESIAN_POINT ( 'NONE',  ( 16.87722902881872855, -234.3436707535818471, -38.62172633882449446 ) ) ;
#9594 = DIRECTION ( 'NONE',  ( 1.000000000000000000, 0.000000000000000000, 0.000000000000000000 ) ) ;
#9595 = CARTESIAN_POINT ( 'NONE',  ( 23.90588215633500369, -229.9909074294941149, -24.51798626738900921 ) ) ;
#9596 = DIRECTION ( 'NONE',  ( 1.000000000000000000, 0.000000000000000000, 0.000000000000000000 ) ) ;
#9597 = EDGE_CURVE ( 'NONE', #10076, #10283, #4600, .T. ) ;
#9598 = DIRECTION ( 'NONE',  ( 0.000000000000000000, 1.000000000000000000, 0.000000000000000000 ) ) ;
#9599 = CARTESIAN_POINT ( 'NONE',  ( 48.78088215633500369, -261.3820313402290481, -34.71798626738900140 ) ) ;
#9600 = DIRECTION ( 'NONE',  ( 0.000000000000000000, 0.000000000000000000, 1.000000000000000000 ) ) ;
#9601 = VECTOR ( 'NONE', #401, 1000.000000000000000 ) ;
#9602 = ORIENTED_EDGE ( 'NONE', *, *, #4943, .T. ) ;
#9603 = ORIENTED_EDGE ( 'NONE', *, *, #8271, .T. ) ;
#9604 = AXIS2_PLACEMENT_3D ( 'NONE', #3346, #8594, #10219 ) ;
#9605 = ORIENTED_EDGE ( 'NONE', *, *, #5309, .F. ) ;
#9606 = ADVANCED_FACE ( 'NONE', ( #8835 ), #1057, .F. ) ;
#9607 = EDGE_CURVE ( 'NONE', #8573, #1593, #1274, .T. ) ;
#9608 = EDGE_CURVE ( 'NONE', #3814, #1754, #8315, .T. ) ;
#9609 = CARTESIAN_POINT ( 'NONE',  ( 30.20588215633500440, -266.1320313402289912, -23.81798626738900282 ) ) ;
#9610 = AXIS2_PLACEMENT_3D ( 'NONE', #8494, #5111, #11014 ) ;
#9611 = FACE_OUTER_BOUND ( 'NONE', #10027, .T. ) ;
#9612 = FACE_OUTER_BOUND ( 'NONE', #2710, .T. ) ;
#9613 = AXIS2_PLACEMENT_3D ( 'NONE', #6672, #2116, #5547 ) ;
#9614 = CARTESIAN_POINT ( 'NONE',  ( 56.78088215633500369, -244.4302408555732882, -43.11798626738900708 ) ) ;
#9615 = DIRECTION ( 'NONE',  ( 0.000000000000000000, -1.000000000000000000, 0.000000000000000000 ) ) ;
#9616 = FACE_OUTER_BOUND ( 'NONE', #4612, .T. ) ;
#9617 = ORIENTED_EDGE ( 'NONE', *, *, #3942, .T. ) ;
#9618 = DIRECTION ( 'NONE',  ( 0.000000000000000000, 0.000000000000000000, 1.000000000000000000 ) ) ;
#9619 = DIRECTION ( 'NONE',  ( 0.9957844558541819602, -0.09172413793103173507, 0.000000000000000000 ) ) ;
#9620 = CARTESIAN_POINT ( 'NONE',  ( 55.61001185207917530, -232.7534420467136727, -25.08861810882288879 ) ) ;
#9621 = LINE ( 'NONE', #1053, #3456 ) ;
#9622 = CYLINDRICAL_SURFACE ( 'NONE', #2896, 2.999999999999999112 ) ;
#9623 = DIRECTION ( 'NONE',  ( -1.000000000000000000, 0.000000000000000000, 0.000000000000000000 ) ) ;
#9624 = PLANE ( 'NONE',  #976 ) ;
#9625 = CARTESIAN_POINT ( 'NONE',  ( 25.40588215633500369, -234.8330313402290130, 223.6996348679430184 ) ) ;
#9626 = DIRECTION ( 'NONE',  ( 1.000000000000000000, 0.000000000000000000, 0.000000000000000000 ) ) ;
#9627 = EDGE_LOOP ( 'NONE', ( #123, #7775, #9531, #3761 ) ) ;
#9628 = VERTEX_POINT ( 'NONE', #375 ) ;
#9629 = ORIENTED_EDGE ( 'NONE', *, *, #642, .T. ) ;
#9630 = CARTESIAN_POINT ( 'NONE',  ( 61.63088215633501932, -289.9034704378888136, -39.78475710479175120 ) ) ;
#9631 = ORIENTED_EDGE ( 'NONE', *, *, #5494, .T. ) ;
#9632 = CARTESIAN_POINT ( 'NONE',  ( 59.14588215633499146, -237.2108035506304873, -27.21798626738900140 ) ) ;
#9633 = LINE ( 'NONE', #1913, #4183 ) ;
#9634 = CARTESIAN_POINT ( 'NONE',  ( 60.60454640462116771, -287.1243820397983768, -36.72287600375699412 ) ) ;
#9635 = DIRECTION ( 'NONE',  ( 1.000000000000000000, 0.000000000000000000, 0.000000000000000000 ) ) ;
#9636 = EDGE_CURVE ( 'NONE', #9835, #10589, #5332, .T. ) ;
#9637 = ORIENTED_EDGE ( 'NONE', *, *, #6738, .T. ) ;
#9638 = VERTEX_POINT ( 'NONE', #8041 ) ;
#9639 = ORIENTED_EDGE ( 'NONE', *, *, #1386, .F. ) ;
#9640 = ORIENTED_EDGE ( 'NONE', *, *, #10122, .F. ) ;
#9641 = CARTESIAN_POINT ( 'NONE',  ( 16.83463957497401964, -232.1700366184645645, -38.82702247325386935 ) ) ;
#9642 = DIRECTION ( 'NONE',  ( 0.000000000000000000, 0.000000000000000000, -1.000000000000000000 ) ) ;
#9643 = DIRECTION ( 'NONE',  ( 1.000000000000000000, 0.000000000000000000, 0.000000000000000000 ) ) ;
#9644 = CARTESIAN_POINT ( 'NONE',  ( 53.78088215633500369, -315.3820313402289912, -41.11798626738899998 ) ) ;
#9645 = CARTESIAN_POINT ( 'NONE',  ( 29.65588215633500369, -223.3820313402289912, -23.81798626738900282 ) ) ;
#9646 = FACE_OUTER_BOUND ( 'NONE', #2869, .T. ) ;
#9647 = ADVANCED_FACE ( 'NONE', ( #6348 ), #7256, .T. ) ;
#9648 = DIRECTION ( 'NONE',  ( 0.000000000000000000, 0.000000000000000000, -1.000000000000000000 ) ) ;
#9649 = ORIENTED_EDGE ( 'NONE', *, *, #7945, .F. ) ;
#9650 = ORIENTED_EDGE ( 'NONE', *, *, #512, .F. ) ;
#9651 = ORIENTED_EDGE ( 'NONE', *, *, #1051, .T. ) ;
#9652 = EDGE_CURVE ( 'NONE', #2537, #3034, #1166, .T. ) ;
#9653 = CIRCLE ( 'NONE', #4061, 7.249999999999992895 ) ;
#9654 = CARTESIAN_POINT ( 'NONE',  ( 57.03088215633500369, -205.8820313402289912, -38.11798626738899287 ) ) ;
#9655 = PLANE ( 'NONE',  #9394 ) ;
#9656 = DIRECTION ( 'NONE',  ( 0.7071067811865475727, 0.7071067811865475727, -0.000000000000000000 ) ) ;
#9657 = CARTESIAN_POINT ( 'NONE',  ( 53.78088215633500369, -334.3820313402290481, -43.61798626738902840 ) ) ;
#9658 = DIRECTION ( 'NONE',  ( -0.7071067811865721087, 0.000000000000000000, 0.7071067811865230368 ) ) ;
#9659 = ADVANCED_FACE ( 'NONE', ( #7934 ), #4712, .T. ) ;
#9660 = PLANE ( 'NONE',  #4372 ) ;
#9661 = ADVANCED_FACE ( 'NONE', ( #10625 ), #10570, .T. ) ;
#9662 = ADVANCED_FACE ( 'NONE', ( #7088 ), #2067, .F. ) ;
#9663 = CIRCLE ( 'NONE', #5691, 3.250000000000002665 ) ;
#9664 = EDGE_LOOP ( 'NONE', ( #10711, #1305, #7375, #2165, #2796 ) ) ;
#9665 = ORIENTED_EDGE ( 'NONE', *, *, #7116, .F. ) ;
#9666 = DIRECTION ( 'NONE',  ( -1.000000000000000000, 0.000000000000000000, 0.000000000000000000 ) ) ;
#9667 = DIRECTION ( 'NONE',  ( 0.000000000000000000, -1.000000000000000000, 0.000000000000000000 ) ) ;
#9668 = DIRECTION ( 'NONE',  ( 0.000000000000000000, 0.000000000000000000, 1.000000000000000000 ) ) ;
#9669 = VECTOR ( 'NONE', #307, 1000.000000000000000 ) ;
#9670 = CARTESIAN_POINT ( 'NONE',  ( 18.32722722636549761, -286.0694624435449782, -35.36585279557231587 ) ) ;
#9671 = LINE ( 'NONE', #9046, #10281 ) ;
#9672 = CARTESIAN_POINT ( 'NONE',  ( 60.42682847015413472, -231.6136247307911162, -38.60256386902111103 ) ) ;
#9673 = LINE ( 'NONE', #3175, #6363 ) ;
#9674 = DIRECTION ( 'NONE',  ( 0.000000000000000000, -1.000000000000000000, 0.000000000000000000 ) ) ;
#9675 = EDGE_CURVE ( 'NONE', #589, #4271, #9026, .T. ) ;
#9676 = CARTESIAN_POINT ( 'NONE',  ( 53.78088215633500369, -326.3820313402290481, 105.9245421747346825 ) ) ;
#9677 = AXIS2_PLACEMENT_3D ( 'NONE', #4898, #3203, #6587 ) ;
#9678 = ORIENTED_EDGE ( 'NONE', *, *, #5457, .F. ) ;
#9679 = ORIENTED_EDGE ( 'NONE', *, *, #9577, .F. ) ;
#9680 = ORIENTED_EDGE ( 'NONE', *, *, #5530, .T. ) ;
#9681 = DIRECTION ( 'NONE',  ( 1.000000000000000000, 1.457750820148579853E-16, 0.000000000000000000 ) ) ;
#9682 = ORIENTED_EDGE ( 'NONE', *, *, #10999, .T. ) ;
#9683 = CYLINDRICAL_SURFACE ( 'NONE', #10960, 3.250000000000002665 ) ;
#9684 = CARTESIAN_POINT ( 'NONE',  ( 18.78088215633500013, -266.1320313402289912, -38.11798626738899998 ) ) ;
#9685 = AXIS2_PLACEMENT_3D ( 'NONE', #3605, #1863, #2229 ) ;
#9686 = CARTESIAN_POINT ( 'NONE',  ( 61.69814183834603227, -290.3906742103466172, -40.41815675668878072 ) ) ;
#9687 = ORIENTED_EDGE ( 'NONE', *, *, #6057, .T. ) ;
#9688 = ORIENTED_EDGE ( 'NONE', *, *, #3608, .F. ) ;
#9689 = ORIENTED_EDGE ( 'NONE', *, *, #5263, .F. ) ;
#9690 = VECTOR ( 'NONE', #6542, 1000.000000000000000 ) ;
#9691 = EDGE_LOOP ( 'NONE', ( #236, #5259, #10158, #1991 ) ) ;
#9692 = AXIS2_PLACEMENT_3D ( 'NONE', #10494, #7682, #2607 ) ;
#9693 = ORIENTED_EDGE ( 'NONE', *, *, #4358, .F. ) ;
#9694 = PLANE ( 'NONE',  #4114 ) ;
#9695 = CYLINDRICAL_SURFACE ( 'NONE', #33, 0.7499999999999729106 ) ;
#9696 = DIRECTION ( 'NONE',  ( 0.000000000000000000, 0.000000000000000000, -1.000000000000000000 ) ) ;
#9697 = DIRECTION ( 'NONE',  ( 1.000000000000000000, 2.915501640297150339E-16, 0.000000000000000000 ) ) ;
#9698 = VECTOR ( 'NONE', #4718, 1000.000000000000000 ) ;
#9699 = CIRCLE ( 'NONE', #3937, 3.000000000000002665 ) ;
#9700 = DIRECTION ( 'NONE',  ( 0.000000000000000000, 0.000000000000000000, -1.000000000000000000 ) ) ;
#9701 = DIRECTION ( 'NONE',  ( -0.000000000000000000, -0.000000000000000000, -1.000000000000000000 ) ) ;
#9702 = ADVANCED_FACE ( 'NONE', ( #6189 ), #9729, .T. ) ;
#9703 = DIRECTION ( 'NONE',  ( 1.000000000000000000, 0.000000000000000000, 0.000000000000000000 ) ) ;
#9704 = VERTEX_POINT ( 'NONE', #5389 ) ;
#9705 = VERTEX_POINT ( 'NONE', #8153 ) ;
#9706 = ORIENTED_EDGE ( 'NONE', *, *, #10362, .T. ) ;
#9707 = AXIS2_PLACEMENT_3D ( 'NONE', #5828, #9434, #6846 ) ;
#9708 = AXIS2_PLACEMENT_3D ( 'NONE', #10790, #2119, #5552 ) ;
#9709 = CARTESIAN_POINT ( 'NONE',  ( 29.87463215633500724, -285.8805661386763859, 220.0996348679430525 ) ) ;
#9710 = EDGE_CURVE ( 'NONE', #4268, #436, #8860, .T. ) ;
#9711 = DIRECTION ( 'NONE',  ( -0.7071067811865475727, -0.000000000000000000, -0.7071067811865475727 ) ) ;
#9712 = DIRECTION ( 'NONE',  ( 0.000000000000000000, 1.000000000000000000, 0.000000000000000000 ) ) ;
#9713 = LINE ( 'NONE', #4533, #7621 ) ;
#9714 = DIRECTION ( 'NONE',  ( 0.000000000000000000, -1.000000000000000000, 0.000000000000000000 ) ) ;
#9715 = DIRECTION ( 'NONE',  ( 1.000000000000000000, 0.000000000000000000, 0.000000000000000000 ) ) ;
#9716 = AXIS2_PLACEMENT_3D ( 'NONE', #4894, #2411, #7436 ) ;
#9717 = EDGE_LOOP ( 'NONE', ( #4602, #9040, #9010, #8997 ) ) ;
#9718 = VERTEX_POINT ( 'NONE', #432 ) ;
#9719 = CARTESIAN_POINT ( 'NONE',  ( 29.90588215633500369, -219.8820313402289912, -38.11798626738899998 ) ) ;
#9720 = EDGE_CURVE ( 'NONE', #1779, #3964, #10462, .T. ) ;
#9721 = DIRECTION ( 'NONE',  ( 0.000000000000000000, -1.000000000000000000, 0.000000000000000000 ) ) ;
#9723 = EDGE_CURVE ( 'NONE', #1651, #3757, #10950, .T. ) ;
#9722 = TOROIDAL_SURFACE ( 'NONE', #3963, 7.250000000000009770, 3.000000000000000000 ) ;
#9724 = EDGE_CURVE ( 'NONE', #7970, #2351, #4765, .T. ) ;
#9725 = FACE_OUTER_BOUND ( 'NONE', #10709, .T. ) ;
#9726 = DIRECTION ( 'NONE',  ( -0.08275862068965536555, 0.9965696216027988275, 0.000000000000000000 ) ) ;
#9727 = CARTESIAN_POINT ( 'NONE',  ( 61.54632180054741042, -236.0427119465426529, -39.87717035471150240 ) ) ;
#9728 = DIRECTION ( 'NONE',  ( -0.000000000000000000, -0.000000000000000000, 1.000000000000000000 ) ) ;
#9729 = PLANE ( 'NONE',  #221 ) ;
#9730 = CARTESIAN_POINT ( 'NONE',  ( 24.60588215633500297, -220.8820313402289912, -23.81798626738900282 ) ) ;
#9731 = CIRCLE ( 'NONE', #8657, 1.300000000000002487 ) ;
#9732 = EDGE_LOOP ( 'NONE', ( #2583, #7048, #7971, #5430 ) ) ;
#9733 = EDGE_LOOP ( 'NONE', ( #6697, #871, #1045, #6207 ) ) ;
#9734 = ORIENTED_EDGE ( 'NONE', *, *, #10628, .T. ) ;
#9735 = CARTESIAN_POINT ( 'NONE',  ( 60.22240766907587783, -286.7346360207152998, -36.19434166664660069 ) ) ;
#9736 = MANIFOLD_SOLID_BREP ( 'Fillet4', #10540 ) ;
#9737 = EDGE_LOOP ( 'NONE', ( #806, #9372, #3398, #2874 ) ) ;
#9738 = CARTESIAN_POINT ( 'NONE',  ( 23.90545308786753154, -220.9327681779809893, -33.11798626738899998 ) ) ;
#9739 = EDGE_CURVE ( 'NONE', #2445, #7215, #3915, .T. ) ;
#9740 = VECTOR ( 'NONE', #5688, 1000.000000000000114 ) ;
#9741 = CARTESIAN_POINT ( 'NONE',  ( 26.90588215633500369, -315.3820313402289912, -24.51798626738900211 ) ) ;
#9742 = CARTESIAN_POINT ( 'NONE',  ( 61.58081002232715662, -289.2078355897367601, -39.97078891063436856 ) ) ;
#9743 = VERTEX_POINT ( 'NONE', #4032 ) ;
#9744 = ORIENTED_EDGE ( 'NONE', *, *, #3595, .F. ) ;
#9745 = EDGE_LOOP ( 'NONE', ( #3310, #4630, #7160, #1627 ) ) ;
#9746 = CIRCLE ( 'NONE', #3798, 8.000000000000007105 ) ;
#9747 = VERTEX_POINT ( 'NONE', #7305 ) ;
#9748 = EDGE_LOOP ( 'NONE', ( #3704, #6149, #3758, #1220, #8951 ) ) ;
#9749 = LINE ( 'NONE', #2037, #4313 ) ;
#9750 = CARTESIAN_POINT ( 'NONE',  ( 17.41574395123522834, -233.9263412535649138, -36.08416255212947021 ) ) ;
#9751 = CARTESIAN_POINT ( 'NONE',  ( 22.93087523574143205, -241.7059218669221821, -25.49299318798257374 ) ) ;
#9752 = VECTOR ( 'NONE', #5441, 1000.000000000000000 ) ;
#9753 = CARTESIAN_POINT ( 'NONE',  ( 50.78088215633499658, -216.8820313402289912, -35.11798626738899998 ) ) ;
#9754 = DIRECTION ( 'NONE',  ( 0.000000000000000000, -1.000000000000000000, 0.000000000000000000 ) ) ;
#9755 = FACE_OUTER_BOUND ( 'NONE', #8614, .T. ) ;
#9756 = FACE_OUTER_BOUND ( 'NONE', #6679, .T. ) ;
#9757 = VERTEX_POINT ( 'NONE', #4079 ) ;
#9758 = VERTEX_POINT ( 'NONE', #3234 ) ;
#9759 = VERTEX_POINT ( 'NONE', #479 ) ;
#9760 = VECTOR ( 'NONE', #584, 1000.000000000000000 ) ;
#9761 = CIRCLE ( 'NONE', #766, 7.500000000000062172 ) ;
#9762 = CARTESIAN_POINT ( 'NONE',  ( 23.79588215633502202, -237.2108035506304873, -23.81798626738900282 ) ) ;
#9763 = CARTESIAN_POINT ( 'NONE',  ( 26.90588215633500369, -318.3820313402290481, -33.11798626738899998 ) ) ;
#9764 = LINE ( 'NONE', #2890, #2107 ) ;
#9765 = DIRECTION ( 'NONE',  ( 0.000000000000000000, 0.000000000000000000, -1.000000000000000000 ) ) ;
#9766 = CARTESIAN_POINT ( 'NONE',  ( 18.45326875780323306, -230.2324968911025564, -38.13224120221470059 ) ) ;
#9767 = VECTOR ( 'NONE', #4463, 1000.000000000000000 ) ;
#9768 = FACE_OUTER_BOUND ( 'NONE', #4851, .T. ) ;
#9769 = AXIS2_PLACEMENT_3D ( 'NONE', #6247, #6408, #5453 ) ;
#9770 = ORIENTED_EDGE ( 'NONE', *, *, #2613, .T. ) ;
#9771 = EDGE_CURVE ( 'NONE', #5537, #5863, #7468, .T. ) ;
#9772 = ORIENTED_EDGE ( 'NONE', *, *, #4010, .F. ) ;
#9773 = CARTESIAN_POINT ( 'NONE',  ( 24.13017257540319349, -290.7960090379323788, -24.29369584832080875 ) ) ;
#9774 = AXIS2_PLACEMENT_3D ( 'NONE', #2574, #949, #2629 ) ;
#9775 = VECTOR ( 'NONE', #140, 1000.000000000000000 ) ;
#9776 = DIRECTION ( 'NONE',  ( -1.000000000000000000, -0.000000000000000000, -1.822188525185724878E-16 ) ) ;
#9777 = CARTESIAN_POINT ( 'NONE',  ( 32.40588215633500369, -296.3975313402290226, -26.81798626738900282 ) ) ;
#9778 = CARTESIAN_POINT ( 'NONE',  ( 60.69588215633499573, -237.2108035506304873, -27.21798626738900140 ) ) ;
#9779 = CARTESIAN_POINT ( 'NONE',  ( 61.37880758444296703, -238.8365033870989862, -38.43156496827743496 ) ) ;
#9780 = CARTESIAN_POINT ( 'NONE',  ( 45.43088215633500937, -266.1320313402289912, -23.81798626738900282 ) ) ;
#9781 = CARTESIAN_POINT ( 'NONE',  ( 54.57701674157770100, -285.7811461981980301, -25.31412085263169942 ) ) ;
#9782 = DIRECTION ( 'NONE',  ( -2.478176394252585085E-16, 1.000000000000000000, 0.000000000000000000 ) ) ;
#9783 = CYLINDRICAL_SURFACE ( 'NONE', #5560, 3.000000000000002665 ) ;
#9784 = VECTOR ( 'NONE', #687, 1000.000000000000000 ) ;
#9785 = ADVANCED_FACE ( 'NONE', ( #5835 ), #10047, .T. ) ;
#9786 = ORIENTED_EDGE ( 'NONE', *, *, #11099, .F. ) ;
#9787 = ORIENTED_EDGE ( 'NONE', *, *, #8902, .T. ) ;
#9788 = ORIENTED_EDGE ( 'NONE', *, *, #10945, .F. ) ;
#9789 = CARTESIAN_POINT ( 'NONE',  ( 58.51876710349868205, -285.8055953658250132, -35.13684105031759941 ) ) ;
#9790 = FACE_OUTER_BOUND ( 'NONE', #3085, .T. ) ;
#9791 = CYLINDRICAL_SURFACE ( 'NONE', #8990, 1.000000000000000888 ) ;
#9792 = EDGE_CURVE ( 'NONE', #2871, #449, #3272, .T. ) ;
#9793 = CYLINDRICAL_SURFACE ( 'NONE', #10308, 4.250000000000010658 ) ;
#9794 = CARTESIAN_POINT ( 'NONE',  ( 61.54194381609378439, -289.0304139600357871, -39.23526322119587917 ) ) ;
#9795 = ADVANCED_FACE ( 'NONE', ( #1493 ), #650, .F. ) ;
#9796 = EDGE_CURVE ( 'NONE', #6918, #6714, #6333, .T. ) ;
#9797 = ORIENTED_EDGE ( 'NONE', *, *, #469, .F. ) ;
#9798 = ADVANCED_FACE ( 'NONE', ( #9890 ), #2176, .F. ) ;
#9799 = EDGE_LOOP ( 'NONE', ( #5906, #6311, #381, #5257 ) ) ;
#9800 = VERTEX_POINT ( 'NONE', #9948 ) ;
#9801 = VERTEX_POINT ( 'NONE', #2230 ) ;
#9802 = PRODUCT_DEFINITION_CONTEXT ( 'detailed design', #2379, 'design' ) ;
#9803 = ORIENTED_EDGE ( 'NONE', *, *, #1527, .T. ) ;
#9804 = CARTESIAN_POINT ( 'NONE',  ( 23.90588215633500369, -296.1581066294733091, -24.51798626738900211 ) ) ;
#9805 = EDGE_CURVE ( 'NONE', #6502, #8217, #5668, .T. ) ;
#9806 = VECTOR ( 'NONE', #1926, 1000.000000000000000 ) ;
#9807 = CARTESIAN_POINT ( 'NONE',  ( 18.81588215633501804, -237.2108035506304873, -43.11798626738900708 ) ) ;
#9808 = DIRECTION ( 'NONE',  ( 0.000000000000000000, 0.000000000000000000, 1.000000000000000000 ) ) ;
#9809 = DIRECTION ( 'NONE',  ( 1.000000000000000000, 1.822188525185719948E-16, 0.000000000000000000 ) ) ;
#9810 = LINE ( 'NONE', #1300, #9158 ) ;
#9811 = CARTESIAN_POINT ( 'NONE',  ( 28.90588215633500013, -240.9235313402290046, -26.81798626738900282 ) ) ;
#9812 = DIRECTION ( 'NONE',  ( 0.000000000000000000, 1.000000000000000000, 0.000000000000000000 ) ) ;
#9813 = ADVANCED_FACE ( 'NONE', ( #8256 ), #537, .T. ) ;
#9814 = EDGE_LOOP ( 'NONE', ( #4784, #10385, #3667, #9120 ) ) ;
#9815 = ORIENTED_EDGE ( 'NONE', *, *, #5940, .F. ) ;
#9816 = ORIENTED_EDGE ( 'NONE', *, *, #9720, .F. ) ;
#9817 = CARTESIAN_POINT ( 'NONE',  ( 19.16710922333449574, -241.3569966544132512, -35.11798626738899998 ) ) ;
#9818 = CARTESIAN_POINT ( 'NONE',  ( 20.11588215633501520, -237.2108035506304873, -35.11798626738899998 ) ) ;
#9819 = CARTESIAN_POINT ( 'NONE',  ( 24.47725877913103076, -220.8820441271578545, -23.94660964459298569 ) ) ;
#9820 = CARTESIAN_POINT ( 'NONE',  ( 53.89740075667895525, -234.6562504693456219, -24.63450486773296078 ) ) ;
#9821 = CARTESIAN_POINT ( 'NONE',  ( 18.61237819188461273, -230.1479110889312381, -38.11798626738880102 ) ) ;
#9822 = CARTESIAN_POINT ( 'NONE',  ( 20.90588215633500369, -230.0039734568930214, -33.11798626738899998 ) ) ;
#9823 = ORIENTED_EDGE ( 'NONE', *, *, #2690, .F. ) ;
#9824 = AXIS2_PLACEMENT_3D ( 'NONE', #1223, #3980, #545 ) ;
#9825 = VERTEX_POINT ( 'NONE', #7759 ) ;
#9826 = CARTESIAN_POINT ( 'NONE',  ( 23.46021335608334368, -293.2847400834016867, -24.96365506764066211 ) ) ;
#9827 = LINE ( 'NONE', #315, #8998 ) ;
#9828 = CYLINDRICAL_SURFACE ( 'NONE', #6687, 1.500000000000001332 ) ;
#9829 = CARTESIAN_POINT ( 'NONE',  ( 44.93088215633500226, -258.4950313402289908, -26.81798626738900282 ) ) ;
#9830 = CARTESIAN_POINT ( 'NONE',  ( 61.58286722645054567, -236.2308514812961278, -39.30725824172385785 ) ) ;
#9831 = DIRECTION ( 'NONE',  ( 0.000000000000000000, -1.000000000000000000, 0.000000000000000000 ) ) ;
#9832 = DIRECTION ( 'NONE',  ( 1.000000000000000000, 0.000000000000000000, 0.000000000000000000 ) ) ;
#9833 = DIRECTION ( 'NONE',  ( 0.000000000000000000, 0.000000000000000000, 1.000000000000000000 ) ) ;
#9834 = CARTESIAN_POINT ( 'NONE',  ( 61.49631987264956479, -234.5186315891511981, -39.81360820064740125 ) ) ;
#9835 = VERTEX_POINT ( 'NONE', #3407 ) ;
#9836 = ORIENTED_EDGE ( 'NONE', *, *, #1939, .F. ) ;
#9837 = ORIENTED_EDGE ( 'NONE', *, *, #5801, .T. ) ;
#9838 = DIRECTION ( 'NONE',  ( -1.000000000000000000, 0.000000000000000000, 0.000000000000000000 ) ) ;
#9839 = VECTOR ( 'NONE', #3900, 1000.000000000000114 ) ;
#9840 = CARTESIAN_POINT ( 'NONE',  ( 60.03834595227063886, -293.2304646946980142, -35.98458085675353857 ) ) ;
#9841 = FACE_OUTER_BOUND ( 'NONE', #901, .T. ) ;
#9842 = ADVANCED_FACE ( 'NONE', ( #8597 ), #6853, .F. ) ;
#9843 = FACE_OUTER_BOUND ( 'NONE', #2797, .T. ) ;
#9844 = DIRECTION ( 'NONE',  ( 1.000000000000000000, 0.000000000000000000, 0.000000000000000000 ) ) ;
#9845 = CARTESIAN_POINT ( 'NONE',  ( 61.68069118765497905, -289.0221755964511772, -40.34803822529035244 ) ) ;
#9846 = ORIENTED_EDGE ( 'NONE', *, *, #1952, .F. ) ;
#9847 = ORIENTED_EDGE ( 'NONE', *, *, #7390, .T. ) ;
#9848 = ORIENTED_EDGE ( 'NONE', *, *, #3806, .F. ) ;
#9849 = VERTEX_POINT ( 'NONE', #826 ) ;
#9850 = ORIENTED_EDGE ( 'NONE', *, *, #1587, .F. ) ;
#9851 = CARTESIAN_POINT ( 'NONE',  ( 27.90588215633500369, -303.7570313402290481, -26.81798626738900282 ) ) ;
#9852 = VECTOR ( 'NONE', #6673, 1000.000000000000000 ) ;
#9853 = EDGE_CURVE ( 'NONE', #10314, #3657, #10395, .T. ) ;
#9854 = LINE ( 'NONE', #9807, #3250 ) ;
#9855 = EDGE_CURVE ( 'NONE', #4303, #9757, #6963, .T. ) ;
#9856 = CARTESIAN_POINT ( 'NONE',  ( 32.63088215633499800, -238.5330313402290301, -26.81798626738900282 ) ) ;
#9857 = ADVANCED_FACE ( 'NONE', ( #5890 ), #6120, .F. ) ;
#9858 = DIRECTION ( 'NONE',  ( 0.000000000000000000, 0.000000000000000000, 1.000000000000000000 ) ) ;
#9859 = LINE ( 'NONE', #2778, #2485 ) ;
#9860 = CARTESIAN_POINT ( 'NONE',  ( 23.90588215633500369, -218.8820313402289912, -33.11798626738899998 ) ) ;
#9861 = VECTOR ( 'NONE', #3089, 1000.000000000000000 ) ;
#9862 = CYLINDRICAL_SURFACE ( 'NONE', #2697, 1.299999999999999156 ) ;
#9863 = ADVANCED_FACE ( 'NONE', ( #2563 ), #3292, .F. ) ;
#9864 = VECTOR ( 'NONE', #9984, 1000.000000000000000 ) ;
#9865 = EDGE_CURVE ( 'NONE', #5983, #8336, #4135, .T. ) ;
#9866 = ORIENTED_EDGE ( 'NONE', *, *, #2992, .F. ) ;
#9867 = ORIENTED_EDGE ( 'NONE', *, *, #10957, .T. ) ;
#9868 = ORIENTED_EDGE ( 'NONE', *, *, #11022, .F. ) ;
#9869 = CARTESIAN_POINT ( 'NONE',  ( 15.78088215633500013, -326.3820313402290481, -43.61798626738902840 ) ) ;
#9870 = AXIS2_PLACEMENT_3D ( 'NONE', #3019, #4987, #6517 ) ;
#9871 = EDGE_CURVE ( 'NONE', #6998, #6544, #7590, .T. ) ;
#9872 = CARTESIAN_POINT ( 'NONE',  ( 15.89563259845454191, -290.9932656372959059, -40.29391104747656982 ) ) ;
#9873 = PLANE ( 'NONE',  #11094 ) ;
#9874 = CARTESIAN_POINT ( 'NONE',  ( 61.69588215633498862, -237.2108035506305157, -40.11161903819276375 ) ) ;
#9875 = CARTESIAN_POINT ( 'NONE',  ( 18.78088215633500013, -230.0847755546147653, -38.11798626738899998 ) ) ;
#9876 = CARTESIAN_POINT ( 'NONE',  ( 53.78088215633500369, -297.1286001945092607, -35.11798626738899998 ) ) ;
#9877 = ORIENTED_EDGE ( 'NONE', *, *, #9297, .F. ) ;
#9878 = CIRCLE ( 'NONE', #707, 3.250000000000002665 ) ;
#9879 = CIRCLE ( 'NONE', #1242, 1.700000000000000178 ) ;
#9880 = ORIENTED_EDGE ( 'NONE', *, *, #2091, .T. ) ;
#9881 = LINE ( 'NONE', #3856, #176 ) ;
#9882 = CARTESIAN_POINT ( 'NONE',  ( 57.51088215633501477, -289.9034704378889273, -23.81798626738900282 ) ) ;
#9883 = CARTESIAN_POINT ( 'NONE',  ( 23.90588215633500369, -218.8820313402289912, -23.81798626738900282 ) ) ;
#9884 = LINE ( 'NONE', #7251, #5065 ) ;
#9885 = CARTESIAN_POINT ( 'NONE',  ( 60.50177625011041016, -234.1372369858594880, -38.46979983403790015 ) ) ;
#9886 = CIRCLE ( 'NONE', #1983, 2.999999999999974687 ) ;
#9887 = LINE ( 'NONE', #5665, #5097 ) ;
#9888 = AXIS2_PLACEMENT_3D ( 'NONE', #4004, #5694, #4056 ) ;
#9889 = CARTESIAN_POINT ( 'NONE',  ( 28.90588215633500013, -227.2425313402290215, -33.11798626738899998 ) ) ;
#9890 = FACE_OUTER_BOUND ( 'NONE', #1499, .T. ) ;
#9891 = CARTESIAN_POINT ( 'NONE',  ( 61.71274676876675613, -238.0883230138158240, -40.47998252414949150 ) ) ;
#9892 = ORIENTED_EDGE ( 'NONE', *, *, #6088, .T. ) ;
#9893 = VECTOR ( 'NONE', #9331, 1000.000000000000000 ) ;
#9894 = ORIENTED_EDGE ( 'NONE', *, *, #5090, .T. ) ;
#9895 = CARTESIAN_POINT ( 'NONE',  ( 50.78088215633499658, -317.6820313402290026, -23.81798626738900282 ) ) ;
#9896 = CYLINDRICAL_SURFACE ( 'NONE', #1370, 1.700000000000000178 ) ;
#9897 = CARTESIAN_POINT ( 'NONE',  ( 57.05605457012809723, -241.4428874880107685, -33.11798626738899998 ) ) ;
#9898 = B_SPLINE_CURVE_WITH_KNOTS ( 'NONE', 3,
 ( #3246, #2453, #4261, #6234, #7767, #3535, #1847, #891, #7878, #6975 ),
 .UNSPECIFIED., .F., .F.,
 ( 4, 2, 2, 2, 4 ),
 ( -0.003253351539178802113, -0.001922520515611617900, -0.0005916894920444336868, 0.0007391415315227507429, 0.002069972555089934739 ),
 .UNSPECIFIED. ) ;
#9899 = CARTESIAN_POINT ( 'NONE',  ( 53.78088215633500369, -220.8820313402289912, -24.51798626738899856 ) ) ;
#9900 = CARTESIAN_POINT ( 'NONE',  ( 58.78088215633499658, -266.1320313402289912, -38.11798626738899998 ) ) ;
#9901 = CIRCLE ( 'NONE', #1447, 3.549999999999942091 ) ;
#9902 = CARTESIAN_POINT ( 'NONE',  ( 21.94588215633502060, -237.2108035506304873, -23.81798626738900282 ) ) ;
#9903 = ORIENTED_EDGE ( 'NONE', *, *, #4346, .T. ) ;
#9904 = VERTEX_POINT ( 'NONE', #10340 ) ;
#9905 = EDGE_LOOP ( 'NONE', ( #7617, #9327, #9472 ) ) ;
#9906 = EDGE_CURVE ( 'NONE', #7106, #5172, #1664, .T. ) ;
#9907 = ORIENTED_EDGE ( 'NONE', *, *, #1326, .T. ) ;
#9908 = VERTEX_POINT ( 'NONE', #3524 ) ;
#9909 = AXIS2_PLACEMENT_3D ( 'NONE', #11068, #4734, #2141 ) ;
#9910 = CYLINDRICAL_SURFACE ( 'NONE', #354, 3.250000000000002665 ) ;
#9911 = CYLINDRICAL_SURFACE ( 'NONE', #9012, 1.299999999999995604 ) ;
#9912 = CARTESIAN_POINT ( 'NONE',  ( 20.90588215633500369, -315.3820313402289912, -35.11798626738899998 ) ) ;
#9913 = FACE_OUTER_BOUND ( 'NONE', #1231, .T. ) ;
#9914 = DIRECTION ( 'NONE',  ( 0.000000000000000000, -1.000000000000000000, 0.000000000000000000 ) ) ;
#9915 = DIRECTION ( 'NONE',  ( 2.478176394252580155E-16, -1.000000000000000000, 0.000000000000000000 ) ) ;
#9916 = VECTOR ( 'NONE', #4473, 1000.000000000000000 ) ;
#9917 = DIRECTION ( 'NONE',  ( -0.000000000000000000, -0.000000000000000000, 1.000000000000000000 ) ) ;
#9918 = EDGE_CURVE ( 'NONE', #7095, #2981, #5610, .T. ) ;
#9919 = ORIENTED_EDGE ( 'NONE', *, *, #3401, .F. ) ;
#9920 = ORIENTED_EDGE ( 'NONE', *, *, #2259, .F. ) ;
#9921 = EDGE_CURVE ( 'NONE', #8081, #3004, #948, .T. ) ;
#9923 = EDGE_CURVE ( 'NONE', #615, #6808, #2443, .T. ) ;
#9922 = EDGE_LOOP ( 'NONE', ( #9, #2895, #1560, #1064 ) ) ;
#9924 = CARTESIAN_POINT ( 'NONE',  ( 17.88638098187293224, -243.7572011029903933, -38.25242380223732397 ) ) ;
#9925 = VECTOR ( 'NONE', #1758, 1000.000000000000000 ) ;
#9926 = ADVANCED_FACE ( 'NONE', ( #9382 ), #2502, .T. ) ;
#9927 = CARTESIAN_POINT ( 'NONE',  ( 16.38562614197332934, -293.6963486884661165, -39.30436312817396782 ) ) ;
#9928 = DIRECTION ( 'NONE',  ( 1.000000000000000000, 0.000000000000000000, 0.000000000000000000 ) ) ;
#9929 = CARTESIAN_POINT ( 'NONE',  ( 24.20088215633501250, -236.8086298157852809, -24.22298626738899685 ) ) ;
#9930 = DIRECTION ( 'NONE',  ( -2.478176394252585085E-16, 1.000000000000000000, 0.000000000000000000 ) ) ;
#9931 = CARTESIAN_POINT ( 'NONE',  ( 48.28088215633500369, -223.3820313402289912, -34.71798626738900140 ) ) ;
#9932 = CIRCLE ( 'NONE', #407, 3.250000000000002665 ) ;
#9933 = ADVANCED_FACE ( 'NONE', ( #1776, #8660, #4195 ), #1605, .T. ) ;
#9934 = VERTEX_POINT ( 'NONE', #8482 ) ;
#9935 = AXIS2_PLACEMENT_3D ( 'NONE', #9075, #4788, #2250 ) ;
#9936 = ADVANCED_FACE ( 'NONE', ( #11061 ), #3348, .F. ) ;
#9937 = ADVANCED_FACE ( 'NONE', ( #9616 ), #9660, .F. ) ;
#9938 = ORIENTED_EDGE ( 'NONE', *, *, #3595, .T. ) ;
#9939 = CARTESIAN_POINT ( 'NONE',  ( 53.78088215633500369, -266.1320313402289912, -24.51798626738900211 ) ) ;
#9940 = CARTESIAN_POINT ( 'NONE',  ( 32.63088215633499800, -289.5570313402290594, -24.31798626738900282 ) ) ;
#9941 = CIRCLE ( 'NONE', #592, 1.300000000000006040 ) ;
#9942 = CARTESIAN_POINT ( 'NONE',  ( 47.78088215633500369, -253.3820313402290196, 220.0996348679430525 ) ) ;
#9943 = CARTESIAN_POINT ( 'NONE',  ( 20.11588215633501520, -237.2108035506304873, -33.11798626738899998 ) ) ;
#9944 = CARTESIAN_POINT ( 'NONE',  ( 61.69617358467804991, -238.3315631446807004, -40.40674161433221911 ) ) ;
#9945 = VECTOR ( 'NONE', #50, 1000.000000000000114 ) ;
#9946 = DIRECTION ( 'NONE',  ( 0.7071067811865470176, 8.659560562354926695E-17, -0.7071067811865479058 ) ) ;
#9947 = DIRECTION ( 'NONE',  ( 0.000000000000000000, 0.000000000000000000, -1.000000000000000000 ) ) ;
#9948 = CARTESIAN_POINT ( 'NONE',  ( 61.28088215633506053, -205.8820313402289912, -44.11798626738900708 ) ) ;
#9949 = CYLINDRICAL_SURFACE ( 'NONE', #9708, 1.300000000000002487 ) ;
#9950 = DIRECTION ( 'NONE',  ( 1.000000000000000000, 0.000000000000000000, 0.000000000000000000 ) ) ;
#9951 = EDGE_CURVE ( 'NONE', #4593, #499, #8927, .T. ) ;
#9952 = ORIENTED_EDGE ( 'NONE', *, *, #7889, .T. ) ;
#9953 = VECTOR ( 'NONE', #7577, 1000.000000000000000 ) ;
#9954 = VERTEX_POINT ( 'NONE', #2795 ) ;
#9955 = FACE_OUTER_BOUND ( 'NONE', #11135, .T. ) ;
#9956 = DIRECTION ( 'NONE',  ( -0.000000000000000000, 0.000000000000000000, 1.000000000000000000 ) ) ;
#9957 = DIRECTION ( 'NONE',  ( 0.000000000000000000, -1.000000000000000000, 0.000000000000000000 ) ) ;
#9958 = DIRECTION ( 'NONE',  ( 0.000000000000000000, 0.000000000000000000, -1.000000000000000000 ) ) ;
#9959 = SPHERICAL_SURFACE ( 'NONE', #7100, 3.000000000000000000 ) ;
#9960 = VECTOR ( 'NONE', #9365, 1000.000000000000000 ) ;
#9961 = CARTESIAN_POINT ( 'NONE',  ( 61.51123847159659164, -290.9111151324782440, -39.08246545150895912 ) ) ;
#9962 = VERTEX_POINT ( 'NONE', #5321 ) ;
#9963 = ORIENTED_EDGE ( 'NONE', *, *, #638, .F. ) ;
#9964 = ORIENTED_EDGE ( 'NONE', *, *, #9994, .F. ) ;
#9965 = ORIENTED_EDGE ( 'NONE', *, *, #2424, .F. ) ;
#9966 = CARTESIAN_POINT ( 'NONE',  ( 58.86278754041144623, -241.2209251227583593, -35.21036920035820827 ) ) ;
#9967 = VERTEX_POINT ( 'NONE', #8765 ) ;
#9968 = CARTESIAN_POINT ( 'NONE',  ( 45.43088215633500937, -216.9520313402290128, -23.81798626738900282 ) ) ;
#9969 = LINE ( 'NONE', #7280, #9740 ) ;
#9970 = DIRECTION ( 'NONE',  ( 0.000000000000000000, 0.000000000000000000, -1.000000000000000000 ) ) ;
#9971 = DIRECTION ( 'NONE',  ( 1.000000000000000000, 0.000000000000000000, 0.000000000000000000 ) ) ;
#9972 = CARTESIAN_POINT ( 'NONE',  ( 20.90588215633500369, -282.6898115188659517, -38.11798626738899998 ) ) ;
#9973 = DIRECTION ( 'NONE',  ( 0.000000000000000000, 0.000000000000000000, 1.000000000000000000 ) ) ;
#9974 = DIRECTION ( 'NONE',  ( -0.000000000000000000, -0.000000000000000000, 1.000000000000000000 ) ) ;
#9975 = ORIENTED_EDGE ( 'NONE', *, *, #1812, .T. ) ;
#9976 = VERTEX_POINT ( 'NONE', #1204 ) ;
#9977 = ADVANCED_FACE ( 'NONE', ( #9768 ), #2734, .F. ) ;
#9978 = ORIENTED_EDGE ( 'NONE', *, *, #9871, .F. ) ;
#9979 = CARTESIAN_POINT ( 'NONE',  ( 17.40356578846219193, -240.4919083765900325, -36.08714147191572863 ) ) ;
#9980 = CARTESIAN_POINT ( 'NONE',  ( 15.86209602745478442, -290.3431505356622324, -40.42457724092129467 ) ) ;
#9981 = DIRECTION ( 'NONE',  ( 1.000000000000000000, 0.000000000000000000, 0.000000000000000000 ) ) ;
#9982 = ADVANCED_FACE ( 'NONE', ( #361 ), #3795, .T. ) ;
#9983 = CARTESIAN_POINT ( 'NONE',  ( 56.78088215633500369, -315.3820313402289912, -35.11798626738899998 ) ) ;
#9984 = DIRECTION ( 'NONE',  ( 0.000000000000000000, 0.000000000000000000, -1.000000000000000000 ) ) ;
#9985 = CARTESIAN_POINT ( 'NONE',  ( 47.78088215633500369, -257.3820313402290481, 220.0996348679430525 ) ) ;
#9986 = ORIENTED_EDGE ( 'NONE', *, *, #1477, .F. ) ;
#9987 = ORIENTED_EDGE ( 'NONE', *, *, #4633, .T. ) ;
#9988 = CARTESIAN_POINT ( 'NONE',  ( 61.64409349678702910, -288.5269886215696147, -40.21785395218348924 ) ) ;
#9989 = CARTESIAN_POINT ( 'NONE',  ( 38.15821548966834342, -251.5866980068957162, -31.09065293405570074 ) ) ;
#9990 = LINE ( 'NONE', #6393, #9576 ) ;
#9991 = EDGE_CURVE ( 'NONE', #2235, #9178, #9932, .T. ) ;
#9992 = PLANE ( 'NONE',  #10092 ) ;
#9993 = CARTESIAN_POINT ( 'NONE',  ( 59.87525579876494675, -243.5509390969839956, -38.32266938942073153 ) ) ;
#9994 = EDGE_CURVE ( 'NONE', #1450, #10927, #2002, .T. ) ;
#9995 = B_SPLINE_CURVE_WITH_KNOTS ( 'NONE', 3,
 ( #3864, #6146, #1215, #6452, #2175, #4815, #6347, #9781, #2703, #2066 ),
 .UNSPECIFIED., .F., .F.,
 ( 4, 2, 2, 2, 4 ),
 ( 0.002069972555089934739, 0.003400373897102006333, 0.004730775239114077928, 0.006061176581126149522, 0.007391577923138221116 ),
 .UNSPECIFIED. ) ;
#9996 = DIRECTION ( 'NONE',  ( 1.000000000000000000, 0.000000000000000000, 0.000000000000000000 ) ) ;
#9997 = EDGE_CURVE ( 'NONE', #6353, #9090, #3825, .T. ) ;
#9998 = DIRECTION ( 'NONE',  ( -0.000000000000000000, -0.000000000000000000, 1.000000000000000000 ) ) ;
#9999 = CARTESIAN_POINT ( 'NONE',  ( 61.35502093806258017, -233.8803199824008630, -39.54151671911816379 ) ) ;
#10000 = CIRCLE ( 'NONE', #4961, 3.000000000000003997 ) ;
#10001 = VERTEX_POINT ( 'NONE', #1044 ) ;
#10002 = VERTEX_POINT ( 'NONE', #2951 ) ;
#10003 = DIRECTION ( 'NONE',  ( 0.000000000000000000, 0.7071067811865721087, 0.7071067811865230368 ) ) ;
#10004 = CARTESIAN_POINT ( 'NONE',  ( 58.51709949848531522, -294.0017774258096210, -35.13664003558626803 ) ) ;
#10005 = CARTESIAN_POINT ( 'NONE',  ( 50.78088215633499658, -318.3820313402290481, -24.51798626738900211 ) ) ;
#10006 = VECTOR ( 'NONE', #9275, 1000.000000000000000 ) ;
#10007 = FACE_OUTER_BOUND ( 'NONE', #2983, .T. ) ;
#10008 = CARTESIAN_POINT ( 'NONE',  ( 46.85588215633499942, -317.8820313402290481, -23.81798626738900282 ) ) ;
#10009 = EDGE_CURVE ( 'NONE', #5147, #9801, #4171, .T. ) ;
#10010 = CARTESIAN_POINT ( 'NONE',  ( 38.84338215633500369, -316.8820313402290481, -33.11798626738899998 ) ) ;
#10011 = CARTESIAN_POINT ( 'NONE',  ( 58.47304523929220466, -294.0200505937253865, -35.11798627177265786 ) ) ;
#10012 = EDGE_LOOP ( 'NONE', ( #3744, #4123 ) ) ;
#10013 = VECTOR ( 'NONE', #7850, 1000.000000000000000 ) ;
#10014 = ORIENTED_EDGE ( 'NONE', *, *, #10344, .F. ) ;
#10015 = VERTEX_POINT ( 'NONE', #10451 ) ;
#10016 = VERTEX_POINT ( 'NONE', #4478 ) ;
#10017 = CARTESIAN_POINT ( 'NONE',  ( 60.77392173012140120, -239.8628316469771562, -36.96422551648120702 ) ) ;
#10018 = ORIENTED_EDGE ( 'NONE', *, *, #2624, .T. ) ;
#10019 = CARTESIAN_POINT ( 'NONE',  ( 20.74133751866778042, -241.4332326478599668, -24.51798626738900921 ) ) ;
#10020 = CARTESIAN_POINT ( 'NONE',  ( 32.40588215633500369, -241.6735313402290046, 223.6996348679430184 ) ) ;
#10021 = VECTOR ( 'NONE', #9465, 1000.000000000000000 ) ;
#10022 = DIRECTION ( 'NONE',  ( -0.000000000000000000, -0.000000000000000000, -1.000000000000000000 ) ) ;
#10023 = DIRECTION ( 'NONE',  ( 0.000000000000000000, 0.000000000000000000, 1.000000000000000000 ) ) ;
#10024 = FACE_OUTER_BOUND ( 'NONE', #9370, .T. ) ;
#10025 = FACE_OUTER_BOUND ( 'NONE', #71, .T. ) ;
#10026 = ORIENTED_EDGE ( 'NONE', *, *, #1794, .T. ) ;
#10027 = EDGE_LOOP ( 'NONE', ( #1470, #843, #8444, #5778 ) ) ;
#10028 = ORIENTED_EDGE ( 'NONE', *, *, #9432, .T. ) ;
#10029 = CARTESIAN_POINT ( 'NONE',  ( 45.43088215633500937, -230.6330313402289960, -23.81798626738900282 ) ) ;
#10030 = CARTESIAN_POINT ( 'NONE',  ( 18.70802504481549278, -293.9782642217242596, -37.89029867150637898 ) ) ;
#10031 = LINE ( 'NONE', #9303, #10912 ) ;
#10032 = CARTESIAN_POINT ( 'NONE',  ( 54.20197918034049422, -234.0240502028393053, -24.80963669674169836 ) ) ;
#10033 = AXIS2_PLACEMENT_3D ( 'NONE', #4476, #9553, #5371 ) ;
#10034 = CARTESIAN_POINT ( 'NONE',  ( 25.40588215633500369, -262.1950313402289794, -33.11798626738899998 ) ) ;
#10035 = LINE ( 'NONE', #10831, #11011 ) ;
#10036 = VERTEX_POINT ( 'NONE', #6388 ) ;
#10037 = ORIENTED_EDGE ( 'NONE', *, *, #906, .T. ) ;
#10038 = EDGE_CURVE ( 'NONE', #5853, #237, #3741, .T. ) ;
#10039 = EDGE_LOOP ( 'NONE', ( #1289, #4201, #9038, #2978 ) ) ;
#10040 = CARTESIAN_POINT ( 'NONE',  ( 58.94681908006491966, -282.8552423400947191, -38.11798626738899287 ) ) ;
#10041 = AXIS2_PLACEMENT_3D ( 'NONE', #10716, #3059, #9714 ) ;
#10042 = DIRECTION ( 'NONE',  ( 1.000000000000000000, 0.000000000000000000, 0.000000000000000000 ) ) ;
#10043 = CARTESIAN_POINT ( 'NONE',  ( 28.90588215633500013, -254.6045313402289878, 223.6996348679430184 ) ) ;
#10044 = CARTESIAN_POINT ( 'NONE',  ( 38.78088215633501079, -293.2570313402289912, -23.81798626738900282 ) ) ;
#10045 = CARTESIAN_POINT ( 'NONE',  ( 23.00566330947709659, -232.4364693848615389, -24.30820737651780661 ) ) ;
#10046 = LINE ( 'NONE', #5772, #5534 ) ;
#10047 = CYLINDRICAL_SURFACE ( 'NONE', #3817, 0.7499999999999729106 ) ;
#10048 = CIRCLE ( 'NONE', #3763, 1.500000000000001332 ) ;
#10049 = AXIS2_PLACEMENT_3D ( 'NONE', #1559, #4389, #8612 ) ;
#10050 = CARTESIAN_POINT ( 'NONE',  ( 60.92982022083080551, -241.7933061025028394, -39.01648519648760072 ) ) ;
#10051 = CARTESIAN_POINT ( 'NONE',  ( 56.78088215633500369, -229.9913662456876580, -45.13880154756031970 ) ) ;
#10052 = EDGE_CURVE ( 'NONE', #6099, #1100, #2057, .T. ) ;
#10053 = ORIENTED_EDGE ( 'NONE', *, *, #8396, .T. ) ;
#10054 = EDGE_CURVE ( 'NONE', #3526, #9757, #6225, .T. ) ;
#10055 = B_SPLINE_CURVE_WITH_KNOTS ( 'NONE', 3,
 ( #2486, #6660, #4065, #6552, #7564, #10935, #1422, #1367, #4120, #4859 ),
 .UNSPECIFIED., .F., .F.,
 ( 4, 2, 2, 2, 4 ),
 ( 1.962615573354719267E-17, 0.0006402136442389889156, 0.001280427288477958316, 0.001920640932716927715, 0.002560854576955896682 ),
 .UNSPECIFIED. ) ;
#10056 = VERTEX_POINT ( 'NONE', #5482 ) ;
#10057 = EDGE_CURVE ( 'NONE', #9181, #7955, #10557, .T. ) ;
#10058 = CARTESIAN_POINT ( 'NONE',  ( 59.21088215633501051, -289.9034704378889273, -33.11798626738899998 ) ) ;
#10059 = B_SPLINE_CURVE_WITH_KNOTS ( 'NONE', 3,
 ( #9630, #382, #3760, #7149, #2124, #6242, #2022, #4663, #1172, #8102, #3816, #438, #2915, #10576, #1065, #9735, #2862, #5397, #7263, #8000, #4605, #10688, #6358, #9789, #2074, #5449 ),
 .UNSPECIFIED., .F., .F.,
 ( 4, 2, 2, 2, 2, 2, 2, 2, 2, 2, 2, 2, 4 ),
 ( 0.007700439652056547540, 0.007938223681831252376, 0.008176007711605957212, 0.008651575771155379027, 0.009602711890254220922, 0.01055384800935306108, 0.01150498412845190124, 0.01245612024755074140, 0.01340725636664958156, 0.01388282442619900858, 0.01435839248574843560, 0.01483396054529786262, 0.01530952860484728964 ),
 .UNSPECIFIED. ) ;
#10060 = FACE_OUTER_BOUND ( 'NONE', #8899, .T. ) ;
#10061 = CARTESIAN_POINT ( 'NONE',  ( 46.85588215633499942, -316.8820313402290481, -26.81798626738900282 ) ) ;
#10062 = AXIS2_PLACEMENT_3D ( 'NONE', #10864, #1517, #2355 ) ;
#10063 = VECTOR ( 'NONE', #5283, 1000.000000000000000 ) ;
#10064 = CARTESIAN_POINT ( 'NONE',  ( 23.05182177407489164, -233.4541250610785141, -24.95105228306085365 ) ) ;
#10065 = DIRECTION ( 'NONE',  ( -0.7071067811865474617, -0.5000000000000000000, 0.5000000000000002220 ) ) ;
#10066 = EDGE_CURVE ( 'NONE', #252, #11075, #7076, .T. ) ;
#10067 = CARTESIAN_POINT ( 'NONE',  ( 38.78088215633501079, -293.2570313402289912, -24.31798626738900282 ) ) ;
#10068 = CARTESIAN_POINT ( 'NONE',  ( 61.41863445382831088, -291.2343570426147608, -38.68801183781350517 ) ) ;
#10069 = VECTOR ( 'NONE', #5621, 1000.000000000000000 ) ;
#10070 = ORIENTED_EDGE ( 'NONE', *, *, #3401, .T. ) ;
#10071 = VERTEX_POINT ( 'NONE', #3577 ) ;
#10072 = VERTEX_POINT ( 'NONE', #10509 ) ;
#10073 = ORIENTED_EDGE ( 'NONE', *, *, #11082, .F. ) ;
#10074 = ADVANCED_FACE ( 'NONE', ( #2842 ), #8821, .F. ) ;
#10075 = LINE ( 'NONE', #6140, #10223 ) ;
#10076 = VERTEX_POINT ( 'NONE', #4536 ) ;
#10077 = DIRECTION ( 'NONE',  ( 0.000000000000000000, 0.000000000000000000, -1.000000000000000000 ) ) ;
#10078 = AXIS2_PLACEMENT_3D ( 'NONE', #10445, #2101, #1254 ) ;
#10079 = LINE ( 'NONE', #9239, #4001 ) ;
#10080 = EDGE_CURVE ( 'NONE', #8854, #9759, #1156, .T. ) ;
#10081 = DIRECTION ( 'NONE',  ( -0.000000000000000000, -0.000000000000000000, -1.000000000000000000 ) ) ;
#10082 = DIRECTION ( 'NONE',  ( 0.000000000000000000, 0.000000000000000000, 1.000000000000000000 ) ) ;
#10083 = DIRECTION ( 'NONE',  ( -0.000000000000000000, -0.7071067811865721087, 0.7071067811865230368 ) ) ;
#10084 = LINE ( 'NONE', #10871, #6470 ) ;
#10085 = ORIENTED_EDGE ( 'NONE', *, *, #7096, .T. ) ;
#10086 = ORIENTED_EDGE ( 'NONE', *, *, #9720, .T. ) ;
#10087 = AXIS2_PLACEMENT_3D ( 'NONE', #4147, #2985, #6422 ) ;
#10088 = VERTEX_POINT ( 'NONE', #4860 ) ;
#10089 = CARTESIAN_POINT ( 'NONE',  ( 17.58625345194338863, -243.4350602604491485, -38.36417024951493460 ) ) ;
#10090 = CARTESIAN_POINT ( 'NONE',  ( 16.24873028772012873, -291.5314173314599202, -38.30431889549645064 ) ) ;
#10091 = CARTESIAN_POINT ( 'NONE',  ( 47.27888215633500124, -269.8280313402289607, -21.96998626738900384 ) ) ;
#10092 = AXIS2_PLACEMENT_3D ( 'NONE', #10043, #5769, #8199 ) ;
#10093 = DIRECTION ( 'NONE',  ( 2.478176394252580155E-16, -1.000000000000000000, 0.000000000000000000 ) ) ;
#10094 = CARTESIAN_POINT ( 'NONE',  ( 29.65588215633500369, -264.5070313402289912, -23.81798626738900282 ) ) ;
#10095 = DIRECTION ( 'NONE',  ( 0.000000000000000000, -1.000000000000000000, 0.000000000000000000 ) ) ;
#10096 = CIRCLE ( 'NONE', #6681, 3.000000000000011102 ) ;
#10097 = ORIENTED_EDGE ( 'NONE', *, *, #10054, .F. ) ;
#10098 = ORIENTED_EDGE ( 'NONE', *, *, #6492, .T. ) ;
#10099 = ORIENTED_EDGE ( 'NONE', *, *, #9991, .F. ) ;
#10100 = CARTESIAN_POINT ( 'NONE',  ( 59.52535628348476848, -296.5587092159329927, -38.20893955410053877 ) ) ;
#10101 = DIRECTION ( 'NONE',  ( -1.000000000000000000, 0.000000000000000000, 0.000000000000000000 ) ) ;
#10102 = PLANE ( 'NONE',  #39 ) ;
#10103 = CARTESIAN_POINT ( 'NONE',  ( 58.22846836323154918, -241.3881303069155706, -38.11798626738899998 ) ) ;
#10104 = CARTESIAN_POINT ( 'NONE',  ( 18.03874559127844179, -296.5608311188492507, -38.20829409349048689 ) ) ;
#10105 = FACE_OUTER_BOUND ( 'NONE', #8058, .T. ) ;
#10106 = AXIS2_PLACEMENT_3D ( 'NONE', #7144, #8096, #3700 ) ;
#10107 = FILL_AREA_STYLE_COLOUR ( '', #7240 ) ;
#10109 = EDGE_CURVE ( 'NONE', #5792, #146, #7455, .T. ) ;
#10108 = AXIS2_PLACEMENT_3D ( 'NONE', #9818, #1935, #1996 ) ;
#10110 = FACE_OUTER_BOUND ( 'NONE', #9745, .T. ) ;
#10111 = PLANE ( 'NONE',  #6905 ) ;
#10112 = VERTEX_POINT ( 'NONE', #5761 ) ;
#10113 = ORIENTED_EDGE ( 'NONE', *, *, #2841, .T. ) ;
#10114 = DIRECTION ( 'NONE',  ( -0.000000000000000000, 1.000000000000000000, 0.000000000000000000 ) ) ;
#10115 = VECTOR ( 'NONE', #9200, 1000.000000000000000 ) ;
#10116 = DIRECTION ( 'NONE',  ( 0.000000000000000000, 1.000000000000000000, 0.000000000000000000 ) ) ;
#10117 = LINE ( 'NONE', #8266, #5223 ) ;
#10118 = CARTESIAN_POINT ( 'NONE',  ( 38.84338215633500369, -266.1320313402289912, -38.11798626738899998 ) ) ;
#10119 = CARTESIAN_POINT ( 'NONE',  ( 19.33329594943844754, -241.3881303069155422, -35.11798626738899998 ) ) ;
#10120 = LINE ( 'NONE', #9276, #5625 ) ;
#10121 = DIRECTION ( 'NONE',  ( 0.9965696216027982723, 0.08275862068966380325, 0.000000000000000000 ) ) ;
#10122 = EDGE_CURVE ( 'NONE', #2235, #2871, #10035, .T. ) ;
#10123 = CARTESIAN_POINT ( 'NONE',  ( 59.85875410611846803, -296.2365951092205023, -38.31105765269022356 ) ) ;
#10124 = AXIS2_PLACEMENT_3D ( 'NONE', #10652, #3151, #1301 ) ;
#10125 = VECTOR ( 'NONE', #10908, 1000.000000000000000 ) ;
#10126 = VERTEX_POINT ( 'NONE', #3001 ) ;
#10127 = VERTEX_POINT ( 'NONE', #3112 ) ;
#10128 = ORIENTED_EDGE ( 'NONE', *, *, #5804, .F. ) ;
#10129 = EDGE_CURVE ( 'NONE', #9547, #3526, #3164, .T. ) ;
#10130 = ORIENTED_EDGE ( 'NONE', *, *, #9520, .T. ) ;
#10131 = DIRECTION ( 'NONE',  ( 0.000000000000000000, 0.000000000000000000, 1.000000000000000000 ) ) ;
#10132 = VERTEX_POINT ( 'NONE', #5596 ) ;
#10133 = PLANE ( 'NONE',  #7372 ) ;
#10134 = VECTOR ( 'NONE', #4599, 1000.000000000000114 ) ;
#10135 = LINE ( 'NONE', #3318, #2564 ) ;
#10136 = ADVANCED_FACE ( 'NONE', ( #6441 ), #4915, .T. ) ;
#10137 = CARTESIAN_POINT ( 'NONE',  ( 57.44588215633498862, -237.2108035506304873, -27.21798626738900140 ) ) ;
#10138 = EDGE_CURVE ( 'NONE', #9801, #9055, #2318, .T. ) ;
#10139 = ADVANCED_FACE ( 'NONE', ( #10936 ), #4803, .T. ) ;
#10140 = DIRECTION ( 'NONE',  ( 0.000000000000000000, 0.000000000000000000, 1.000000000000000000 ) ) ;
#10141 = DIRECTION ( 'NONE',  ( 0.000000000000000000, 0.000000000000000000, 1.000000000000000000 ) ) ;
#10142 = CARTESIAN_POINT ( 'NONE',  ( 43.78088215633500369, -219.8820313402289912, -34.71798626738900140 ) ) ;
#10143 = ORIENTED_EDGE ( 'NONE', *, *, #4571, .T. ) ;
#10144 = ORIENTED_EDGE ( 'NONE', *, *, #7854, .F. ) ;
#10145 = ORIENTED_EDGE ( 'NONE', *, *, #10250, .T. ) ;
#10146 = AXIS2_PLACEMENT_3D ( 'NONE', #2262, #3901, #5533 ) ;
#10147 = EDGE_LOOP ( 'NONE', ( #2861, #6570, #8008, #5015 ) ) ;
#10148 = CARTESIAN_POINT ( 'NONE',  ( 16.45230060791102744, -241.3112590427000441, -39.21811439333202998 ) ) ;
#10149 = CARTESIAN_POINT ( 'NONE',  ( 16.96307843523171854, -287.1177480304625647, -36.71377663369252531 ) ) ;
#10150 = CARTESIAN_POINT ( 'NONE',  ( 50.78088215633499658, -216.8820313402289912, -33.11798626738899998 ) ) ;
#10151 = CARTESIAN_POINT ( 'NONE',  ( 44.93088215633500226, -275.8760313402289626, -23.81798626738900282 ) ) ;
#10152 = EDGE_CURVE ( 'NONE', #9954, #9588, #637, .T. ) ;
#10153 = CARTESIAN_POINT ( 'NONE',  ( 61.69588215633499573, -237.2108035506304873, -33.11798626738899998 ) ) ;
#10154 = DIRECTION ( 'NONE',  ( 0.000000000000000000, 0.000000000000000000, -1.000000000000000000 ) ) ;
#10155 = CARTESIAN_POINT ( 'NONE',  ( 38.78088215633501079, -293.2570313402289912, -26.81798626738900282 ) ) ;
#10156 = ORIENTED_EDGE ( 'NONE', *, *, #6096, .T. ) ;
#10157 = ORIENTED_EDGE ( 'NONE', *, *, #2145, .F. ) ;
#10158 = ORIENTED_EDGE ( 'NONE', *, *, #5323, .F. ) ;
#10159 = DIRECTION ( 'NONE',  ( 0.000000000000000000, -1.000000000000000000, 0.000000000000000000 ) ) ;
#10160 = CARTESIAN_POINT ( 'NONE',  ( 16.16899276905100891, -235.6219517470313463, -38.48306332295886989 ) ) ;
#10161 = CARTESIAN_POINT ( 'NONE',  ( 58.78088215633499658, -205.8820313402289912, -38.11798626738899998 ) ) ;
#10162 = CARTESIAN_POINT ( 'NONE',  ( 60.49167239192885148, -240.2949458247714745, -38.46216121924797449 ) ) ;
#10163 = CARTESIAN_POINT ( 'NONE',  ( 15.95394994490367502, -291.6128728446840910, -40.10572970337382515 ) ) ;
#10164 = CARTESIAN_POINT ( 'NONE',  ( 22.64347437617813341, -232.4364693848615389, -24.51798626738898790 ) ) ;
#10165 = CARTESIAN_POINT ( 'NONE',  ( 56.78088215633500369, -266.1320313402289912, -35.11798626738899998 ) ) ;
#10166 = PRODUCT_CONTEXT ( 'NONE', #9436, 'mechanical' ) ;
#10167 = VERTEX_POINT ( 'NONE', #9876 ) ;
#10168 = ORIENTED_EDGE ( 'NONE', *, *, #6017, .T. ) ;
#10169 = CARTESIAN_POINT ( 'NONE',  ( 23.90588215633500369, -223.0476721229997565, -24.51798626738899500 ) ) ;
#10170 = CARTESIAN_POINT ( 'NONE',  ( 44.78088215633500369, -220.3820313402289912, -38.11798626738899998 ) ) ;
#10171 = DIRECTION ( 'NONE',  ( 0.7071067811865480168, 0.000000000000000000, 0.7071067811865470176 ) ) ;
#10172 = DIRECTION ( 'NONE',  ( 0.000000000000000000, 0.000000000000000000, 1.000000000000000000 ) ) ;
#10173 = SURFACE_SIDE_STYLE ('',( #8116 ) ) ;
#10174 = CARTESIAN_POINT ( 'NONE',  ( 28.90588215633500013, -312.3820313402289912, -38.11798626738899998 ) ) ;
#10175 = CARTESIAN_POINT ( 'NONE',  ( 57.44588215633498862, -237.2108035506304873, -35.11798626738899998 ) ) ;
#10176 = FACE_OUTER_BOUND ( 'NONE', #1, .T. ) ;
#10177 = EDGE_CURVE ( 'NONE', #5537, #7896, #5800, .T. ) ;
#10178 = VERTEX_POINT ( 'NONE', #3220 ) ;
#10179 = VERTEX_POINT ( 'NONE', #3903 ) ;
#10180 = ORIENTED_EDGE ( 'NONE', *, *, #6644, .F. ) ;
#10181 = ORIENTED_EDGE ( 'NONE', *, *, #3612, .T. ) ;
#10182 = CARTESIAN_POINT ( 'NONE',  ( 61.64253697675989940, -237.8907652953560046, -39.66952017595390600 ) ) ;
#10183 = VECTOR ( 'NONE', #3353, 1000.000000000000000 ) ;
#10184 = EDGE_LOOP ( 'NONE', ( #4182, #7673 ) ) ;
#10185 = EDGE_CURVE ( 'NONE', #7147, #4974, #6661, .T. ) ;
#10186 = CARTESIAN_POINT ( 'NONE',  ( 28.90588215633500013, -219.8820313402289912, -38.11798626738899998 ) ) ;
#10187 = CARTESIAN_POINT ( 'NONE',  ( 53.78088215633500369, -334.3820313402290481, -43.61798626738902840 ) ) ;
#10188 = CARTESIAN_POINT ( 'NONE',  ( 56.78088215633500369, -282.6783406812686508, -33.11798626738899998 ) ) ;
#10189 = VECTOR ( 'NONE', #10328, 1000.000000000000000 ) ;
#10190 = CARTESIAN_POINT ( 'NONE',  ( 58.20157181150742076, -285.7334622256796592, -38.11798626738899998 ) ) ;
#10191 = DIRECTION ( 'NONE',  ( 0.000000000000000000, 0.000000000000000000, -1.000000000000000000 ) ) ;
#10192 = LINE ( 'NONE', #5752, #5396 ) ;
#10193 = EDGE_LOOP ( 'NONE', ( #4300, #9617, #11026, #9357 ) ) ;
#10194 = ORIENTED_EDGE ( 'NONE', *, *, #933, .T. ) ;
#10195 = ORIENTED_EDGE ( 'NONE', *, *, #11021, .T. ) ;
#10196 = EDGE_CURVE ( 'NONE', #10584, #5510, #4753, .T. ) ;
#10197 = EDGE_CURVE ( 'NONE', #9068, #5509, #1423, .T. ) ;
#10198 = EDGE_CURVE ( 'NONE', #2351, #7444, #1260, .T. ) ;
#10199 = AXIS2_PLACEMENT_3D ( 'NONE', #2053, #8188, #3847 ) ;
#10200 = CARTESIAN_POINT ( 'NONE',  ( 15.82458972119745866, -237.4308543501356041, -40.60752639468661584 ) ) ;
#10201 = LINE ( 'NONE', #5926, #9028 ) ;
#10202 = CARTESIAN_POINT ( 'NONE',  ( 16.86942333053537268, -284.8586930460534745, -38.79839861522701483 ) ) ;
#10203 = DIRECTION ( 'NONE',  ( 0.000000000000000000, 1.000000000000000000, 0.000000000000000000 ) ) ;
#10204 = DIRECTION ( 'NONE',  ( 0.000000000000000000, -1.000000000000000000, 0.000000000000000000 ) ) ;
#10205 = EDGE_CURVE ( 'NONE', #5695, #2809, #3093, .T. ) ;
#10206 = DIRECTION ( 'NONE',  ( 0.000000000000000000, 0.000000000000000000, 1.000000000000000000 ) ) ;
#10207 = CARTESIAN_POINT ( 'NONE',  ( 46.85588215633499942, -301.4000313402290203, -26.81798626738900282 ) ) ;
#10208 = CIRCLE ( 'NONE', #10393, 3.000000000000002665 ) ;
#10209 = PLANE ( 'NONE',  #8577 ) ;
#10210 = EDGE_LOOP ( 'NONE', ( #10995, #885, #3254, #2711, #9399 ) ) ;
#10211 = ORIENTED_EDGE ( 'NONE', *, *, #10279, .T. ) ;
#10212 = EDGE_LOOP ( 'NONE', ( #4035, #5827, #7461, #1179 ) ) ;
#10213 = CARTESIAN_POINT ( 'NONE',  ( 32.63088215633499800, -221.1520313402290014, -26.81798626738900282 ) ) ;
#10214 = EDGE_CURVE ( 'NONE', #1593, #2207, #416, .T. ) ;
#10215 = CARTESIAN_POINT ( 'NONE',  ( 15.86688730541195547, -237.0859898256182419, -40.10155927892849803 ) ) ;
#10216 = VECTOR ( 'NONE', #9998, 1000.000000000000000 ) ;
#10217 = CYLINDRICAL_SURFACE ( 'NONE', #2184, 3.250000000000002665 ) ;
#10218 = CARTESIAN_POINT ( 'NONE',  ( 16.63011232216660673, -287.5583773574761040, -37.32167491251923508 ) ) ;
#10219 = DIRECTION ( 'NONE',  ( 0.000000000000000000, -1.000000000000000000, 0.000000000000000000 ) ) ;
#10220 = LINE ( 'NONE', #8539, #10216 ) ;
#10221 = CARTESIAN_POINT ( 'NONE',  ( 51.03088215633499658, -266.1320313402289912, -34.71798626738900140 ) ) ;
#10222 = DIRECTION ( 'NONE',  ( 0.000000000000000000, 0.000000000000000000, 1.000000000000000000 ) ) ;
#10223 = VECTOR ( 'NONE', #7776, 1000.000000000000000 ) ;
#10224 = ORIENTED_EDGE ( 'NONE', *, *, #9855, .T. ) ;
#10225 = ORIENTED_EDGE ( 'NONE', *, *, #2769, .T. ) ;
#10226 = CARTESIAN_POINT ( 'NONE',  ( 20.11588215633501520, -237.2108035506304873, -38.11798626738899998 ) ) ;
#10227 = LINE ( 'NONE', #5781, #8212 ) ;
#10228 = FACE_OUTER_BOUND ( 'NONE', #1169, .T. ) ;
#10229 = DIRECTION ( 'NONE',  ( 0.000000000000000000, -1.000000000000000000, 0.000000000000000000 ) ) ;
#10230 = CARTESIAN_POINT ( 'NONE',  ( 25.40588215633500369, -275.8760313402289626, -26.81798626738900282 ) ) ;
#10231 = DIRECTION ( 'NONE',  ( 0.000000000000000000, -1.000000000000000000, 0.000000000000000000 ) ) ;
#10232 = AXIS2_PLACEMENT_3D ( 'NONE', #1612, #5048, #10399 ) ;
#10233 = CARTESIAN_POINT ( 'NONE',  ( 53.48838215633499971, -237.2108035506304873, -24.22548626738899813 ) ) ;
#10234 = VECTOR ( 'NONE', #4152, 1000.000000000000000 ) ;
#10235 = DIRECTION ( 'NONE',  ( -1.000000000000000000, 0.000000000000000000, 0.000000000000000000 ) ) ;
#10236 = CARTESIAN_POINT ( 'NONE',  ( 23.90588215633500369, -282.6898115188659517, -24.51798626738900211 ) ) ;
#10237 = ORIENTED_EDGE ( 'NONE', *, *, #6991, .F. ) ;
#10238 = VERTEX_POINT ( 'NONE', #5653 ) ;
#10239 = ORIENTED_EDGE ( 'NONE', *, *, #904, .T. ) ;
#10240 = CIRCLE ( 'NONE', #7726, 1.000000000000000888 ) ;
#10241 = ORIENTED_EDGE ( 'NONE', *, *, #756, .F. ) ;
#10242 = EDGE_LOOP ( 'NONE', ( #6795, #1562, #8543, #6873 ) ) ;
#10243 = DIRECTION ( 'NONE',  ( 0.000000000000000000, 0.000000000000000000, -1.000000000000000000 ) ) ;
#10244 = DIRECTION ( 'NONE',  ( 0.000000000000000000, -1.000000000000000000, 0.000000000000000000 ) ) ;
#10245 = CARTESIAN_POINT ( 'NONE',  ( 60.38566721431356399, -234.1393403285154875, -36.37548314102476610 ) ) ;
#10246 = CONICAL_SURFACE ( 'NONE', #10062, 7.500000000000062172, 0.7853981633974171928 ) ;
#10247 = CIRCLE ( 'NONE', #2156, 1.000000000000000888 ) ;
#10248 = PLANE ( 'NONE',  #2137 ) ;
#10249 = DIRECTION ( 'NONE',  ( 0.000000000000000000, -1.000000000000000000, 0.000000000000000000 ) ) ;
#10250 = EDGE_CURVE ( 'NONE', #6366, #1577, #10717, .T. ) ;
#10251 = CARTESIAN_POINT ( 'NONE',  ( 20.90588215633500724, -230.0039734568930214, -35.11798626738899998 ) ) ;
#10252 = ORIENTED_EDGE ( 'NONE', *, *, #1833, .T. ) ;
#10253 = ORIENTED_EDGE ( 'NONE', *, *, #6253, .F. ) ;
#10254 = ORIENTED_EDGE ( 'NONE', *, *, #1735, .F. ) ;
#10255 = VECTOR ( 'NONE', #2970, 1000.000000000000000 ) ;
#10256 = CARTESIAN_POINT ( 'NONE',  ( 15.87358457913863674, -237.4754147033893048, -40.03679307409937849 ) ) ;
#10257 = FACE_OUTER_BOUND ( 'NONE', #931, .T. ) ;
#10258 = CARTESIAN_POINT ( 'NONE',  ( 15.93134799404738899, -289.7905896375988277, -40.12077323072193025 ) ) ;
#10259 = CARTESIAN_POINT ( 'NONE',  ( 23.73088215633505271, -289.9034704378889273, -23.81798626738900282 ) ) ;
#10260 = CARTESIAN_POINT ( 'NONE',  ( 58.20157181150742076, -294.0734786500982523, -35.11798626738899998 ) ) ;
#10261 = CARTESIAN_POINT ( 'NONE',  ( 38.84338215633500369, -215.3820313402289912, 223.6996348679430184 ) ) ;
#10262 = CARTESIAN_POINT ( 'NONE',  ( 23.78088215633500369, -326.3820313402290481, -38.11798626738899998 ) ) ;
#10264 = EDGE_CURVE ( 'NONE', #8296, #10132, #6499, .T. ) ;
#10263 = AXIS2_PLACEMENT_3D ( 'NONE', #7914, #355, #6325 ) ;
#10265 = ADVANCED_FACE ( 'NONE', ( #2264 ), #9481, .F. ) ;
#10266 = DIRECTION ( 'NONE',  ( 0.000000000000000000, 0.000000000000000000, 1.000000000000000000 ) ) ;
#10267 = VERTEX_POINT ( 'NONE', #10992 ) ;
#10268 = ORIENTED_EDGE ( 'NONE', *, *, #8088, .T. ) ;
#10270 = ADVANCED_FACE ( 'NONE', ( #9426 ), #8646, .F. ) ;
#10269 = ORIENTED_EDGE ( 'NONE', *, *, #2157, .F. ) ;
#10271 = FACE_OUTER_BOUND ( 'NONE', #6282, .T. ) ;
#10272 = CARTESIAN_POINT ( 'NONE',  ( 57.51088215633501477, -289.9034704378889273, -24.51798626738906606 ) ) ;
#10273 = CARTESIAN_POINT ( 'NONE',  ( 59.14588215633499146, -237.2108035506304873, -33.11798626738899998 ) ) ;
#10274 = CARTESIAN_POINT ( 'NONE',  ( 15.93180165359899014, -290.0203999532146781, -39.77763900895245541 ) ) ;
#10275 = CARTESIAN_POINT ( 'NONE',  ( 17.45602759080193778, -295.9347318236497699, -38.41803489126657212 ) ) ;
#10276 = CYLINDRICAL_SURFACE ( 'NONE', #323, 1.299999999999999156 ) ;
#10277 = ADVANCED_FACE ( 'NONE', ( #6724 ), #10657, .T. ) ;
#10278 = DIRECTION ( 'NONE',  ( -0.000000000000000000, -0.000000000000000000, 1.000000000000000000 ) ) ;
#10279 = EDGE_CURVE ( 'NONE', #5952, #6203, #4545, .T. ) ;
#10280 = ADVANCED_FACE ( 'NONE', ( #4355 ), #815, .T. ) ;
#10281 = VECTOR ( 'NONE', #1327, 1000.000000000000114 ) ;
#10282 = EDGE_LOOP ( 'NONE', ( #3568, #1372, #2296, #6458 ) ) ;
#10283 = VERTEX_POINT ( 'NONE', #81 ) ;
#10284 = VECTOR ( 'NONE', #7831, 1000.000000000000000 ) ;
#10285 = CARTESIAN_POINT ( 'NONE',  ( 23.90588215633500369, -297.1171293569119030, -23.81798626738900282 ) ) ;
#10286 = CARTESIAN_POINT ( 'NONE',  ( 38.84338215633501079, -315.6320313402289912, -33.11798626738899998 ) ) ;
#10287 = DIRECTION ( 'NONE',  ( 0.000000000000000000, 0.000000000000000000, -1.000000000000000000 ) ) ;
#10288 = AXIS2_PLACEMENT_3D ( 'NONE', #4312, #8715, #9441 ) ;
#10289 = CARTESIAN_POINT ( 'NONE',  ( 20.24588215633502131, -237.2108035506304873, -23.81798626738900282 ) ) ;
#10290 = CARTESIAN_POINT ( 'NONE',  ( 18.88088215633499445, -289.9034704378889273, -43.11798626738900708 ) ) ;
#10291 = LINE ( 'NONE', #6924, #8766 ) ;
#10292 = CIRCLE ( 'NONE', #5431, 4.250000000000003553 ) ;
#10293 = CARTESIAN_POINT ( 'NONE',  ( 20.18088215633500226, -289.9034704378889273, -43.11798626738900708 ) ) ;
#10294 = PLANE ( 'NONE',  #4706 ) ;
#10295 = EDGE_CURVE ( 'NONE', #2833, #3425, #3278, .T. ) ;
#10296 = FACE_OUTER_BOUND ( 'NONE', #8632, .T. ) ;
#10297 = ORIENTED_EDGE ( 'NONE', *, *, #5459, .T. ) ;
#10298 = CIRCLE ( 'NONE', #2383, 1.500000000000001332 ) ;
#10299 = VERTEX_POINT ( 'NONE', #8408 ) ;
#10300 = VERTEX_POINT ( 'NONE', #4238 ) ;
#10301 = VECTOR ( 'NONE', #6537, 1000.000000000000114 ) ;
#10302 = VERTEX_POINT ( 'NONE', #7800 ) ;
#10303 = CARTESIAN_POINT ( 'NONE',  ( 56.14588215633498436, -237.2108035506304873, -43.11798626738900708 ) ) ;
#10304 = VERTEX_POINT ( 'NONE', #7744 ) ;
#10305 = LINE ( 'NONE', #2645, #900 ) ;
#10306 = CARTESIAN_POINT ( 'NONE',  ( 47.78088215633500369, -253.3820313402290196, -34.71798626738900140 ) ) ;
#10307 = CARTESIAN_POINT ( 'NONE',  ( 57.51088215633501477, -289.9034704378889273, -33.11798626738899998 ) ) ;
#10308 = AXIS2_PLACEMENT_3D ( 'NONE', #10580, #1971, #8050 ) ;
#10309 = CARTESIAN_POINT ( 'NONE',  ( 58.73323105115299825, -285.8654690779346765, -35.17105183668237345 ) ) ;
#10310 = LINE ( 'NONE', #6820, #9409 ) ;
#10311 = DIRECTION ( 'NONE',  ( 0.000000000000000000, 0.000000000000000000, -1.000000000000000000 ) ) ;
#10312 = VERTEX_POINT ( 'NONE', #5086 ) ;
#10313 = EDGE_LOOP ( 'NONE', ( #2492, #731, #884, #6824 ) ) ;
#10314 = VERTEX_POINT ( 'NONE', #11104 ) ;
#10315 = ORIENTED_EDGE ( 'NONE', *, *, #2231, .T. ) ;
#10316 = AXIS2_PLACEMENT_3D ( 'NONE', #10289, #1556, #3479 ) ;
#10317 = CARTESIAN_POINT ( 'NONE',  ( 15.91715512168906166, -237.9138146213172718, -40.16516088707317778 ) ) ;
#10318 = DIRECTION ( 'NONE',  ( 0.000000000000000000, 0.000000000000000000, -1.000000000000000000 ) ) ;
#10319 = CARTESIAN_POINT ( 'NONE',  ( 16.02475217931110762, -289.0072721817415982, -39.20987150482159933 ) ) ;
#10320 = AXIS2_PLACEMENT_3D ( 'NONE', #3420, #6866, #2579 ) ;
#10321 = DIRECTION ( 'NONE',  ( 1.000000000000000000, 0.000000000000000000, 0.000000000000000000 ) ) ;
#10322 = DIRECTION ( 'NONE',  ( 0.000000000000000000, 0.000000000000000000, -1.000000000000000000 ) ) ;
#10323 = LINE ( 'NONE', #6107, #10408 ) ;
#10324 = DIRECTION ( 'NONE',  ( 0.000000000000000000, 0.000000000000000000, 1.000000000000000000 ) ) ;
#10325 = AXIS2_PLACEMENT_3D ( 'NONE', #7626, #8405, #8525 ) ;
#10326 = ADVANCED_FACE ( 'NONE', ( #9256 ), #2432, .T. ) ;
#10327 = DIRECTION ( 'NONE',  ( -0.000000000000000000, -1.000000000000000000, -0.000000000000000000 ) ) ;
#10328 = DIRECTION ( 'NONE',  ( 0.000000000000000000, 0.000000000000000000, -1.000000000000000000 ) ) ;
#10329 = ORIENTED_EDGE ( 'NONE', *, *, #1692, .T. ) ;
#10330 = CIRCLE ( 'NONE', #5646, 1.000000000000000888 ) ;
#10331 = ORIENTED_EDGE ( 'NONE', *, *, #6476, .F. ) ;
#10332 = ORIENTED_EDGE ( 'NONE', *, *, #8070, .F. ) ;
#10333 = DIRECTION ( 'NONE',  ( -0.000000000000000000, 1.000000000000000000, -0.000000000000000000 ) ) ;
#10334 = CARTESIAN_POINT ( 'NONE',  ( 18.69109680480885416, -241.2182088975316105, -35.21270919456028281 ) ) ;
#10335 = EDGE_CURVE ( 'NONE', #10733, #1628, #5876, .T. ) ;
#10336 = CARTESIAN_POINT ( 'NONE',  ( 20.11588215633501520, -237.2108035506304873, -43.11798626738900708 ) ) ;
#10337 = CARTESIAN_POINT ( 'NONE',  ( 15.99180002304413684, -289.1778906452946671, -39.38673943308302228 ) ) ;
#10338 = CARTESIAN_POINT ( 'NONE',  ( 50.78088215633499658, -216.8820313402289912, -35.11798626738899998 ) ) ;
#10339 = CARTESIAN_POINT ( 'NONE',  ( 29.65588215633500369, -238.6320313402290196, -23.81798626738900282 ) ) ;
#10340 = CARTESIAN_POINT ( 'NONE',  ( 57.05605457012809723, -232.9787196132502061, -33.11798626738899998 ) ) ;
#10341 = ORIENTED_EDGE ( 'NONE', *, *, #9739, .T. ) ;
#10342 = ORIENTED_EDGE ( 'NONE', *, *, #7318, .T. ) ;
#10343 = DIRECTION ( 'NONE',  ( 1.000000000000000000, 0.000000000000000000, 0.000000000000000000 ) ) ;
#10344 = EDGE_CURVE ( 'NONE', #4593, #999, #7629, .T. ) ;
#10345 = DIRECTION ( 'NONE',  ( -1.000000000000000000, 0.000000000000000000, 0.000000000000000000 ) ) ;
#10346 = DIRECTION ( 'NONE',  ( 0.000000000000000000, 1.000000000000000000, 0.000000000000000000 ) ) ;
#10347 = ADVANCED_FACE ( 'NONE', ( #6951 ), #9219, .F. ) ;
#10348 = EDGE_CURVE ( 'NONE', #3827, #6193, #4966, .T. ) ;
#10349 = DIRECTION ( 'NONE',  ( -1.000000000000000000, 0.000000000000000000, 0.000000000000000000 ) ) ;
#10350 = CYLINDRICAL_SURFACE ( 'NONE', #4693, 2.999999999999999112 ) ;
#10351 = CARTESIAN_POINT ( 'NONE',  ( 47.78088215633500369, -261.3820313402290481, -34.71798626738900140 ) ) ;
#10352 = CARTESIAN_POINT ( 'NONE',  ( 47.78088215633500369, -261.3820313402290481, -38.11798626738899998 ) ) ;
#10353 = ADVANCED_FACE ( 'NONE', ( #4121 ), #749, .F. ) ;
#10354 = DIRECTION ( 'NONE',  ( 0.000000000000000000, 0.000000000000000000, 1.000000000000000000 ) ) ;
#10355 = VERTEX_POINT ( 'NONE', #6780 ) ;
#10356 = VERTEX_POINT ( 'NONE', #10207 ) ;
#10357 = VERTEX_POINT ( 'NONE', #2487 ) ;
#10358 = ORIENTED_EDGE ( 'NONE', *, *, #1123, .T. ) ;
#10359 = LINE ( 'NONE', #3544, #8258 ) ;
#10360 = VERTEX_POINT ( 'NONE', #5932 ) ;
#10361 = FACE_BOUND ( 'NONE', #9008, .T. ) ;
#10362 = EDGE_CURVE ( 'NONE', #656, #3885, #2374, .T. ) ;
#10363 = CARTESIAN_POINT ( 'NONE',  ( 20.24588215633502131, -237.2108035506304873, -27.21798626738900140 ) ) ;
#10364 = CARTESIAN_POINT ( 'NONE',  ( 59.78962322457399381, -233.6629976104997297, -35.73731457707096837 ) ) ;
#10365 = CARTESIAN_POINT ( 'NONE',  ( 23.78088215633500369, -205.8820313402289912, -41.11798626738899287 ) ) ;
#10366 = CARTESIAN_POINT ( 'NONE',  ( 57.44588215633498862, -237.2108035506304873, -23.81798626738900282 ) ) ;
#10367 = CARTESIAN_POINT ( 'NONE',  ( 32.40588215633500369, -256.1045313402289594, -33.11798626738899998 ) ) ;
#10368 = VERTEX_POINT ( 'NONE', #2546 ) ;
#10369 = CIRCLE ( 'NONE', #4244, 3.000000000000003109 ) ;
#10370 = ORIENTED_EDGE ( 'NONE', *, *, #4563, .T. ) ;
#10371 = ORIENTED_EDGE ( 'NONE', *, *, #4571, .F. ) ;
#10372 = EDGE_LOOP ( 'NONE', ( #5159, #1755, #1710, #5064 ) ) ;
#10373 = B_SPLINE_CURVE_WITH_KNOTS ( 'NONE', 3,
 ( #5623, #6632, #10800, #7479, #4777, #6689, #2290, #4994, #723, #9226, #5734, #8441 ),
 .UNSPECIFIED., .F., .F.,
 ( 4, 2, 2, 2, 2, 4 ),
 ( 0.000000000000000000, 0.0003237929468751696272, 0.0006475858937503392544, 0.001295171787500675039, 0.001942757681251010716, 0.002590343575001346609 ),
 .UNSPECIFIED. ) ;
#10374 = CARTESIAN_POINT ( 'NONE',  ( 16.06846769502763550, -238.5119809404486091, -38.88054759518758630 ) ) ;
#10375 = DIRECTION ( 'NONE',  ( -1.000000000000000000, 0.000000000000000000, 0.000000000000000000 ) ) ;
#10376 = AXIS2_PLACEMENT_3D ( 'NONE', #6575, #7532, #8379 ) ;
#10377 = CARTESIAN_POINT ( 'NONE',  ( 16.55927319764559869, -287.6682294505174013, -37.47437258489821232 ) ) ;
#10378 = CYLINDRICAL_SURFACE ( 'NONE', #7154, 3.250000000000002665 ) ;
#10379 = LINE ( 'NONE', #3026, #7822 ) ;
#10380 = EDGE_CURVE ( 'NONE', #3728, #10985, #10298, .T. ) ;
#10381 = CARTESIAN_POINT ( 'NONE',  ( 44.93088215633500226, -265.8950313402290249, -24.31798626738900282 ) ) ;
#10382 = DIRECTION ( 'NONE',  ( 1.000000000000000000, 0.000000000000000000, 0.000000000000000000 ) ) ;
#10383 = CARTESIAN_POINT ( 'NONE',  ( 32.63088215633499800, -234.8330313402290130, -24.31798626738900282 ) ) ;
#10384 = VERTEX_POINT ( 'NONE', #1087 ) ;
#10385 = ORIENTED_EDGE ( 'NONE', *, *, #10758, .F. ) ;
#10386 = ORIENTED_EDGE ( 'NONE', *, *, #710, .T. ) ;
#10387 = AXIS2_PLACEMENT_3D ( 'NONE', #9753, #1924, #4623 ) ;
#10388 = CARTESIAN_POINT ( 'NONE',  ( 18.54588215633502202, -237.2108035506304873, -33.11798626738899998 ) ) ;
#10389 = EDGE_CURVE ( 'NONE', #4096, #5952, #7908, .T. ) ;
#10390 = DIRECTION ( 'NONE',  ( 0.000000000000000000, 0.000000000000000000, -1.000000000000000000 ) ) ;
#10391 = CARTESIAN_POINT ( 'NONE',  ( 17.53175054750471773, -286.5699362590934243, -35.97608116630213004 ) ) ;
#10392 = LINE ( 'NONE', #3688, #2761 ) ;
#10393 = AXIS2_PLACEMENT_3D ( 'NONE', #5129, #2593, #4162 ) ;
#10394 = CARTESIAN_POINT ( 'NONE',  ( 18.61223556355436770, -244.2736425719500915, -38.11798626738899287 ) ) ;
#10395 = LINE ( 'NONE', #1720, #2023 ) ;
#10396 = EDGE_CURVE ( 'NONE', #10001, #404, #1192, .T. ) ;
#10397 = ORIENTED_EDGE ( 'NONE', *, *, #2726, .T. ) ;
#10398 = ORIENTED_EDGE ( 'NONE', *, *, #8701, .T. ) ;
#10399 = DIRECTION ( 'NONE',  ( 1.000000000000000000, 0.000000000000000000, 0.000000000000000000 ) ) ;
#10400 = AXIS2_PLACEMENT_3D ( 'NONE', #705, #1603, #763 ) ;
#10401 = CARTESIAN_POINT ( 'NONE',  ( 47.78088215633500369, -312.3820313402289912, -34.71798626738900140 ) ) ;
#10402 = DIRECTION ( 'NONE',  ( -1.000000000000000000, 0.000000000000000000, -0.000000000000000000 ) ) ;
#10403 = DIRECTION ( 'NONE',  ( 0.000000000000000000, 1.000000000000000000, 0.000000000000000000 ) ) ;
#10404 = CARTESIAN_POINT ( 'NONE',  ( 26.90588215633500369, -216.8820313402289912, -23.81798626738900282 ) ) ;
#10405 = DIRECTION ( 'NONE',  ( 1.000000000000000000, 0.000000000000000000, 0.000000000000000000 ) ) ;
#10406 = DIRECTION ( 'NONE',  ( 0.000000000000000000, 0.000000000000000000, -1.000000000000000000 ) ) ;
#10407 = DIRECTION ( 'NONE',  ( 1.000000000000000000, 0.000000000000000000, 0.000000000000000000 ) ) ;
#10408 = VECTOR ( 'NONE', #5200, 1000.000000000000000 ) ;
#10409 = DIRECTION ( 'NONE',  ( 0.000000000000000000, 0.000000000000000000, 1.000000000000000000 ) ) ;
#10410 = ADVANCED_FACE ( 'NONE', ( #9646 ), #4411, .T. ) ;
#10411 = EDGE_CURVE ( 'NONE', #7335, #9216, #7853, .T. ) ;
#10412 = ADVANCED_FACE ( 'NONE', ( #8808 ), #5813, .T. ) ;
#10413 = VERTEX_POINT ( 'NONE', #1142 ) ;
#10414 = ORIENTED_EDGE ( 'NONE', *, *, #2678, .T. ) ;
#10415 = ORIENTED_EDGE ( 'NONE', *, *, #10561, .T. ) ;
#10416 = LINE ( 'NONE', #7837, #4826 ) ;
#10417 = ORIENTED_EDGE ( 'NONE', *, *, #9597, .T. ) ;
#10418 = DIRECTION ( 'NONE',  ( 1.000000000000000000, 0.000000000000000000, 0.000000000000000000 ) ) ;
#10419 = AXIS2_PLACEMENT_3D ( 'NONE', #1741, #2587, #9574 ) ;
#10420 = VECTOR ( 'NONE', #2358, 1000.000000000000000 ) ;
#10421 = DIRECTION ( 'NONE',  ( 0.000000000000000000, 0.000000000000000000, -1.000000000000000000 ) ) ;
#10422 = CARTESIAN_POINT ( 'NONE',  ( 25.40588215633500369, -307.0147813402290353, -33.11798626738899998 ) ) ;
#10423 = CARTESIAN_POINT ( 'NONE',  ( 59.55194570164159273, -283.2733403384044095, -38.21673696575935253 ) ) ;
#10424 = ADVANCED_FACE ( 'NONE', ( #9755 ), #8917, .T. ) ;
#10425 = DIRECTION ( 'NONE',  ( -1.000000000000000000, 0.000000000000000000, 0.000000000000000000 ) ) ;
#10426 = AXIS2_PLACEMENT_3D ( 'NONE', #4732, #10752, #4785 ) ;
#10427 = ORIENTED_EDGE ( 'NONE', *, *, #7334, .T. ) ;
#10429 = ADVANCED_FACE ( 'NONE', ( #2044 ), #7168, .T. ) ;
#10428 = AXIS2_PLACEMENT_3D ( 'NONE', #9482, #5836, #7063 ) ;
#10430 = ORIENTED_EDGE ( 'NONE', *, *, #3217, .F. ) ;
#10431 = ORIENTED_EDGE ( 'NONE', *, *, #772, .T. ) ;
#10432 = ORIENTED_EDGE ( 'NONE', *, *, #7752, .T. ) ;
#10433 = CARTESIAN_POINT ( 'NONE',  ( 17.71957917436180807, -233.6984161251330647, -35.78280889625478522 ) ) ;
#10434 = CARTESIAN_POINT ( 'NONE',  ( 23.90588215633500369, -234.8820313402289912, -24.51798626738900211 ) ) ;
#10435 = AXIS2_PLACEMENT_3D ( 'NONE', #8232, #9244, #10981 ) ;
#10436 = CARTESIAN_POINT ( 'NONE',  ( 38.84338215633500369, -316.8820313402290481, -26.81798626738900282 ) ) ;
#10437 = LINE ( 'NONE', #2718, #8368 ) ;
#10438 = CARTESIAN_POINT ( 'NONE',  ( 53.52740353073470914, -238.1085592731572831, -24.26450764178870756 ) ) ;
#10439 = DIRECTION ( 'NONE',  ( 0.000000000000000000, -1.000000000000000000, 0.000000000000000000 ) ) ;
#10440 = DIRECTION ( 'NONE',  ( 0.000000000000000000, 0.000000000000000000, -1.000000000000000000 ) ) ;
#10441 = EDGE_LOOP ( 'NONE', ( #9204, #5839, #4362, #11008 ) ) ;
#10442 = EDGE_LOOP ( 'NONE', ( #2407, #5968, #9459, #8532 ) ) ;
#10443 = VECTOR ( 'NONE', #9389, 1000.000000000000000 ) ;
#10444 = ORIENTED_EDGE ( 'NONE', *, *, #686, .F. ) ;
#10445 = CARTESIAN_POINT ( 'NONE',  ( 28.40588215633500369, -281.9665313402289826, -32.11798626738899998 ) ) ;
#10446 = CARTESIAN_POINT ( 'NONE',  ( 53.78088215633500369, -205.8820313402289912, 105.9245421747346825 ) ) ;
#10447 = CARTESIAN_POINT ( 'NONE',  ( 16.09900550086151227, -291.1045829621550070, -38.85400054681444004 ) ) ;
#10448 = AXIS2_PLACEMENT_3D ( 'NONE', #196, #3629, #6170 ) ;
#10449 = CYLINDRICAL_SURFACE ( 'NONE', #5823, 3.000000000000002665 ) ;
#10450 = PLANE ( 'NONE',  #1047 ) ;
#10451 = CARTESIAN_POINT ( 'NONE',  ( 16.99588215633502131, -237.2108035506304873, -27.21798626738900140 ) ) ;
#10452 = AXIS2_PLACEMENT_3D ( 'NONE', #5279, #11127, #5959 ) ;
#10453 = VERTEX_POINT ( 'NONE', #3782 ) ;
#10454 = LINE ( 'NONE', #4646, #1788 ) ;
#10455 = LINE ( 'NONE', #4429, #126 ) ;
#10456 = CARTESIAN_POINT ( 'NONE',  ( 55.04296710281290217, -232.4366987929583388, -24.51798626738900921 ) ) ;
#10457 = DIRECTION ( 'NONE',  ( 1.000000000000000000, 0.000000000000000000, 0.000000000000000000 ) ) ;
#10458 = DIRECTION ( 'NONE',  ( -0.9957844558541819602, -0.09172413793103173507, -0.000000000000000000 ) ) ;
#10459 = CARTESIAN_POINT ( 'NONE',  ( 59.56901907444330391, -230.5669096531815967, -38.22123247389541234 ) ) ;
#10460 = EDGE_CURVE ( 'NONE', #6769, #5777, #7224, .T. ) ;
#10461 = LINE ( 'NONE', #5387, #10134 ) ;
#10462 = LINE ( 'NONE', #2747, #7056 ) ;
#10463 = CIRCLE ( 'NONE', #2542, 3.549999999999990496 ) ;
#10464 = DIRECTION ( 'NONE',  ( 0.000000000000000000, -1.000000000000000000, 0.000000000000000000 ) ) ;
#10465 = ORIENTED_EDGE ( 'NONE', *, *, #3871, .F. ) ;
#10466 = ORIENTED_EDGE ( 'NONE', *, *, #5948, .T. ) ;
#10467 = VERTEX_POINT ( 'NONE', #9599 ) ;
#10468 = CARTESIAN_POINT ( 'NONE',  ( 20.18088215633500226, -289.9034704378889273, -23.81798626738900282 ) ) ;
#10469 = VECTOR ( 'NONE', #10278, 1000.000000000000000 ) ;
#10470 = VERTEX_POINT ( 'NONE', #2721 ) ;
#10471 = AXIS2_PLACEMENT_3D ( 'NONE', #2658, #978, #3507 ) ;
#10472 = DIRECTION ( 'NONE',  ( 0.000000000000000000, 0.000000000000000000, -1.000000000000000000 ) ) ;
#10473 = EDGE_CURVE ( 'NONE', #9444, #4930, #8331, .T. ) ;
#10474 = LINE ( 'NONE', #9684, #7428 ) ;
#10475 = DIRECTION ( 'NONE',  ( 0.000000000000000000, -1.000000000000000000, 0.000000000000000000 ) ) ;
#10476 = CARTESIAN_POINT ( 'NONE',  ( 61.62871615294854877, -290.0548673793906005, -39.76840157960072020 ) ) ;
#10477 = VECTOR ( 'NONE', #7400, 1000.000000000000000 ) ;
#10478 = CARTESIAN_POINT ( 'NONE',  ( 21.16399462904330164, -232.9826397988000792, -24.59280756068635299 ) ) ;
#10479 = VECTOR ( 'NONE', #4950, 1000.000000000000000 ) ;
#10480 = ORIENTED_EDGE ( 'NONE', *, *, #7123, .F. ) ;
#10481 = ADVANCED_FACE ( 'NONE', ( #130 ), #246, .T. ) ;
#10482 = ORIENTED_EDGE ( 'NONE', *, *, #10197, .T. ) ;
#10483 = ORIENTED_EDGE ( 'NONE', *, *, #2979, .T. ) ;
#10484 = VERTEX_POINT ( 'NONE', #7008 ) ;
#10485 = VECTOR ( 'NONE', #2938, 1000.000000000000000 ) ;
#10486 = EDGE_CURVE ( 'NONE', #10088, #6584, #7118, .T. ) ;
#10487 = CARTESIAN_POINT ( 'NONE',  ( 18.41135003160318462, -233.3152041018697389, -35.32352662126436371 ) ) ;
#10488 = AXIS2_PLACEMENT_3D ( 'NONE', #4827, #2185, #9170 ) ;
#10489 = EDGE_CURVE ( 'NONE', #4942, #3931, #1879, .T. ) ;
#10490 = CARTESIAN_POINT ( 'NONE',  ( 29.65588215633500369, -263.0070313402289912, -23.81798626738900282 ) ) ;
#10491 = EDGE_CURVE ( 'NONE', #8569, #5626, #4733, .T. ) ;
#10492 = DIRECTION ( 'NONE',  ( -1.000000000000000000, 0.000000000000000000, 0.000000000000000000 ) ) ;
#10493 = DIRECTION ( 'NONE',  ( 0.000000000000000000, 0.000000000000000000, -1.000000000000000000 ) ) ;
#10494 = CARTESIAN_POINT ( 'NONE',  ( 53.78088215633500369, -326.3820313402290481, -38.11798626738899287 ) ) ;
#10495 = DIRECTION ( 'NONE',  ( 0.000000000000000000, 0.000000000000000000, 1.000000000000000000 ) ) ;
#10496 = DIRECTION ( 'NONE',  ( 0.000000000000000000, 0.000000000000000000, -1.000000000000000000 ) ) ;
#10497 = AXIS2_PLACEMENT_3D ( 'NONE', #625, #8231, #8180 ) ;
#10498 = ORIENTED_EDGE ( 'NONE', *, *, #1541, .T. ) ;
#10499 = ORIENTED_EDGE ( 'NONE', *, *, #3528, .T. ) ;
#10500 = ORIENTED_EDGE ( 'NONE', *, *, #2218, .T. ) ;
#10501 = CARTESIAN_POINT ( 'NONE',  ( 45.43088215633500937, -266.1320313402289912, -23.81798626738900282 ) ) ;
#10502 = EDGE_CURVE ( 'NONE', #10927, #1884, #1030, .T. ) ;
#10503 = AXIS2_PLACEMENT_3D ( 'NONE', #10051, #8319, #10791 ) ;
#10504 = DIRECTION ( 'NONE',  ( 0.000000000000000000, -1.000000000000000000, 0.000000000000000000 ) ) ;
#10505 = CARTESIAN_POINT ( 'NONE',  ( 44.78088215633500369, -219.8820313402289912, -38.11798626738899998 ) ) ;
#10506 = AXIS2_PLACEMENT_3D ( 'NONE', #358, #5267, #8713 ) ;
#10507 = CARTESIAN_POINT ( 'NONE',  ( 20.90588215633500369, -297.1171293569119030, -45.13880154756031970 ) ) ;
#10508 = DIRECTION ( 'NONE',  ( 0.000000000000000000, -1.000000000000000000, 0.000000000000000000 ) ) ;
#10509 = CARTESIAN_POINT ( 'NONE',  ( 53.78088215633500369, -197.8820313402289912, -41.11798626738899287 ) ) ;
#10510 = ORIENTED_EDGE ( 'NONE', *, *, #1589, .T. ) ;
#10511 = DIRECTION ( 'NONE',  ( 0.000000000000000000, 0.000000000000000000, 1.000000000000000000 ) ) ;
#10512 = DIRECTION ( 'NONE',  ( 0.000000000000000000, 0.000000000000000000, 1.000000000000000000 ) ) ;
#10513 = CARTESIAN_POINT ( 'NONE',  ( 56.03442567720660605, -232.9074154411270001, -24.79144030703789525 ) ) ;
#10514 = DIRECTION ( 'NONE',  ( 1.000000000000000000, 0.000000000000000000, 0.000000000000000000 ) ) ;
#10515 = DIRECTION ( 'NONE',  ( 0.000000000000000000, 0.000000000000000000, 1.000000000000000000 ) ) ;
#10516 = CARTESIAN_POINT ( 'NONE',  ( 59.19499543635659222, -233.2216270864446130, -37.90484139650838102 ) ) ;
#10517 = PLANE ( 'NONE',  #423 ) ;
#10518 = CARTESIAN_POINT ( 'NONE',  ( 28.40588215633500369, 0.000000000000000000, -32.11798626738899998 ) ) ;
#10519 = CARTESIAN_POINT ( 'NONE',  ( 24.60588215633500297, -315.3820313402289912, -23.81798626738900282 ) ) ;
#10520 = PRODUCT ( 'Limit Breakout Case_bottom.STEP_Standard', 'Limit Breakout Case_bottom.STEP_Standard', '', ( #1609 ) ) ;
#10521 = ORIENTED_EDGE ( 'NONE', *, *, #4696, .T. ) ;
#10522 = ORIENTED_EDGE ( 'NONE', *, *, #2702, .T. ) ;
#10523 = EDGE_LOOP ( 'NONE', ( #769, #1195, #5936, #6639, #9797, #6352 ) ) ;
#10524 = LINE ( 'NONE', #2811, #5918 ) ;
#10525 = ORIENTED_EDGE ( 'NONE', *, *, #7313, .F. ) ;
#10526 = DIRECTION ( 'NONE',  ( 0.000000000000000000, 0.000000000000000000, -1.000000000000000000 ) ) ;
#10527 = ADVANCED_FACE ( 'NONE', ( #5416 ), #2779, .T. ) ;
#10528 = LINE ( 'NONE', #10691, #5447 ) ;
#10529 = CARTESIAN_POINT ( 'NONE',  ( 61.61548730511494654, -290.2884184805520249, -40.07349461074969810 ) ) ;
#10530 = ORIENTED_EDGE ( 'NONE', *, *, #4566, .T. ) ;
#10531 = ORIENTED_EDGE ( 'NONE', *, *, #3435, .F. ) ;
#10532 = ORIENTED_EDGE ( 'NONE', *, *, #9095, .F. ) ;
#10533 = EDGE_CURVE ( 'NONE', #2474, #5474, #2094, .T. ) ;
#10534 = EDGE_LOOP ( 'NONE', ( #10765, #2123, #325, #1454 ) ) ;
#10535 = ORIENTED_EDGE ( 'NONE', *, *, #2712, .F. ) ;
#10536 = DIRECTION ( 'NONE',  ( 1.000000000000000000, 0.000000000000000000, 0.000000000000000000 ) ) ;
#10537 = CARTESIAN_POINT ( 'NONE',  ( 17.93696634031907777, -233.5595764589636758, -35.60724353379330154 ) ) ;
#10538 = DIRECTION ( 'NONE',  ( 1.000000000000000000, 0.000000000000000000, 0.000000000000000000 ) ) ;
#10539 = CARTESIAN_POINT ( 'NONE',  ( 47.78088215633500369, -260.3820313402290481, -38.11798626738899998 ) ) ;
#10540 = CLOSED_SHELL ( 'NONE', ( #2153, #6427, #10280, #3458, #3578, #155, #5253, #7368, #4948, #3672, #6826, #5590, #8841, #6227, #9933, #5119, #1128, #8302, #8488, #8355, #10613, #10424, #10883, #4910, #5723, #5866, #849, #9326, #10353, #7832, #288, #8462, #4786, #10608, #1115, #5586, #919, #8915, #489, #8945, #6759, #5390, #10136, #6369, #5037, #2348, #4703, #5516, #8535, #7234, #5298, #6337, #989, #4437, #7817, #9798, #3382, #5867, #1528, #4540, #8003, #3321, #10074, #9702, #7184, #540, #10870, #6892, #10410, #2019, #281, #5083, #3161, #9189, #6977, #2857, #3735, #7042, #6291, #8903, #3532, #8679, #8742, #1038, #4281, #2786, #9857, #1264, #1168, #3469, #2899, #4420, #482, #7801, #4227, #2844, #7870, #5805, #2021, #10277, #5044, #10810, #4417, #8163, #7938, #10594, #8074, #770, #6712, #4067, #8791, #1460, #11024, #7247, #7107, #10347, #7742, #1508, #2080, #5322, #9977, #6691, #9982, #7949, #3293, #10481, #3594, #4759, #10265, #11033, #5661, #2901, #2964, #9364, #7709, #7968, #1676, #5443, #6246, #7021, #5400, #1048 ) ) ;
#10541 = LINE ( 'NONE', #2827, #6446 ) ;
#10542 = DIRECTION ( 'NONE',  ( 0.000000000000000000, 0.000000000000000000, 1.000000000000000000 ) ) ;
#10543 = DIRECTION ( 'NONE',  ( 1.000000000000000000, 0.000000000000000000, 0.000000000000000000 ) ) ;
#10544 = EDGE_CURVE ( 'NONE', #6417, #2588, #9941, .T. ) ;
#10545 = ORIENTED_EDGE ( 'NONE', *, *, #1246, .F. ) ;
#10546 = VERTEX_POINT ( 'NONE', #7388 ) ;
#10547 = EDGE_CURVE ( 'NONE', #1304, #6754, #6377, .T. ) ;
#10549 = ADVANCED_FACE ( 'NONE', ( #10024 ), #2305, .F. ) ;
#10548 = ORIENTED_EDGE ( 'NONE', *, *, #8214, .F. ) ;
#10550 = AXIS2_PLACEMENT_3D ( 'NONE', #2739, #4381, #149 ) ;
#10551 = LINE ( 'NONE', #8025, #4336 ) ;
#10552 = EDGE_CURVE ( 'NONE', #7823, #10629, #10665, .T. ) ;
#10553 = LINE ( 'NONE', #8923, #3630 ) ;
#10554 = CARTESIAN_POINT ( 'NONE',  ( 32.40588215633500369, -240.9235313402290046, -33.11798626738899998 ) ) ;
#10555 = DIRECTION ( 'NONE',  ( 1.000000000000000000, 0.000000000000000000, 0.000000000000000000 ) ) ;
#10556 = CARTESIAN_POINT ( 'NONE',  ( 16.90649910286653679, -232.0258305234644638, -38.76832039222528437 ) ) ;
#10557 = LINE ( 'NONE', #5536, #5077 ) ;
#10558 = AXIS2_PLACEMENT_3D ( 'NONE', #11128, #7932, #9623 ) ;
#10559 = ORIENTED_EDGE ( 'NONE', *, *, #9095, .T. ) ;
#10560 = B_SPLINE_CURVE_WITH_KNOTS ( 'NONE', 3,
 ( #11069, #607, #4148, #6803, #7593, #10064, #11016, #1619, #7477, #780 ),
 .UNSPECIFIED., .F., .F.,
 ( 4, 2, 2, 2, 4 ),
 ( 0.000000000000000000, 0.0007237136119054273301, 0.001447427223810854660, 0.002171140835716281990, 0.002894854447621709320 ),
 .UNSPECIFIED. ) ;
#10561 = EDGE_CURVE ( 'NONE', #9800, #2207, #9187, .T. ) ;
#10562 = ORIENTED_EDGE ( 'NONE', *, *, #341, .T. ) ;
#10563 = DIRECTION ( 'NONE',  ( 0.000000000000000000, 0.000000000000000000, -1.000000000000000000 ) ) ;
#10564 = CARTESIAN_POINT ( 'NONE',  ( 38.78088215633501079, -265.8950313402290249, -24.31798626738900282 ) ) ;
#10565 = TOROIDAL_SURFACE ( 'NONE', #6072, 5.000000000000005329, 3.000000000000000000 ) ;
#10566 = CARTESIAN_POINT ( 'NONE',  ( 18.78088215633500013, -282.7899270170613022, -38.11798626738899998 ) ) ;
#10567 = DIRECTION ( 'NONE',  ( -0.000000000000000000, -0.000000000000000000, -1.000000000000000000 ) ) ;
#10568 = CARTESIAN_POINT ( 'NONE',  ( 61.59326462799459279, -235.1710961387641987, -40.07103347584182274 ) ) ;
#10569 = CARTESIAN_POINT ( 'NONE',  ( 25.40588215633500369, -281.9665313402289826, -29.11798626738900353 ) ) ;
#10570 = PLANE ( 'NONE',  #5070 ) ;
#10571 = DIRECTION ( 'NONE',  ( 0.000000000000000000, 0.000000000000000000, -1.000000000000000000 ) ) ;
#10572 = AXIS2_PLACEMENT_3D ( 'NONE', #507, #3264, #10813 ) ;
#10573 = ORIENTED_EDGE ( 'NONE', *, *, #2126, .T. ) ;
#10574 = ORIENTED_EDGE ( 'NONE', *, *, #6617, .T. ) ;
#10575 = ORIENTED_EDGE ( 'NONE', *, *, #7257, .T. ) ;
#10576 = CARTESIAN_POINT ( 'NONE',  ( 60.69062652664660362, -287.2288472109382838, -36.86665518637229155 ) ) ;
#10577 = ORIENTED_EDGE ( 'NONE', *, *, #8500, .F. ) ;
#10578 = LINE ( 'NONE', #8104, #3422 ) ;
#10579 =( BOUNDED_SURFACE ( )  B_SPLINE_SURFACE ( 3, 2, ( 
 ( #3844, #3212, #8297 ),
 ( #10825, #9137, #3105 ),
 ( #3157, #7395, #6597 ),
 ( #3054, #2158, #631 ),
 ( #9924, #3956, #7339 ),
 ( #10767, #8356, #6656 ),
 ( #10089, #5647, #2367 ),
 ( #7289, #4798, #8237 ),
 ( #516, #6547, #9979 ),
 ( #6828, #7675, #1529 ),
 ( #1701, #5869, #4348 ),
 ( #10148, #11096, #4231 ),
 ( #3443, #861, #8461 ),
 ( #2538, #9300, #8575 ),
 ( #3330, #5137, #1579 ),
 ( #6888, #6718, #10374 ),
 ( #6042, #4287, #2602 ),
 ( #4112, #6771, #7736 ),
 ( #5016, #2425, #10986 ),
 ( #15, #8402, #2657 ),
 ( #9420, #10317, #3385 ),
 ( #7559, #7793, #9474 ),
 ( #1757, #809, #10256 ),
 ( #10200, #5985, #5192 ),
 ( #743, #4172, #4959 ),
 ( #8636, #7622, #920 ),
 ( #3273, #9360, #74 ),
 ( #3506, #6945, #6101 ),
 ( #11044, #683, #2478 ),
 ( #5924, #1642, #5078 ),
 ( #8521, #3559, #6156 ),
 ( #1081, #1982, #7220 ),
 ( #4405, #5466, #7961 ),
 ( #8801, #9593, #7002 ),
 ( #5303, #4518, #3720 ),
 ( #7164, #10591, #10646 ),
 ( #9641, #124, #240 ),
 ( #4458, #6315, #7054 ),
 ( #3673, #9534, #9750 ),
 ( #2715, #1185, #7113 ),
 ( #1818, #8744, #10433 ),
 ( #8858, #1024, #10537 ),
 ( #1874, #5412, #5248 ),
 ( #1137, #7901, #183 ),
 ( #3618, #2933, #10487 ),
 ( #4576, #2876, #8013 ),
 ( #2773, #290, #6208 ),
 ( #1922, #7848, #5352 ) ),
 .UNSPECIFIED., .F., .F., .F. ) 
 B_SPLINE_SURFACE_WITH_KNOTS ( ( 4, 2, 2, 2, 2, 2, 2, 2, 2, 2, 2, 2, 2, 2, 2, 2, 2, 2, 2, 2, 2, 2, 2, 4 ),
 ( 3, 3 ),
 ( 1.019150042136374168E-17, 0.001423641918586416363, 0.002135462877879619123, 0.002847283837172822317, 0.004270925755759227838, 0.005694567674345634226, 0.007118209592932039746, 0.008541851511518445267, 0.009253672470811647593, 0.009965493430104851655, 0.01067731438939805572, 0.01103322486904465688, 0.01138913534869125804, 0.01210095630798446037, 0.01281277726727766443, 0.01423641918586407082, 0.01566006110445047894, 0.01708370302303688359, 0.01850734494162328825, 0.01921916590091649057, 0.01993098686020969290, 0.02064280781950289523, 0.02135462877879609755, 0.02277827069738250568 ),
 ( 0.000000000000000000, 1.000000000000000000 ),
 .UNSPECIFIED. ) 
 GEOMETRIC_REPRESENTATION_ITEM ( )  RATIONAL_B_SPLINE_SURFACE ( (
 ( 1.000000000000000000, 0.7071067811865475727, 1.000000000000000000),
 ( 1.000000000000000000, 0.7122618223099096424, 1.000000000000000000),
 ( 1.000000000000000000, 0.7225911502215093263, 1.000000000000000000),
 ( 1.000000000000000000, 0.7431388285365261304, 1.000000000000000000),
 ( 1.000000000000000000, 0.7508879557529704041, 1.000000000000000000),
 ( 1.000000000000000000, 0.7672399568436791828, 1.000000000000000000),
 ( 1.000000000000000000, 0.7758592344392511997, 1.000000000000000000),
 ( 1.000000000000000000, 0.8024134722781802731, 1.000000000000000000),
 ( 1.000000000000000000, 0.8211676486490888660, 1.000000000000000000),
 ( 1.000000000000000000, 0.8568971478379852069, 1.000000000000000000),
 ( 1.000000000000000000, 0.8740180576272071900, 1.000000000000000000),
 ( 1.000000000000000000, 0.9057291253370229889, 1.000000000000000000),
 ( 1.000000000000000000, 0.9203883287837753002, 1.000000000000000000),
 ( 1.000000000000000000, 0.9458950894765689732, 1.000000000000000000),
 ( 1.000000000000000000, 0.9568623966363520861, 1.000000000000000000),
 ( 1.000000000000000000, 0.9705519267866044020, 1.000000000000000000),
 ( 1.000000000000000000, 0.9746547537767754621, 1.000000000000000000),
 ( 1.000000000000000000, 0.9819146665870311930, 1.000000000000000000),
 ( 1.000000000000000000, 0.9850730731909430604, 1.000000000000000000),
 ( 1.000000000000000000, 0.9903912266748556847, 1.000000000000000000),
 ( 1.000000000000000000, 0.9925501177102655781, 1.000000000000000000),
 ( 1.000000000000000000, 0.9948435902770440542, 1.000000000000000000),
 ( 1.000000000000000000, 0.9954547724814162279, 1.000000000000000000),
 ( 1.000000000000000000, 0.9962685918788518613, 1.000000000000000000),
 ( 1.000000000000000000, 0.9964757563760183734, 1.000000000000000000),
 ( 1.000000000000000000, 0.9963979365631084884, 1.000000000000000000),
 ( 1.000000000000000000, 0.9954125941224368779, 1.000000000000000000),
 ( 1.000000000000000000, 0.9922468942311702955, 1.000000000000000000),
 ( 1.000000000000000000, 0.9900590360185427263, 1.000000000000000000),
 ( 1.000000000000000000, 0.9819538846637352325, 1.000000000000000000),
 ( 1.000000000000000000, 0.9745843678195308390, 1.000000000000000000),
 ( 1.000000000000000000, 0.9562087326837068746, 1.000000000000000000),
 ( 1.000000000000000000, 0.9451899502690360722, 1.000000000000000000),
 ( 1.000000000000000000, 0.9196006787822422757, 1.000000000000000000),
 ( 1.000000000000000000, 0.9049528898661618470, 1.000000000000000000),
 ( 1.000000000000000000, 0.8733117268120675902, 1.000000000000000000),
 ( 1.000000000000000000, 0.8562285303719830987, 1.000000000000000000),
 ( 1.000000000000000000, 0.8294760506533588318, 1.000000000000000000),
 ( 1.000000000000000000, 0.8203260754764990503, 1.000000000000000000),
 ( 1.000000000000000000, 0.8021350580456995116, 1.000000000000000000),
 ( 1.000000000000000000, 0.7931119643204900260, 1.000000000000000000),
 ( 1.000000000000000000, 0.7755315416735721890, 1.000000000000000000),
 ( 1.000000000000000000, 0.7669730650802777383, 1.000000000000000000),
 ( 1.000000000000000000, 0.7507355597792420010, 1.000000000000000000),
 ( 1.000000000000000000, 0.7430166158919546682, 1.000000000000000000),
 ( 1.000000000000000000, 0.7225223950881042301, 1.000000000000000000),
 ( 1.000000000000000000, 0.7122412521760300708, 1.000000000000000000),
 ( 1.000000000000000000, 0.7071067811865443531, 1.000000000000000000) ) ) 
 REPRESENTATION_ITEM ( '' )  SURFACE ( )  );
#10580 = CARTESIAN_POINT ( 'NONE',  ( 57.38088215633500511, -289.9034704378889273, -43.11798626738900708 ) ) ;
#10581 = VECTOR ( 'NONE', #9493, 1000.000000000000000 ) ;
#10582 = CARTESIAN_POINT ( 'NONE',  ( 61.60825058932773146, -288.2209366831992270, -40.11254461927812542 ) ) ;
#10583 = ORIENTED_EDGE ( 'NONE', *, *, #3100, .T. ) ;
#10584 = VERTEX_POINT ( 'NONE', #8346 ) ;
#10585 = EDGE_LOOP ( 'NONE', ( #9693, #8753 ) ) ;
#10586 = CIRCLE ( 'NONE', #10419, 4.250000000000010658 ) ;
#10587 = EDGE_LOOP ( 'NONE', ( #7034, #9545, #8649, #8729 ) ) ;
#10588 = VECTOR ( 'NONE', #522, 1000.000000000000000 ) ;
#10589 = VERTEX_POINT ( 'NONE', #4684 ) ;
#10590 = DIRECTION ( 'NONE',  ( -0.7071067811865489050, 0.000000000000000000, 0.7071067811865460184 ) ) ;
#10591 = CARTESIAN_POINT ( 'NONE',  ( 17.47993431516398033, -233.7474269027119647, -38.19709459719197042 ) ) ;
#10592 = CARTESIAN_POINT ( 'NONE',  ( 43.78088215633500369, -219.8820313402289912, -38.11798626738899998 ) ) ;
#10593 = CARTESIAN_POINT ( 'NONE',  ( 23.78088215633500369, -326.3820313402290481, -43.61798626738902840 ) ) ;
#10594 = ADVANCED_FACE ( 'NONE', ( #4792 ), #6484, .F. ) ;
#10595 = CIRCLE ( 'NONE', #1069, 3.000000000000002665 ) ;
#10596 = CARTESIAN_POINT ( 'NONE',  ( 53.78088215633500369, -297.3820313402289912, -24.51798626738900211 ) ) ;
#10597 = CARTESIAN_POINT ( 'NONE',  ( 28.90588215633500013, -286.8800777381588887, -34.71798626738900140 ) ) ;
#10598 = CARTESIAN_POINT ( 'NONE',  ( 53.78088215633500369, -216.8820313402289912, -35.11798626738899998 ) ) ;
#10599 = ORIENTED_EDGE ( 'NONE', *, *, #8339, .F. ) ;
#10600 = ORIENTED_EDGE ( 'NONE', *, *, #3867, .T. ) ;
#10601 = EDGE_LOOP ( 'NONE', ( #9533, #4392, #1171, #9571 ) ) ;
#10602 = AXIS2_PLACEMENT_3D ( 'NONE', #7719, #2, #8562 ) ;
#10603 = VECTOR ( 'NONE', #5144, 1000.000000000000000 ) ;
#10604 = DIRECTION ( 'NONE',  ( 0.000000000000000000, 1.000000000000000000, 0.000000000000000000 ) ) ;
#10605 = PRODUCT ( 'limit_breakout_case_item', 'limit_breakout_case_item', '', ( #10166 ) ) ;
#10606 = CARTESIAN_POINT ( 'NONE',  ( 23.78088215633500369, -205.8820313402289912, -41.11798626738899287 ) ) ;
#10607 = DIRECTION ( 'NONE',  ( 0.000000000000000000, 0.000000000000000000, 1.000000000000000000 ) ) ;
#10608 = ADVANCED_FACE ( 'NONE', ( #4901 ), #8963, .T. ) ;
#10609 = LINE ( 'NONE', #9657, #10681 ) ;
#10610 = DIRECTION ( 'NONE',  ( 0.000000000000000000, 0.000000000000000000, -1.000000000000000000 ) ) ;
#10611 = CARTESIAN_POINT ( 'NONE',  ( 24.49588215633502841, -237.2108035506304873, -24.51798626738901632 ) ) ;
#10612 = ORIENTED_EDGE ( 'NONE', *, *, #3792, .T. ) ;
#10613 = ADVANCED_FACE ( 'NONE', ( #509 ), #8291, .F. ) ;
#10614 = ORIENTED_EDGE ( 'NONE', *, *, #7438, .T. ) ;
#10615 = DIRECTION ( 'NONE',  ( 0.000000000000000000, 0.000000000000000000, 1.000000000000000000 ) ) ;
#10616 = FACE_BOUND ( 'NONE', #817, .T. ) ;
#10617 = AXIS2_PLACEMENT_3D ( 'NONE', #368, #4485, #4649 ) ;
#10618 = FACE_OUTER_BOUND ( 'NONE', #4675, .T. ) ;
#10619 = ADVANCED_FACE ( 'NONE', ( #4054 ), #567, .F. ) ;
#10620 = CARTESIAN_POINT ( 'NONE',  ( 57.44588215633498862, -237.2108035506304873, -27.21798626738900140 ) ) ;
#10621 = CARTESIAN_POINT ( 'NONE',  ( 61.40743638512156366, -238.8312119555750428, -39.55775859178112341 ) ) ;
#10622 = EDGE_CURVE ( 'NONE', #8569, #7546, #1244, .T. ) ;
#10623 = CARTESIAN_POINT ( 'NONE',  ( 26.90588215633500369, -213.8820313402290196, -35.11798626738899998 ) ) ;
#10624 = EDGE_CURVE ( 'NONE', #2280, #2206, #8121, .T. ) ;
#10625 = FACE_OUTER_BOUND ( 'NONE', #8001, .T. ) ;
#10626 = CARTESIAN_POINT ( 'NONE',  ( 29.78088215633500369, -291.7770313402290299, -23.81798626738900282 ) ) ;
#10627 = AXIS2_PLACEMENT_3D ( 'NONE', #10272, #2554, #934 ) ;
#10628 = EDGE_CURVE ( 'NONE', #6581, #8908, #7284, .T. ) ;
#10629 = VERTEX_POINT ( 'NONE', #3949 ) ;
#10630 = ORIENTED_EDGE ( 'NONE', *, *, #1246, .T. ) ;
#10631 = VERTEX_POINT ( 'NONE', #1410 ) ;
#10632 = DIRECTION ( 'NONE',  ( 0.000000000000000000, 0.000000000000000000, 1.000000000000000000 ) ) ;
#10633 = VERTEX_POINT ( 'NONE', #6430 ) ;
#10634 = CARTESIAN_POINT ( 'NONE',  ( 47.78088215633500369, -261.3820313402290481, 220.0996348679430525 ) ) ;
#10635 = CONICAL_SURFACE ( 'NONE', #5776, 2.299999999999996270, 0.7853981633974518317 ) ;
#10636 = DIRECTION ( 'NONE',  ( 0.000000000000000000, 1.000000000000000000, 0.000000000000000000 ) ) ;
#10637 = EDGE_CURVE ( 'NONE', #1277, #10913, #5639, .T. ) ;
#10638 = CARTESIAN_POINT ( 'NONE',  ( 61.67786153167475049, -290.8292326883302508, -40.33735501676886059 ) ) ;
#10639 = ORIENTED_EDGE ( 'NONE', *, *, #2613, .F. ) ;
#10640 = ORIENTED_EDGE ( 'NONE', *, *, #2772, .F. ) ;
#10641 = EDGE_LOOP ( 'NONE', ( #10667, #3284, #8386, #2243, #7645, #3828 ) ) ;
#10642 = VECTOR ( 'NONE', #6394, 1000.000000000000114 ) ;
#10643 = ORIENTED_EDGE ( 'NONE', *, *, #9568, .F. ) ;
#10644 = ORIENTED_EDGE ( 'NONE', *, *, #9288, .T. ) ;
#10645 = DIRECTION ( 'NONE',  ( 0.000000000000000000, 0.000000000000000000, -1.000000000000000000 ) ) ;
#10646 = CARTESIAN_POINT ( 'NONE',  ( 16.89286476538813631, -234.4308300935369971, -36.78267252370677198 ) ) ;
#10647 = CARTESIAN_POINT ( 'NONE',  ( 23.90588215633500369, -216.8820313402289912, -33.11798626738899998 ) ) ;
#10648 = AXIS2_PLACEMENT_3D ( 'NONE', #10165, #4250, #5156 ) ;
#10649 = CARTESIAN_POINT ( 'NONE',  ( 30.70588215633500440, -313.4829779496357105, -20.32603965798229950 ) ) ;
#10650 = AXIS2_PLACEMENT_3D ( 'NONE', #8773, #10403, #3586 ) ;
#10651 = CARTESIAN_POINT ( 'NONE',  ( 23.78088215633500369, -205.8820313402289912, -38.11798626738899287 ) ) ;
#10652 = CARTESIAN_POINT ( 'NONE',  ( 38.78088215633501079, -279.5760313402290080, -24.31798626738900282 ) ) ;
#10653 = PLANE ( 'NONE',  #6293 ) ;
#10654 = EDGE_LOOP ( 'NONE', ( #4644, #8662, #5029, #5789 ) ) ;
#10655 = EDGE_LOOP ( 'NONE', ( #6239, #9629, #1011, #2767 ) ) ;
#10656 = ORIENTED_EDGE ( 'NONE', *, *, #3036, .T. ) ;
#10657 = CONICAL_SURFACE ( 'NONE', #9400, 7.500000000000062172, 0.7853981633974187471 ) ;
#10658 = AXIS2_PLACEMENT_3D ( 'NONE', #3941, #9970, #6645 ) ;
#10659 = FACE_OUTER_BOUND ( 'NONE', #2859, .T. ) ;
#10660 = FACE_OUTER_BOUND ( 'NONE', #1263, .T. ) ;
#10661 = CARTESIAN_POINT ( 'NONE',  ( 44.93088215633500226, -231.1330313402289960, -23.81798626738900282 ) ) ;
#10662 = ADVANCED_FACE ( 'NONE', ( #5580 ), #9019, .T. ) ;
#10663 = DIRECTION ( 'NONE',  ( 0.000000000000000000, -1.000000000000000000, 0.000000000000000000 ) ) ;
#10664 = CARTESIAN_POINT ( 'NONE',  ( 16.63194409183918765, -232.6283009987580783, -39.01648519648759361 ) ) ;
#10665 = CIRCLE ( 'NONE', #7259, 1.699999999999996625 ) ;
#10666 = CARTESIAN_POINT ( 'NONE',  ( 23.78088215633500369, -326.3820313402290481, -38.11798626738899287 ) ) ;
#10667 = ORIENTED_EDGE ( 'NONE', *, *, #1890, .F. ) ;
#10668 = EDGE_CURVE ( 'NONE', #10467, #8156, #3324, .T. ) ;
#10669 = ORIENTED_EDGE ( 'NONE', *, *, #3676, .F. ) ;
#10670 = CARTESIAN_POINT ( 'NONE',  ( 32.40588215633500369, -295.6475313402290226, 223.6996348679430184 ) ) ;
#10671 = AXIS2_PLACEMENT_3D ( 'NONE', #3294, #2390, #539 ) ;
#10672 = VECTOR ( 'NONE', #5771, 1000.000000000000000 ) ;
#10673 = FACE_OUTER_BOUND ( 'NONE', #8109, .T. ) ;
#10674 = CARTESIAN_POINT ( 'NONE',  ( 20.18088215633500226, -289.9034704378889273, -35.11798626738899998 ) ) ;
#10675 = DIRECTION ( 'NONE',  ( -0.000000000000000000, -0.000000000000000000, 1.000000000000000000 ) ) ;
#10676 = CARTESIAN_POINT ( 'NONE',  ( 61.69446639219357564, -237.0818082543408991, -40.09706652169967356 ) ) ;
#10677 = DIRECTION ( 'NONE',  ( -0.000000000000000000, -0.000000000000000000, -1.000000000000000000 ) ) ;
#10678 = CARTESIAN_POINT ( 'NONE',  ( 26.65588215633500369, -315.6320313402289912, -34.71798626738900140 ) ) ;
#10679 = DIRECTION ( 'NONE',  ( 1.000000000000000000, 0.000000000000000000, 0.000000000000000000 ) ) ;
#10680 = LINE ( 'NONE', #5493, #4846 ) ;
#10681 = VECTOR ( 'NONE', #7129, 1000.000000000000000 ) ;
#10682 = EDGE_CURVE ( 'NONE', #5311, #8703, #9293, .T. ) ;
#10683 = ORIENTED_EDGE ( 'NONE', *, *, #1957, .F. ) ;
#10684 = ORIENTED_EDGE ( 'NONE', *, *, #8838, .T. ) ;
#10685 = EDGE_CURVE ( 'NONE', #5683, #8233, #677, .T. ) ;
#10686 = ORIENTED_EDGE ( 'NONE', *, *, #7951, .T. ) ;
#10687 = EDGE_CURVE ( 'NONE', #7229, #5510, #239, .T. ) ;
#10688 = CARTESIAN_POINT ( 'NONE',  ( 58.96195053614201953, -285.9556903986692760, -35.25493117161527579 ) ) ;
#10689 = CARTESIAN_POINT ( 'NONE',  ( 22.71258879559085742, -285.0847668670236885, -25.71127962813314838 ) ) ;
#10690 = LINE ( 'NONE', #2076, #5565 ) ;
#10691 = CARTESIAN_POINT ( 'NONE',  ( 53.78088215633500369, -334.3820313402290481, -43.61798626738902840 ) ) ;
#10692 = ADVANCED_FACE ( 'NONE', ( #8567 ), #11038, .F. ) ;
#10693 = LINE ( 'NONE', #9004, #4939 ) ;
#10694 = CARTESIAN_POINT ( 'NONE',  ( 61.52978769130013603, -287.6632169912518293, -39.91419962668233268 ) ) ;
#10695 = ORIENTED_EDGE ( 'NONE', *, *, #9590, .F. ) ;
#10696 = EDGE_LOOP ( 'NONE', ( #10085, #4527, #1033, #4574 ) ) ;
#10697 = ORIENTED_EDGE ( 'NONE', *, *, #5014, .F. ) ;
#10698 = ORIENTED_EDGE ( 'NONE', *, *, #7245, .F. ) ;
#10699 = EDGE_CURVE ( 'NONE', #436, #4268, #8512, .T. ) ;
#10700 = PRODUCT_DEFINITION_CONTEXT ( 'detailed design', #3754, 'design' ) ;
#10701 = ORIENTED_EDGE ( 'NONE', *, *, #10473, .F. ) ;
#10702 = FACE_OUTER_BOUND ( 'NONE', #8053, .T. ) ;
#10703 = PLANE ( 'NONE',  #203 ) ;
#10704 = CARTESIAN_POINT ( 'NONE',  ( 22.72402865542459693, -242.0444173523736993, -25.69983976829940886 ) ) ;
#10705 = LINE ( 'NONE', #6426, #6257 ) ;
#10706 = DIRECTION ( 'NONE',  ( -0.000000000000000000, -0.000000000000000000, -1.000000000000000000 ) ) ;
#10707 = CARTESIAN_POINT ( 'NONE',  ( 20.18088215633500226, -289.9034704378889273, -43.11798626738900708 ) ) ;
#10708 = CYLINDRICAL_SURFACE ( 'NONE', #717, 3.000000000000002665 ) ;
#10709 = EDGE_LOOP ( 'NONE', ( #8941, #5302, #7230, #68 ) ) ;
#10710 = EDGE_LOOP ( 'NONE', ( #8518, #6579, #1690, #9105 ) ) ;
#10711 = ORIENTED_EDGE ( 'NONE', *, *, #426, .F. ) ;
#10712 = CARTESIAN_POINT ( 'NONE',  ( 58.78088215633499658, -230.0847755546147653, -35.11798626738899998 ) ) ;
#10713 = CARTESIAN_POINT ( 'NONE',  ( 53.78088215633500369, -244.4302408555732882, -33.11798626738899998 ) ) ;
#10714 = LINE ( 'NONE', #2998, #3364 ) ;
#10715 = FACE_OUTER_BOUND ( 'NONE', #2122, .T. ) ;
#10716 = CARTESIAN_POINT ( 'NONE',  ( 20.90588215633500369, -220.8820313402289912, -24.51798626738900211 ) ) ;
#10717 = LINE ( 'NONE', #3060, #9592 ) ;
#10718 = ORIENTED_EDGE ( 'NONE', *, *, #5917, .F. ) ;
#10719 = AXIS2_PLACEMENT_3D ( 'NONE', #8770, #2681, #207 ) ;
#10720 = EDGE_LOOP ( 'NONE', ( #9603, #4511, #8101, #2018 ) ) ;
#10721 = CARTESIAN_POINT ( 'NONE',  ( 29.65588215633500369, -264.5070313402289912, -26.81798626738900282 ) ) ;
#10722 = DIRECTION ( 'NONE',  ( 0.000000000000000000, -1.000000000000000000, 0.000000000000000000 ) ) ;
#10723 = CARTESIAN_POINT ( 'NONE',  ( 23.46036776298892690, -286.5224788243043577, -24.96350066073507534 ) ) ;
#10724 = CARTESIAN_POINT ( 'NONE',  ( 30.20588215633500440, -317.6820313402290026, -23.81798626738900282 ) ) ;
#10725 = CARTESIAN_POINT ( 'NONE',  ( 61.08325663897633007, -235.0012190852928313, -37.59715130703918362 ) ) ;
#10726 = DIRECTION ( 'NONE',  ( 0.000000000000000000, -0.7071067811865475727, 0.7071067811865475727 ) ) ;
#10727 = VECTOR ( 'NONE', #7871, 999.9999999999998863 ) ;
#10728 = DIRECTION ( 'NONE',  ( 0.000000000000000000, 0.000000000000000000, 1.000000000000000000 ) ) ;
#10729 = DIRECTION ( 'NONE',  ( 0.000000000000000000, 0.000000000000000000, 1.000000000000000000 ) ) ;
#10730 = EDGE_CURVE ( 'NONE', #8111, #787, #4105, .T. ) ;
#10731 = CARTESIAN_POINT ( 'NONE',  ( 60.49817878399652216, -231.7306823140401377, -38.64866849139811222 ) ) ;
#10732 = VERTEX_POINT ( 'NONE', #6710 ) ;
#10733 = VERTEX_POINT ( 'NONE', #1572 ) ;
#10734 = CARTESIAN_POINT ( 'NONE',  ( 24.60588215633499587, -229.9909074294941149, -23.81798626738900282 ) ) ;
#10735 = VECTOR ( 'NONE', #1997, 1000.000000000000000 ) ;
#10736 = CARTESIAN_POINT ( 'NONE',  ( 61.45539837272279016, -291.1290409257584884, -38.82350835924432175 ) ) ;
#10737 = LINE ( 'NONE', #4722, #7550 ) ;
#10738 = DIRECTION ( 'NONE',  ( 1.000000000000000000, 0.000000000000000000, 0.000000000000000000 ) ) ;
#10739 = EDGE_CURVE ( 'NONE', #10112, #252, #3376, .T. ) ;
#10740 = DIRECTION ( 'NONE',  ( 0.000000000000000000, 0.000000000000000000, 1.000000000000000000 ) ) ;
#10741 = EDGE_CURVE ( 'NONE', #8920, #10803, #7553, .T. ) ;
#10742 = EDGE_CURVE ( 'NONE', #6582, #237, #3103, .T. ) ;
#10743 = AXIS2_PLACEMENT_3D ( 'NONE', #675, #10022, #4789 ) ;
#10744 = CARTESIAN_POINT ( 'NONE',  ( 58.78088215633500369, -297.0170138587166093, -38.11798626738899998 ) ) ;
#10745 = ORIENTED_EDGE ( 'NONE', *, *, #6476, .T. ) ;
#10746 = VERTEX_POINT ( 'NONE', #6879 ) ;
#10747 = ORIENTED_EDGE ( 'NONE', *, *, #5742, .F. ) ;
#10748 = UNCERTAINTY_MEASURE_WITH_UNIT (LENGTH_MEASURE( 1.000000000000000082E-05 ), #5158, 'distance_accuracy_value', 'NONE');
#10749 = ADVANCED_FACE ( 'NONE', ( #10980 ), #4554, .F. ) ;
#10750 = EDGE_LOOP ( 'NONE', ( #10639, #4059, #4728, #1351, #7699 ) ) ;
#10751 = ORIENTED_EDGE ( 'NONE', *, *, #6336, .T. ) ;
#10752 = DIRECTION ( 'NONE',  ( -0.7071067811865475727, 0.000000000000000000, -0.7071067811865475727 ) ) ;
#10753 = AXIS2_PLACEMENT_3D ( 'NONE', #9155, #2388, #9381 ) ;
#10754 = DIRECTION ( 'NONE',  ( 1.000000000000000000, 0.000000000000000000, 0.000000000000000000 ) ) ;
#10755 = EDGE_CURVE ( 'NONE', #2549, #6581, #10310, .T. ) ;
#10756 = DIRECTION ( 'NONE',  ( 0.000000000000000000, 0.000000000000000000, 1.000000000000000000 ) ) ;
#10757 = EDGE_CURVE ( 'NONE', #6487, #1304, #1136, .T. ) ;
#10758 = EDGE_CURVE ( 'NONE', #235, #6366, #2471, .T. ) ;
#10759 = LINE ( 'NONE', #2201, #8440 ) ;
#10760 = DIRECTION ( 'NONE',  ( -0.9957844558541816271, -0.09172413793103360857, 0.000000000000000000 ) ) ;
#10761 = AXIS2_PLACEMENT_3D ( 'NONE', #569, #9974, #4902 ) ;
#10762 = FACE_OUTER_BOUND ( 'NONE', #7582, .T. ) ;
#10763 = CIRCLE ( 'NONE', #5004, 7.250000000000006217 ) ;
#10764 = ORIENTED_EDGE ( 'NONE', *, *, #6556, .F. ) ;
#10765 = ORIENTED_EDGE ( 'NONE', *, *, #10214, .T. ) ;
#10766 = VERTEX_POINT ( 'NONE', #9354 ) ;
#10767 = CARTESIAN_POINT ( 'NONE',  ( 17.68336268632746311, -243.5474853865648299, -38.32387968285172519 ) ) ;
#10768 = AXIS2_PLACEMENT_3D ( 'NONE', #6859, #2447, #5894 ) ;
#10769 = AXIS2_PLACEMENT_3D ( 'NONE', #2417, #5008, #8455 ) ;
#10770 = CARTESIAN_POINT ( 'NONE',  ( 16.55196131219409494, -292.1268818262881268, -37.49073998957177878 ) ) ;
#10771 = DIRECTION ( 'NONE',  ( 0.000000000000000000, 0.000000000000000000, 1.000000000000000000 ) ) ;
#10772 = CARTESIAN_POINT ( 'NONE',  ( 23.78088215633500369, -205.8820313402289912, -44.11798626738900708 ) ) ;
#10773 = EDGE_CURVE ( 'NONE', #3702, #6379, #8876, .T. ) ;
#10774 = CARTESIAN_POINT ( 'NONE',  ( 15.82332476150190637, -237.5646898636259436, -40.61513999452218826 ) ) ;
#10775 = CARTESIAN_POINT ( 'NONE',  ( 61.78088215633500369, -326.3820313402290481, -43.61798626738902840 ) ) ;
#10776 = ORIENTED_EDGE ( 'NONE', *, *, #5033, .T. ) ;
#10777 = CIRCLE ( 'NONE', #4302, 1.500000000000001332 ) ;
#10778 = AXIS2_PLACEMENT_3D ( 'NONE', #3812, #4494, #7032 ) ;
#10779 = ORIENTED_EDGE ( 'NONE', *, *, #807, .F. ) ;
#10780 = CARTESIAN_POINT ( 'NONE',  ( 61.69264614332654162, -290.6112489440163245, -40.39001320122279282 ) ) ;
#10781 = CARTESIAN_POINT ( 'NONE',  ( 50.78088215633499658, -315.3820313402289912, -38.11798626738899998 ) ) ;
#10782 = CARTESIAN_POINT ( 'NONE',  ( 23.11039738528239340, -285.7787726531357748, -25.31347103844161595 ) ) ;
#10783 = DIRECTION ( 'NONE',  ( 0.000000000000000000, 0.000000000000000000, 1.000000000000000000 ) ) ;
#10784 = CARTESIAN_POINT ( 'NONE',  ( 61.66304139745438562, -235.7269826909022186, -40.28257571323609909 ) ) ;
#10785 = VECTOR ( 'NONE', #4050, 1000.000000000000000 ) ;
#10786 = DIRECTION ( 'NONE',  ( 0.000000000000000000, 1.000000000000000000, 0.000000000000000000 ) ) ;
#10787 = VECTOR ( 'NONE', #557, 1000.000000000000000 ) ;
#10788 = DIRECTION ( 'NONE',  ( 0.000000000000000000, 0.000000000000000000, 1.000000000000000000 ) ) ;
#10789 = DIRECTION ( 'NONE',  ( 0.000000000000000000, 0.000000000000000000, -1.000000000000000000 ) ) ;
#10790 = CARTESIAN_POINT ( 'NONE',  ( 57.38088215633500511, -289.9034704378889273, -43.11798626738900708 ) ) ;
#10791 = DIRECTION ( 'NONE',  ( 1.000000000000000000, 0.000000000000000000, 0.000000000000000000 ) ) ;
#10792 = ORIENTED_EDGE ( 'NONE', *, *, #10741, .T. ) ;
#10793 = CONICAL_SURFACE ( 'NONE', #6655, 2.299999999999996270, 0.7853981633974490562 ) ;
#10794 = ORIENTED_EDGE ( 'NONE', *, *, #11099, .T. ) ;
#10795 = LINE ( 'NONE', #7363, #170 ) ;
#10796 = CARTESIAN_POINT ( 'NONE',  ( 60.94058352301639303, -292.2350741980469593, -37.34033532105082287 ) ) ;
#10797 = DIRECTION ( 'NONE',  ( 1.000000000000000000, 0.000000000000000000, 0.000000000000000000 ) ) ;
#10798 = CARTESIAN_POINT ( 'NONE',  ( 55.61001185207917530, -232.7534420467136727, -25.08861810882288879 ) ) ;
#10799 = EDGE_CURVE ( 'NONE', #6593, #5030, #1804, .T. ) ;
#10800 = CARTESIAN_POINT ( 'NONE',  ( 56.86627447120120848, -285.6909814539946524, -24.52822936227232731 ) ) ;
#10801 = CIRCLE ( 'NONE', #3065, 2.999999999999979128 ) ;
#10802 = CARTESIAN_POINT ( 'NONE',  ( 61.42909772674291702, -291.2517352134788098, -39.61344321340554586 ) ) ;
#10803 = VERTEX_POINT ( 'NONE', #5071 ) ;
#10804 = ORIENTED_EDGE ( 'NONE', *, *, #6617, .F. ) ;
#10805 = ORIENTED_EDGE ( 'NONE', *, *, #3928, .F. ) ;
#10806 = ORIENTED_EDGE ( 'NONE', *, *, #3986, .T. ) ;
#10807 = LINE ( 'NONE', #5630, #9861 ) ;
#10808 = PRODUCT_RELATED_PRODUCT_CATEGORY ( 'part', '', ( #10520 ) ) ;
#10809 = VERTEX_POINT ( 'NONE', #7494 ) ;
#10810 = ADVANCED_FACE ( 'NONE', ( #6650 ), #8516, .F. ) ;
#10811 = CARTESIAN_POINT ( 'NONE',  ( 57.44588215633498862, -237.2108035506304873, -24.51798626738900921 ) ) ;
#10812 = CARTESIAN_POINT ( 'NONE',  ( 56.78088215633500369, -282.6783406812686508, -43.11798626738900708 ) ) ;
#10813 = DIRECTION ( 'NONE',  ( 1.000000000000000000, 0.000000000000000000, 0.000000000000000000 ) ) ;
#10814 = CARTESIAN_POINT ( 'NONE',  ( 38.84338215633500369, -266.1320313402289912, -26.81798626738900282 ) ) ;
#10815 = DIRECTION ( 'NONE',  ( 1.000000000000000000, 0.000000000000000000, 0.000000000000000000 ) ) ;
#10816 = VECTOR ( 'NONE', #11000, 1000.000000000000000 ) ;
#10817 = LINE ( 'NONE', #3097, #9690 ) ;
#10818 = ORIENTED_EDGE ( 'NONE', *, *, #10951, .T. ) ;
#10819 = VERTEX_POINT ( 'NONE', #6995 ) ;
#10820 = ORIENTED_EDGE ( 'NONE', *, *, #4635, .T. ) ;
#10821 = EDGE_CURVE ( 'NONE', #6379, #10357, #975, .T. ) ;
#10822 = ADVANCED_FACE ( 'NONE', ( #1073, #3499, #7047, #4399, #1866 ), #5297, .F. ) ;
#10823 = EDGE_CURVE ( 'NONE', #4253, #1977, #5545, .T. ) ;
#10824 = AXIS2_PLACEMENT_3D ( 'NONE', #9625, #3810, #3752 ) ;
#10825 = CARTESIAN_POINT ( 'NONE',  ( 18.54351295034081915, -244.2478933892658688, -38.11798626738899998 ) ) ;
#10826 = AXIS2_PLACEMENT_3D ( 'NONE', #4637, #8872, #5368 ) ;
#10827 = CARTESIAN_POINT ( 'NONE',  ( 15.95095468947670447, -290.3393421128292289, -40.05893585573181781 ) ) ;
#10828 = FACE_OUTER_BOUND ( 'NONE', #3329, .T. ) ;
#10829 = CARTESIAN_POINT ( 'NONE',  ( 23.96705801488662146, -235.2522010980361529, -24.45681040883738078 ) ) ;
#10830 = DIRECTION ( 'NONE',  ( 0.000000000000000000, 0.000000000000000000, 1.000000000000000000 ) ) ;
#10831 = CARTESIAN_POINT ( 'NONE',  ( 27.03088215633500724, -326.3820313402290481, 105.9245421747346825 ) ) ;
#10832 = ORIENTED_EDGE ( 'NONE', *, *, #293, .F. ) ;
#10833 = VECTOR ( 'NONE', #5746, 1000.000000000000000 ) ;
#10834 = EDGE_LOOP ( 'NONE', ( #6932, #3259, #4560, #7717 ) ) ;
#10835 = CARTESIAN_POINT ( 'NONE',  ( 61.60781436776635189, -288.1940680310939911, -40.10572970337383936 ) ) ;
#10836 = EDGE_CURVE ( 'NONE', #9758, #3211, #4509, .T. ) ;
#10837 = LINE ( 'NONE', #3121, #22 ) ;
#10838 = AXIS2_PLACEMENT_3D ( 'NONE', #1749, #9413, #4953 ) ;
#10839 = FACE_OUTER_BOUND ( 'NONE', #4126, .T. ) ;
#10840 = DIRECTION ( 'NONE',  ( 1.000000000000000000, 0.000000000000000000, 0.000000000000000000 ) ) ;
#10841 = CARTESIAN_POINT ( 'NONE',  ( 59.41771801697971966, -241.0932104592461371, -37.95245476808741358 ) ) ;
#10842 = CIRCLE ( 'NONE', #2572, 4.250000000000003553 ) ;
#10843 = FACE_OUTER_BOUND ( 'NONE', #8966, .T. ) ;
#10844 = CARTESIAN_POINT ( 'NONE',  ( 44.93088215633500226, -293.2570313402289912, -24.31798626738900282 ) ) ;
#10845 = CARTESIAN_POINT ( 'NONE',  ( 57.44588215633498862, -237.2108035506304873, -45.13880154756031970 ) ) ;
#10846 = CARTESIAN_POINT ( 'NONE',  ( 60.93028558512044413, -232.6294213274433673, -39.01695067736547884 ) ) ;
#10847 = CARTESIAN_POINT ( 'NONE',  ( 25.40588215633500369, -269.7855313402289994, -33.11798626738899998 ) ) ;
#10848 = ORIENTED_EDGE ( 'NONE', *, *, #793, .F. ) ;
#10849 = ORIENTED_EDGE ( 'NONE', *, *, #2197, .T. ) ;
#10850 = FACE_BOUND ( 'NONE', #4390, .T. ) ;
#10851 = CARTESIAN_POINT ( 'NONE',  ( 29.65588215633500369, -221.8820313402289912, -26.81798626738900282 ) ) ;
#10852 = CARTESIAN_POINT ( 'NONE',  ( 32.13088215633499800, -266.1320313402289912, -23.81798626738900282 ) ) ;
#10853 = CARTESIAN_POINT ( 'NONE',  ( 56.78088215633500369, -229.9913662456876580, -23.81798626738900282 ) ) ;
#10854 = CYLINDRICAL_SURFACE ( 'NONE', #967, 3.250000000000002665 ) ;
#10855 = LINE ( 'NONE', #4937, #4357 ) ;
#10856 = AXIS2_PLACEMENT_3D ( 'NONE', #2000, #9765, #8029 ) ;
#10857 = CARTESIAN_POINT ( 'NONE',  ( 58.24889725994708556, -294.0641646435459506, -38.07440690541640294 ) ) ;
#10858 = ORIENTED_EDGE ( 'NONE', *, *, #6461, .F. ) ;
#10859 = ORIENTED_EDGE ( 'NONE', *, *, #8483, .F. ) ;
#10860 = ORIENTED_EDGE ( 'NONE', *, *, #5358, .T. ) ;
#10861 = ORIENTED_EDGE ( 'NONE', *, *, #1371, .F. ) ;
#10862 = DIRECTION ( 'NONE',  ( 1.000000000000000000, 0.000000000000000000, 0.000000000000000000 ) ) ;
#10863 = ORIENTED_EDGE ( 'NONE', *, *, #8194, .F. ) ;
#10864 = CARTESIAN_POINT ( 'NONE',  ( 53.78088215633500369, -205.8820313402289912, -44.11798626738899998 ) ) ;
#10865 = ADVANCED_FACE ( 'NONE', ( #6202, #1915 ), #5345, .T. ) ;
#10866 = CARTESIAN_POINT ( 'NONE',  ( 54.20891124334503530, -295.2985276574405589, -24.94601535439904083 ) ) ;
#10867 = CARTESIAN_POINT ( 'NONE',  ( 25.40588215633500369, -316.8820313402290481, -26.81798626738900282 ) ) ;
#10868 = PLANE ( 'NONE',  #1970 ) ;
#10869 = CARTESIAN_POINT ( 'NONE',  ( 56.78088215633500369, -229.9913662456876580, -35.11798626738899998 ) ) ;
#10870 = ADVANCED_FACE ( 'NONE', ( #4341 ), #7784, .T. ) ;
#10871 = CARTESIAN_POINT ( 'NONE',  ( 21.41588215633501591, -237.2108035506304873, -43.11798626738900708 ) ) ;
#10872 =( REPRESENTATION_RELATIONSHIP ('NONE','NONE', #8880, #1666 ) REPRESENTATION_RELATIONSHIP_WITH_TRANSFORMATION ( #2565 )SHAPE_REPRESENTATION_RELATIONSHIP( ) );
#10873 = ORIENTED_EDGE ( 'NONE', *, *, #4011, .F. ) ;
#10874 = ORIENTED_EDGE ( 'NONE', *, *, #5582, .T. ) ;
#10875 = VERTEX_POINT ( 'NONE', #2649 ) ;
#10876 = CARTESIAN_POINT ( 'NONE',  ( 32.13338666512209585, -316.8836328311541024, -25.74549077617600190 ) ) ;
#10877 = CARTESIAN_POINT ( 'NONE',  ( 17.66693440568234408, -293.3396975553349648, -35.84358531577816365 ) ) ;
#10878 = CARTESIAN_POINT ( 'NONE',  ( 20.24588215633502131, -237.2108035506304873, -24.51798626738901632 ) ) ;
#10879 = CARTESIAN_POINT ( 'NONE',  ( 58.94521548966839930, -289.3106980068956773, -12.22865293405560294 ) ) ;
#10880 = DIRECTION ( 'NONE',  ( 0.000000000000000000, 1.000000000000000000, 0.000000000000000000 ) ) ;
#10881 = ADVANCED_FACE ( 'NONE', ( #1809 ), #7080, .T. ) ;
#10882 = CARTESIAN_POINT ( 'NONE',  ( 25.40588215633500369, -234.8330313402290130, -33.11798626738899998 ) ) ;
#10883 = ADVANCED_FACE ( 'NONE', ( #2708, #5224, #3416 ), #9274, .T. ) ;
#10884 = EDGE_CURVE ( 'NONE', #4671, #3895, #2398, .T. ) ;
#10885 = ORIENTED_EDGE ( 'NONE', *, *, #6770, .T. ) ;
#10886 = ORIENTED_EDGE ( 'NONE', *, *, #78, .F. ) ;
#10888 = EDGE_CURVE ( 'NONE', #10356, #5461, #5844, .T. ) ;
#10887 = ORIENTED_EDGE ( 'NONE', *, *, #5432, .F. ) ;
#10889 = CARTESIAN_POINT ( 'NONE',  ( 61.30667711141935428, -286.5774100979737113, -39.49269508273177820 ) ) ;
#10890 = VECTOR ( 'NONE', #10493, 1000.000000000000000 ) ;
#10891 = DIRECTION ( 'NONE',  ( -0.000000000000000000, -0.000000000000000000, -1.000000000000000000 ) ) ;
#10892 = LINE ( 'NONE', #2439, #2909 ) ;
#10893 = CARTESIAN_POINT ( 'NONE',  ( 59.19815656681152660, -241.1930495653080584, -37.91242504087954757 ) ) ;
#10894 = CARTESIAN_POINT ( 'NONE',  ( 38.84338215633500369, -266.1320313402289912, -38.11798626738899998 ) ) ;
#10895 = CARTESIAN_POINT ( 'NONE',  ( 20.24588215633502131, -237.2108035506304873, -24.51798626738901632 ) ) ;
#10896 = SURFACE_SIDE_STYLE ('',( #4926 ) ) ;
#10897 = ADVANCED_FACE ( 'NONE', ( #2513 ), #8606, .F. ) ;
#10898 = CARTESIAN_POINT ( 'NONE',  ( 59.39814765961331489, -230.4244072254976743, -38.17843358142612686 ) ) ;
#10899 = AXIS2_PLACEMENT_3D ( 'NONE', #1281, #3020, #8324 ) ;
#10900 = DIRECTION ( 'NONE',  ( 0.000000000000000000, 0.000000000000000000, 1.000000000000000000 ) ) ;
#10901 = ORIENTED_EDGE ( 'NONE', *, *, #578, .F. ) ;
#10902 = VERTEX_POINT ( 'NONE', #5958 ) ;
#10903 = DIRECTION ( 'NONE',  ( -1.000000000000000000, 0.000000000000000000, 0.000000000000000000 ) ) ;
#10904 = DIRECTION ( 'NONE',  ( 0.000000000000000000, 0.000000000000000000, 1.000000000000000000 ) ) ;
#10905 = CARTESIAN_POINT ( 'NONE',  ( 44.93088215633500226, -224.8520313402290185, -26.81798626738900282 ) ) ;
#10906 = VECTOR ( 'NONE', #6898, 1000.000000000000000 ) ;
#10907 = LINE ( 'NONE', #4992, #6964 ) ;
#10908 = DIRECTION ( 'NONE',  ( -0.000000000000000000, 1.000000000000000000, -0.000000000000000000 ) ) ;
#10909 = CARTESIAN_POINT ( 'NONE',  ( 53.08088215633499374, -266.1320313402289912, -23.81798626738900282 ) ) ;
#10910 = CARTESIAN_POINT ( 'NONE',  ( 58.20157181150742076, -294.0734786500982523, -35.11798626738899998 ) ) ;
#10911 = ORIENTED_EDGE ( 'NONE', *, *, #1533, .F. ) ;
#10912 = VECTOR ( 'NONE', #3160, 1000.000000000000000 ) ;
#10913 = VERTEX_POINT ( 'NONE', #832 ) ;
#10914 = ORIENTED_EDGE ( 'NONE', *, *, #9871, .T. ) ;
#10915 = EDGE_LOOP ( 'NONE', ( #3281, #10341, #10925, #3543 ) ) ;
#10916 = DIRECTION ( 'NONE',  ( 0.000000000000000000, 1.000000000000000000, 0.000000000000000000 ) ) ;
#10917 = ORIENTED_EDGE ( 'NONE', *, *, #302, .F. ) ;
#10918 = CARTESIAN_POINT ( 'NONE',  ( 21.05957606655623948, -241.4327777068630496, -24.56640134563338407 ) ) ;
#10919 = DIRECTION ( 'NONE',  ( 0.000000000000000000, 0.000000000000000000, -1.000000000000000000 ) ) ;
#10920 = AXIS2_PLACEMENT_3D ( 'NONE', #5578, #1355, #2199 ) ;
#10921 = DIRECTION ( 'NONE',  ( 0.000000000000000000, 0.000000000000000000, -1.000000000000000000 ) ) ;
#10922 = DIRECTION ( 'NONE',  ( 0.000000000000000000, -1.000000000000000000, 0.000000000000000000 ) ) ;
#10923 = CARTESIAN_POINT ( 'NONE',  ( 23.90588215633500724, -243.4770126862794939, -24.51798626738900566 ) ) ;
#10924 = CARTESIAN_POINT ( 'NONE',  ( 45.43088215633500937, -266.3950313402290249, -23.81798626738900282 ) ) ;
#10925 = ORIENTED_EDGE ( 'NONE', *, *, #7438, .F. ) ;
#10926 = ORIENTED_EDGE ( 'NONE', *, *, #3470, .F. ) ;
#10927 = VERTEX_POINT ( 'NONE', #7765 ) ;
#10928 = VECTOR ( 'NONE', #10475, 1000.000000000000000 ) ;
#10929 = LINE ( 'NONE', #2258, #6313 ) ;
#10930 = EDGE_CURVE ( 'NONE', #804, #2434, #6862, .T. ) ;
#10931 = CARTESIAN_POINT ( 'NONE',  ( 17.70648355875342972, -296.2295277807705816, -38.31499467836563610 ) ) ;
#10932 = LINE ( 'NONE', #8404, #7500 ) ;
#10933 = FACE_OUTER_BOUND ( 'NONE', #7836, .T. ) ;
#10934 = CIRCLE ( 'NONE', #9692, 3.250000000000002665 ) ;
#10935 = CARTESIAN_POINT ( 'NONE',  ( 56.03308204783888868, -241.5191114098254843, -24.79970010868141372 ) ) ;
#10936 = FACE_OUTER_BOUND ( 'NONE', #8124, .T. ) ;
#10937 = ORIENTED_EDGE ( 'NONE', *, *, #3253, .F. ) ;
#10938 = ORIENTED_EDGE ( 'NONE', *, *, #8477, .F. ) ;
#10939 = AXIS2_PLACEMENT_3D ( 'NONE', #9058, #2281, #3979 ) ;
#10940 = ORIENTED_EDGE ( 'NONE', *, *, #2333, .T. ) ;
#10941 = CARTESIAN_POINT ( 'NONE',  ( 60.89924601462972475, -294.4808637319588343, -38.98603724868127784 ) ) ;
#10942 = CIRCLE ( 'NONE', #1235, 5.000000000000004441 ) ;
#10943 = B_SPLINE_CURVE_WITH_KNOTS ( 'NONE', 3,
 ( #2986, #3721, #2142, #7221, #1984, #4621, #242, #3675, #9751, #10704 ),
 .UNSPECIFIED., .F., .F.,
 ( 4, 2, 2, 2, 4 ),
 ( 0.002200413701368320214, 0.003537066584378425159, 0.004873719467388530104, 0.006210372350398635048, 0.007547025233408739993 ),
 .UNSPECIFIED. ) ;
#10944 = CARTESIAN_POINT ( 'NONE',  ( 44.93088215633500226, -257.9950313402289908, -23.81798626738900282 ) ) ;
#10945 = EDGE_CURVE ( 'NONE', #10036, #7379, #11126, .T. ) ;
#10946 = LINE ( 'NONE', #3229, #5601 ) ;
#10947 = DIRECTION ( 'NONE',  ( -0.000000000000000000, -0.000000000000000000, -1.000000000000000000 ) ) ;
#10948 = DIRECTION ( 'NONE',  ( 0.000000000000000000, -1.000000000000000000, 0.000000000000000000 ) ) ;
#10949 = LINE ( 'NONE', #3233, #9852 ) ;
#10950 = LINE ( 'NONE', #4816, #3455 ) ;
#10951 = EDGE_CURVE ( 'NONE', #6099, #10178, #4741, .T. ) ;
#10952 = AXIS2_PLACEMENT_3D ( 'NONE', #985, #10440, #8752 ) ;
#10953 = CYLINDRICAL_SURFACE ( 'NONE', #10952, 1.300000000000023359 ) ;
#10954 = VERTEX_POINT ( 'NONE', #6685 ) ;
#10955 = ORIENTED_EDGE ( 'NONE', *, *, #6837, .T. ) ;
#10956 = CARTESIAN_POINT ( 'NONE',  ( 22.07741402984463619, -232.7527026915207102, -25.08765142937645010 ) ) ;
#10957 = EDGE_CURVE ( 'NONE', #4496, #2833, #6362, .T. ) ;
#10958 = DIRECTION ( 'NONE',  ( 0.000000000000000000, 0.000000000000000000, -1.000000000000000000 ) ) ;
#10959 = DIRECTION ( 'NONE',  ( 0.000000000000000000, 0.000000000000000000, 1.000000000000000000 ) ) ;
#10961 = EDGE_CURVE ( 'NONE', #3714, #5537, #1784, .T. ) ;
#10960 = AXIS2_PLACEMENT_3D ( 'NONE', #1122, #7312, #1224 ) ;
#10962 = ADVANCED_FACE ( 'NONE', ( #4991 ), #718, .T. ) ;
#10963 = DIRECTION ( 'NONE',  ( -1.000000000000000000, -1.822188525185719948E-16, 0.000000000000000000 ) ) ;
#10964 = CARTESIAN_POINT ( 'NONE',  ( 58.78088215633499658, -266.1320313402289912, -38.11798626738899998 ) ) ;
#10965 = DIRECTION ( 'NONE',  ( 0.000000000000000000, 0.000000000000000000, -1.000000000000000000 ) ) ;
#10966 = CARTESIAN_POINT ( 'NONE',  ( 59.37038212712256779, -293.7734689156879426, -37.93760748509970426 ) ) ;
#10967 = VECTOR ( 'NONE', #9721, 1000.000000000000000 ) ;
#10968 = ORIENTED_EDGE ( 'NONE', *, *, #9792, .T. ) ;
#10969 = ORIENTED_EDGE ( 'NONE', *, *, #1331, .F. ) ;
#10970 = ORIENTED_EDGE ( 'NONE', *, *, #1589, .F. ) ;
#10971 = ORIENTED_EDGE ( 'NONE', *, *, #5320, .T. ) ;
#10972 = CARTESIAN_POINT ( 'NONE',  ( 60.69588215633499573, -237.2108035506304873, -23.81798626738900282 ) ) ;
#10973 = ORIENTED_EDGE ( 'NONE', *, *, #9396, .F. ) ;
#10974 = CARTESIAN_POINT ( 'NONE',  ( 22.16492120956025857, -241.7025545999671579, -25.15143614141949513 ) ) ;
#10975 = EDGE_CURVE ( 'NONE', #2190, #9849, #4259, .T. ) ;
#10976 = VECTOR ( 'NONE', #2788, 1000.000000000000000 ) ;
#10977 = CYLINDRICAL_SURFACE ( 'NONE', #6519, 3.000000000000002665 ) ;
#10978 = CYLINDRICAL_SURFACE ( 'NONE', #3373, 2.999999999999999112 ) ;
#10979 = FACE_BOUND ( 'NONE', #5148, .T. ) ;
#10980 = FACE_OUTER_BOUND ( 'NONE', #6298, .T. ) ;
#10981 = DIRECTION ( 'NONE',  ( 1.000000000000000000, 0.000000000000000000, 0.000000000000000000 ) ) ;
#10982 = EDGE_LOOP ( 'NONE', ( #9080, #3132 ) ) ;
#10983 = ORIENTED_EDGE ( 'NONE', *, *, #8271, .F. ) ;
#10984 = CIRCLE ( 'NONE', #2005, 3.249999999999999556 ) ;
#10985 = VERTEX_POINT ( 'NONE', #4146 ) ;
#10986 = CARTESIAN_POINT ( 'NONE',  ( 15.95421270252670176, -238.0806295717385979, -39.44716515937820134 ) ) ;
#10987 = CARTESIAN_POINT ( 'NONE',  ( 15.88107312501541735, -290.7847652793332713, -40.34803822528879635 ) ) ;
#10988 = DIRECTION ( 'NONE',  ( -1.000000000000000000, 0.000000000000000000, 0.000000000000000000 ) ) ;
#10989 = VECTOR ( 'NONE', #8090, 1000.000000000000000 ) ;
#10990 = DIRECTION ( 'NONE',  ( -1.000000000000000000, 0.000000000000000000, 0.000000000000000000 ) ) ;
#10991 = DIRECTION ( 'NONE',  ( 1.000000000000000000, -0.000000000000000000, 0.000000000000000000 ) ) ;
#10992 = CARTESIAN_POINT ( 'NONE',  ( 53.83097091236393794, -234.8820313402289912, -24.56807502341793992 ) ) ;
#10993 = DIRECTION ( 'NONE',  ( 1.000000000000000000, 0.000000000000000000, 0.000000000000000000 ) ) ;
#10994 = EDGE_LOOP ( 'NONE', ( #10806, #6420, #2220, #1813 ) ) ;
#10995 = ORIENTED_EDGE ( 'NONE', *, *, #136, .T. ) ;
#10996 = ORIENTED_EDGE ( 'NONE', *, *, #5033, .F. ) ;
#10997 = CARTESIAN_POINT ( 'NONE',  ( 53.63525783020999427, -235.6373028709174662, -24.37236194126398203 ) ) ;
#10998 = DIRECTION ( 'NONE',  ( 0.000000000000000000, 0.000000000000000000, 1.000000000000000000 ) ) ;
#10999 = EDGE_CURVE ( 'NONE', #1451, #6216, #5051, .T. ) ;
#11000 = DIRECTION ( 'NONE',  ( 1.000000000000000000, 0.000000000000000000, 0.000000000000000000 ) ) ;
#11001 = CARTESIAN_POINT ( 'NONE',  ( 58.22846836323154918, -241.3881303069155422, -35.11798626738899998 ) ) ;
#11002 = CARTESIAN_POINT ( 'NONE',  ( 16.54445176411081420, -294.1708929518121636, -39.11182083572975898 ) ) ;
#11003 = DIRECTION ( 'NONE',  ( 0.000000000000000000, 0.000000000000000000, -1.000000000000000000 ) ) ;
#11004 = DIRECTION ( 'NONE',  ( 0.000000000000000000, -1.000000000000000000, 0.000000000000000000 ) ) ;
#11005 = VECTOR ( 'NONE', #4, 1000.000000000000000 ) ;
#11006 = CARTESIAN_POINT ( 'NONE',  ( 28.90588215633500013, -269.7855313402289994, 223.6996348679430184 ) ) ;
#11007 = EDGE_CURVE ( 'NONE', #3714, #6929, #778, .T. ) ;
#11008 = ORIENTED_EDGE ( 'NONE', *, *, #7536, .T. ) ;
#11009 = ORIENTED_EDGE ( 'NONE', *, *, #2126, .F. ) ;
#11010 = CYLINDRICAL_SURFACE ( 'NONE', #6290, 1.500000000000001332 ) ;
#11011 = VECTOR ( 'NONE', #1479, 1000.000000000000000 ) ;
#11012 = LINE ( 'NONE', #4087, #5501 ) ;
#11013 = CARTESIAN_POINT ( 'NONE',  ( 38.84338215633500369, -313.3820313402289912, -38.11798626738899998 ) ) ;
#11014 = DIRECTION ( 'NONE',  ( 1.000000000000000000, 0.000000000000000000, 0.000000000000000000 ) ) ;
#11015 = DIRECTION ( 'NONE',  ( 0.000000000000000000, 0.000000000000000000, 1.000000000000000000 ) ) ;
#11016 = CARTESIAN_POINT ( 'NONE',  ( 22.88256279568981100, -233.2871515236821836, -24.98927744278870478 ) ) ;
#11017 = DIRECTION ( 'NONE',  ( 0.000000000000000000, 0.000000000000000000, 1.000000000000000000 ) ) ;
#11018 = CARTESIAN_POINT ( 'NONE',  ( 23.90588215633500369, -220.8820313402289912, -23.81798626738900282 ) ) ;
#11019 = DIRECTION ( 'NONE',  ( 0.000000000000000000, 0.000000000000000000, -1.000000000000000000 ) ) ;
#11020 = AXIS2_PLACEMENT_3D ( 'NONE', #6108, #9542, #982 ) ;
#11021 = EDGE_CURVE ( 'NONE', #11053, #10299, #2391, .T. ) ;
#11022 = EDGE_CURVE ( 'NONE', #4240, #3813, #2940, .T. ) ;
#11023 = ORIENTED_EDGE ( 'NONE', *, *, #9473, .F. ) ;
#11024 = ADVANCED_FACE ( 'NONE', ( #2451 ), #5164, .F. ) ;
#11025 = ORIENTED_EDGE ( 'NONE', *, *, #6399, .T. ) ;
#11026 = ORIENTED_EDGE ( 'NONE', *, *, #3947, .T. ) ;
#11027 = ORIENTED_EDGE ( 'NONE', *, *, #215, .T. ) ;
#11028 = LINE ( 'NONE', #9284, #6443 ) ;
#11029 = ORIENTED_EDGE ( 'NONE', *, *, #9084, .F. ) ;
#11030 = CARTESIAN_POINT ( 'NONE',  ( 53.78088215633500369, -333.8820313402291049, -44.11798626738900708 ) ) ;
#11031 = ADVANCED_FACE ( 'NONE', ( #9332 ), #10111, .F. ) ;
#11032 = CIRCLE ( 'NONE', #10671, 1.299999999999999156 ) ;
#11033 = ADVANCED_FACE ( 'NONE', ( #3129 ), #3918, .F. ) ;
#11034 = AXIS2_PLACEMENT_3D ( 'NONE', #9424, #3389, #865 ) ;
#11035 = CARTESIAN_POINT ( 'NONE',  ( 20.90588215633500369, -297.1171293569119030, -35.11798626738899998 ) ) ;
#11036 = CARTESIAN_POINT ( 'NONE',  ( 61.65961855724015805, -236.6426871517230097, -39.79399373100244475 ) ) ;
#11037 = LINE ( 'NONE', #6035, #5920 ) ;
#11038 = PLANE ( 'NONE',  #10838 ) ;
#11039 = CARTESIAN_POINT ( 'NONE',  ( 55.74588215633499289, -237.2108035506304873, -27.21798626738900140 ) ) ;
#11040 = EDGE_CURVE ( 'NONE', #2588, #6417, #421, .T. ) ;
#11041 = ORIENTED_EDGE ( 'NONE', *, *, #182, .F. ) ;
#11042 = ORIENTED_EDGE ( 'NONE', *, *, #6555, .F. ) ;
#11043 = ORIENTED_EDGE ( 'NONE', *, *, #9865, .F. ) ;
#11044 = CARTESIAN_POINT ( 'NONE',  ( 15.86559072799216530, -236.0900439565802458, -40.40674161433143752 ) ) ;
#11045 = FACE_OUTER_BOUND ( 'NONE', #4837, .T. ) ;
#11046 = CARTESIAN_POINT ( 'NONE',  ( 16.01617791159860360, -289.0120853271481565, -39.87563857481026020 ) ) ;
#11047 = CARTESIAN_POINT ( 'NONE',  ( 29.78088215633500369, -291.7770313402290299, -23.81798626738900282 ) ) ;
#11048 = DIRECTION ( 'NONE',  ( -0.000000000000000000, -0.000000000000000000, 1.000000000000000000 ) ) ;
#11049 = DIRECTION ( 'NONE',  ( 0.000000000000000000, -1.000000000000000000, 0.000000000000000000 ) ) ;
#11050 = DIRECTION ( 'NONE',  ( -2.906342996400940115E-16, 1.000000000000000000, 0.000000000000000000 ) ) ;
#11051 = LINE ( 'NONE', #8648, #5157 ) ;
#11052 = ORIENTED_EDGE ( 'NONE', *, *, #8777, .T. ) ;
#11053 = VERTEX_POINT ( 'NONE', #6619 ) ;
#11054 = ORIENTED_EDGE ( 'NONE', *, *, #1384, .F. ) ;
#11055 = FACE_BOUND ( 'NONE', #8967, .T. ) ;
#11056 = CARTESIAN_POINT ( 'NONE',  ( 15.86527135978279368, -237.2537403105899898, -40.11772882855427014 ) ) ;
#11057 = FACE_OUTER_BOUND ( 'NONE', #8048, .T. ) ;
#11058 = CARTESIAN_POINT ( 'NONE',  ( 60.51027001039854269, -240.1657358896154335, -36.53605867781524097 ) ) ;
#11059 = DIRECTION ( 'NONE',  ( -0.000000000000000000, 1.000000000000000000, -0.000000000000000000 ) ) ;
#11060 = CARTESIAN_POINT ( 'NONE',  ( 57.05605457012809723, -232.9787196132502061, -43.11798626738900708 ) ) ;
#11061 = FACE_OUTER_BOUND ( 'NONE', #3569, .T. ) ;
#11062 = VERTEX_POINT ( 'NONE', #4983 ) ;
#11063 = EDGE_LOOP ( 'NONE', ( #9602, #10832, #2927, #2709 ) ) ;
#11064 = CARTESIAN_POINT ( 'NONE',  ( 53.08088215633500084, -234.8820313402289912, -23.81798626738900282 ) ) ;
#11065 = CARTESIAN_POINT ( 'NONE',  ( 20.24588215633502131, -237.2108035506304873, -23.81798626738900282 ) ) ;
#11066 = DIRECTION ( 'NONE',  ( -1.000000000000000000, -0.000000000000000000, 0.000000000000000000 ) ) ;
#11067 = DIRECTION ( 'NONE',  ( -0.000000000000000000, -0.000000000000000000, 1.000000000000000000 ) ) ;
#11068 = CARTESIAN_POINT ( 'NONE',  ( 20.90588215633500369, -234.8820313402289912, -23.81798626738900282 ) ) ;
#11069 = CARTESIAN_POINT ( 'NONE',  ( 23.85807684609871160, -234.8820313402289912, -24.56579157762529420 ) ) ;
#11070 = EDGE_CURVE ( 'NONE', #10809, #1779, #1550, .T. ) ;
#11071 = LINE ( 'NONE', #5114, #3654 ) ;
#11072 = DIRECTION ( 'NONE',  ( 0.000000000000000000, -1.000000000000000000, 0.000000000000000000 ) ) ;
#11073 = CARTESIAN_POINT ( 'NONE',  ( 28.90588215633500013, -268.2855313402289994, 223.6996348679430184 ) ) ;
#11074 = EDGE_LOOP ( 'NONE', ( #6302, #10358, #7273, #10415, #827, #2347, #10971, #3255 ) ) ;
#11075 = VERTEX_POINT ( 'NONE', #4818 ) ;
#11076 = VERTEX_POINT ( 'NONE', #4768 ) ;
#11077 = EDGE_LOOP ( 'NONE', ( #10643, #9471, #3706, #1738 ) ) ;
#11078 = CARTESIAN_POINT ( 'NONE',  ( 56.78088215633500369, -244.4302408555732882, -35.11798626738899998 ) ) ;
#11079 = CLOSED_SHELL ( 'NONE', ( #8014, #40, #5502, #5105, #10897, #5236, #5721, #9795, #4145, #164, #1101, #10412, #8609, #9813, #9451, #8969, #4514, #4361, #4363, #7264, #5666, #4895, #782, #7109, #9460, #1299, #8222, #11113, #10662, #9606, #10549, #10139, #1955, #4766, #7190, #1715, #2888, #3772, #1462, #3797, #1737, #3248, #3038, #654, #6981, #2771, #7320, #1251, #6758, #2636, #7667, #4502, #8747, #10429, #9094, #9455, #9863, #7520, #4286, #10822, #2705, #3117, #1882, #9842, #5934, #9926, #2413, #9785, #3822, #7045, #11031, #6261, #2920, #8638, #7099, #7504, #6704, #7111, #8961, #7581, #4025, #9647, #6956, #3531, #7125, #5122, #2461, #2415, #3335, #561, #7818, #1999, #10527, #5732, #8139, #1821, #4080, #768, #2301, #5523, #1186, #6425, #8774, #5514, #4698, #1526, #9224, #2475, #7718, #9508, #984, #8024, #8570, #7583, #4897, #1453, #10962, #10326, #8563, #9378, #3610, #2203, #7562, #10619, #1255, #8407, #6911, #5773, #3467, #4408, #2098, #364, #9937, #6144, #9659, #402, #3322, #5600, #10692, #9661, #997, #8072, #2829, #7873, #4834, #4435, #10270, #7267, #4337, #704, #10865, #7525, #425, #1249, #5708, #6967, #4432, #8353, #10881, #7201, #6490, #3190, #3548, #6504, #6411, #4262, #8763, #11090, #4144, #9936, #349, #8026, #8424, #3313, #6610, #1144, #5597, #4808, #8257, #5160, #1175, #1463, #3650, #7031, #699, #5107, #10749, #6171, #9662 ) ) ;
#11080 = VERTEX_POINT ( 'NONE', #7470 ) ;
#11081 = FACE_OUTER_BOUND ( 'NONE', #2257, .T. ) ;
#11082 = EDGE_CURVE ( 'NONE', #5616, #4456, #72, .T. ) ;
#11083 = DIRECTION ( 'NONE',  ( 1.000000000000000000, 0.000000000000000000, 0.000000000000000000 ) ) ;
#11084 = EDGE_CURVE ( 'NONE', #515, #7066, #11032, .T. ) ;
#11085 = DIRECTION ( 'NONE',  ( 1.000000000000000000, 0.000000000000000000, 0.000000000000000000 ) ) ;
#11086 = AXIS2_PLACEMENT_3D ( 'NONE', #992, #4474, #5153 ) ;
#11087 = CARTESIAN_POINT ( 'NONE',  ( 59.85528075391609804, -283.5774130950072731, -38.31499467836546557 ) ) ;
#11088 = CARTESIAN_POINT ( 'NONE',  ( 20.18088215633500226, -289.9034704378889273, -24.51798626738895592 ) ) ;
#11089 = DIRECTION ( 'NONE',  ( 0.000000000000000000, 0.000000000000000000, -1.000000000000000000 ) ) ;
#11090 = ADVANCED_FACE ( 'NONE', ( #3181 ), #4874, .F. ) ;
#11091 = ORIENTED_EDGE ( 'NONE', *, *, #7313, .T. ) ;
#11092 = ORIENTED_EDGE ( 'NONE', *, *, #4491, .F. ) ;
#11093 = EDGE_LOOP ( 'NONE', ( #10521, #9415 ) ) ;
#11094 = AXIS2_PLACEMENT_3D ( 'NONE', #1311, #4750, #464 ) ;
#11095 = EDGE_CURVE ( 'NONE', #2476, #10167, #9062, .T. ) ;
#11096 = CARTESIAN_POINT ( 'NONE',  ( 17.05998806255957234, -240.2843701154079952, -38.46979983404118286 ) ) ;
#11097 = EDGE_CURVE ( 'NONE', #2351, #1712, #4034, .T. ) ;
#11098 = LINE ( 'NONE', #3386, #3637 ) ;
#11099 = EDGE_CURVE ( 'NONE', #5969, #9133, #3111, .T. ) ;
#11100 = CARTESIAN_POINT ( 'NONE',  ( 15.89881070070245350, -288.7727396987511952, -40.28279687874397297 ) ) ;
#11101 = DIRECTION ( 'NONE',  ( -0.7071067811865480168, -1.752335333352429876E-16, -0.7071067811865470176 ) ) ;
#11102 = CARTESIAN_POINT ( 'NONE',  ( 32.63088215633499800, -265.8950313402290249, -23.81798626738900282 ) ) ;
#11103 = CARTESIAN_POINT ( 'NONE',  ( 20.90588215633500369, -220.8820313402289912, -33.11798626738899998 ) ) ;
#11104 = CARTESIAN_POINT ( 'NONE',  ( 32.63088215633499800, -217.4520313402290128, -26.81798626738900282 ) ) ;
#11105 = CIRCLE ( 'NONE', #8411, 8.000000000000007105 ) ;
#11106 = FACE_OUTER_BOUND ( 'NONE', #4344, .T. ) ;
#11107 = VERTEX_POINT ( 'NONE', #4082 ) ;
#11108 = ORIENTED_EDGE ( 'NONE', *, *, #5169, .T. ) ;
#11109 = ORIENTED_EDGE ( 'NONE', *, *, #9112, .F. ) ;
#11110 = DIRECTION ( 'NONE',  ( 0.5773502691896250649, 0.5773502691896260641, -0.5773502691896260641 ) ) ;
#11111 = CARTESIAN_POINT ( 'NONE',  ( 15.86708701005397693, -237.3378700849030736, -40.09898383826907775 ) ) ;
#11113 = ADVANCED_FACE ( 'NONE', ( #7415 ), #1495, .F. ) ;
#11112 = VECTOR ( 'NONE', #2907, 1000.000000000000000 ) ;
#11114 = PLANE ( 'NONE',  #7580 ) ;
#11115 = CARTESIAN_POINT ( 'NONE',  ( 15.97307165390085615, -289.2925501632211081, -39.49812971339128609 ) ) ;
#11116 = CARTESIAN_POINT ( 'NONE',  ( 16.04987672361975370, -292.2681832676418026, -39.86986030984318319 ) ) ;
#11117 = DIRECTION ( 'NONE',  ( 0.000000000000000000, -1.000000000000000000, 0.000000000000000000 ) ) ;
#11118 = DIRECTION ( 'NONE',  ( -1.000000000000000000, 0.000000000000000000, 0.000000000000000000 ) ) ;
#11119 = VECTOR ( 'NONE', #2395, 1000.000000000000114 ) ;
#11120 = CIRCLE ( 'NONE', #10041, 3.000000000000002665 ) ;
#11121 = ORIENTED_EDGE ( 'NONE', *, *, #9723, .F. ) ;
#11122 = VERTEX_POINT ( 'NONE', #10847 ) ;
#11123 = FACE_OUTER_BOUND ( 'NONE', #7633, .T. ) ;
#11124 = CYLINDRICAL_SURFACE ( 'NONE', #652, 8.000000000000007105 ) ;
#11125 = CYLINDRICAL_SURFACE ( 'NONE', #908, 3.000000000000002665 ) ;
#11126 = LINE ( 'NONE', #46, #2768 ) ;
#11127 = DIRECTION ( 'NONE',  ( -0.000000000000000000, -0.000000000000000000, 1.000000000000000000 ) ) ;
#11128 = CARTESIAN_POINT ( 'NONE',  ( 20.11588215633501520, -237.2108035506304873, -43.11798626738900708 ) ) ;
#11129 = AXIS2_PLACEMENT_3D ( 'NONE', #220, #10003, #10903 ) ;
#11130 = LINE ( 'NONE', #6976, #2753 ) ;
#11131 = AXIS2_PLACEMENT_3D ( 'NONE', #7842, #6763, #7782 ) ;
#11132 = CARTESIAN_POINT ( 'NONE',  ( 44.93088215633500226, -252.2140313402290133, -24.31798626738900282 ) ) ;
#11133 = CARTESIAN_POINT ( 'NONE',  ( 28.90588215633500013, -240.9235313402290046, -33.11798626738899998 ) ) ;
#11134 = ORIENTED_EDGE ( 'NONE', *, *, #8084, .F. ) ;
#11135 = EDGE_LOOP ( 'NONE', ( #351, #9679, #9678 ) ) ;
#11136 = ORIENTED_EDGE ( 'NONE', *, *, #2633, .T. ) ;
#11137 = AXIS2_PLACEMENT_3D ( 'NONE', #31, #2553, #3459 ) ;
#11138 = DIRECTION ( 'NONE',  ( 1.000000000000000000, 0.000000000000000000, 0.000000000000000000 ) ) ;
#11139 = NEXT_ASSEMBLY_USAGE_OCCURRENCE ( 'NAUO1', ' ', ' ', #4210, #5378, $ ) ;
#11140 = NEXT_ASSEMBLY_USAGE_OCCURRENCE ( 'NAUO2', ' ', ' ', #4210, #9375, $ ) ;
ENDSEC;
END-ISO-10303-21;
